crop_id,crop_file_sha256,crop_pixel_sha256,landmark_id,pass_number,operator,segment_id,sequence_index,x_px,y_px,local_stroke_width_px,source_feature,operator_note,timestamp_utc
AOG_P07_SPHERICAL_PROJECTION,ef8b7d652edea5227166e54ca1bf6e81a4c02afd0d78c9d793e615a2db6906f6,afb1df2172f081fa426f2f86c56912079116f6441ba64df367861d00375fddc4,AOG-LM-P07-GC-Y0,1,Salah-Eddin Gherbi,S01,0,1096.71157507,436.747397612,2,printed curve labelled y=0 (x-axis),dashed back-hemisphere run; regular dash gaps treated as line style; started near the top left node and stopped before the great circle between top-right node and lower-left node or stopped before the curve between the upper interior crossing node and the UCLL node,2026-07-31T20:01:00Z
AOG_P07_SPHERICAL_PROJECTION,ef8b7d652edea5227166e54ca1bf6e81a4c02afd0d78c9d793e615a2db6906f6,afb1df2172f081fa426f2f86c56912079116f6441ba64df367861d00375fddc4,AOG-LM-P07-GC-Y0,1,Salah-Eddin Gherbi,S01,1,1104.1984757,448.265706264,2,printed curve labelled y=0 (x-axis),dashed back-hemisphere run; regular dash gaps treated as line style; started near the top left node and stopped before the great circle between top-right node and lower-left node or stopped before the curve between the upper interior crossing node and the UCLL node,2026-07-31T20:01:00Z
AOG_P07_SPHERICAL_PROJECTION,ef8b7d652edea5227166e54ca1bf6e81a4c02afd0d78c9d793e615a2db6906f6,afb1df2172f081fa426f2f86c56912079116f6441ba64df367861d00375fddc4,AOG-LM-P07-GC-Y0,1,Salah-Eddin Gherbi,S01,2,1116.29269978,469.286619553,2,printed curve labelled y=0 (x-axis),dashed back-hemisphere run; regular dash gaps treated as line style; started near the top left node and stopped before the great circle between top-right node and lower-left node or stopped before the curve between the upper interior crossing node and the UCLL node,2026-07-31T20:01:00Z
AOG_P07_SPHERICAL_PROJECTION,ef8b7d652edea5227166e54ca1bf6e81a4c02afd0d78c9d793e615a2db6906f6,afb1df2172f081fa426f2f86c56912079116f6441ba64df367861d00375fddc4,AOG-LM-P07-GC-Y0,1,Salah-Eddin Gherbi,S01,3,1122.33981182,479.365139623,2,printed curve labelled y=0 (x-axis),dashed back-hemisphere run; regular dash gaps treated as line style; started near the top left node and stopped before the great circle between top-right node and lower-left node or stopped before the curve between the upper interior crossing node and the UCLL node,2026-07-31T20:01:00Z
AOG_P07_SPHERICAL_PROJECTION,ef8b7d652edea5227166e54ca1bf6e81a4c02afd0d78c9d793e615a2db6906f6,afb1df2172f081fa426f2f86c56912079116f6441ba64df367861d00375fddc4,AOG-LM-P07-GC-Y0,1,Salah-Eddin Gherbi,S01,4,1132.41833189,498.370348898,2,printed curve labelled y=0 (x-axis),dashed back-hemisphere run; regular dash gaps treated as line style; started near the top left node and stopped before the great circle between top-right node and lower-left node or stopped before the curve between the upper interior crossing node and the UCLL node,2026-07-31T20:01:00Z
AOG_P07_SPHERICAL_PROJECTION,ef8b7d652edea5227166e54ca1bf6e81a4c02afd0d78c9d793e615a2db6906f6,afb1df2172f081fa426f2f86c56912079116f6441ba64df367861d00375fddc4,AOG-LM-P07-GC-Y0,1,Salah-Eddin Gherbi,S01,5,1140.48114795,511.904361564,2,printed curve labelled y=0 (x-axis),dashed back-hemisphere run; regular dash gaps treated as line style; started near the top left node and stopped before the great circle between top-right node and lower-left node or stopped before the curve between the upper interior crossing node and the UCLL node,2026-07-31T20:01:00Z
AOG_P07_SPHERICAL_PROJECTION,ef8b7d652edea5227166e54ca1bf6e81a4c02afd0d78c9d793e615a2db6906f6,afb1df2172f081fa426f2f86c56912079116f6441ba64df367861d00375fddc4,AOG-LM-P07-GC-Y0,1,Salah-Eddin Gherbi,S01,6,1149.98375259,526.878162811,2,printed curve labelled y=0 (x-axis),dashed back-hemisphere run; regular dash gaps treated as line style; started near the top left node and stopped before the great circle between top-right node and lower-left node or stopped before the curve between the upper interior crossing node and the UCLL node,2026-07-31T20:01:00Z
AOG_P07_SPHERICAL_PROJECTION,ef8b7d652edea5227166e54ca1bf6e81a4c02afd0d78c9d793e615a2db6906f6,afb1df2172f081fa426f2f86c56912079116f6441ba64df367861d00375fddc4,AOG-LM-P07-GC-Y0,1,Salah-Eddin Gherbi,S01,7,1157.18269549,538.684429178,2,printed curve labelled y=0 (x-axis),dashed back-hemisphere run; regular dash gaps treated as line style; started near the top left node and stopped before the great circle between top-right node and lower-left node or stopped before the curve between the upper interior crossing node and the UCLL node,2026-07-31T20:01:00Z
AOG_P07_SPHERICAL_PROJECTION,ef8b7d652edea5227166e54ca1bf6e81a4c02afd0d78c9d793e615a2db6906f6,afb1df2172f081fa426f2f86c56912079116f6441ba64df367861d00375fddc4,AOG-LM-P07-GC-Y0,1,Salah-Eddin Gherbi,S01,8,1166.1093847,554.234145858,2,printed curve labelled y=0 (x-axis),dashed back-hemisphere run; regular dash gaps treated as line style; started near the top left node and stopped before the great circle between top-right node and lower-left node or stopped before the curve between the upper interior crossing node and the UCLL node,2026-07-31T20:01:00Z
AOG_P07_SPHERICAL_PROJECTION,ef8b7d652edea5227166e54ca1bf6e81a4c02afd0d78c9d793e615a2db6906f6,afb1df2172f081fa426f2f86c56912079116f6441ba64df367861d00375fddc4,AOG-LM-P07-GC-Y0,1,Salah-Eddin Gherbi,S01,9,1173.88424304,565.176539077,2,printed curve labelled y=0 (x-axis),dashed back-hemisphere run; regular dash gaps treated as line style; started near the top left node and stopped before the great circle between top-right node and lower-left node or stopped before the curve between the upper interior crossing node and the UCLL node,2026-07-31T20:01:00Z
AOG_P07_SPHERICAL_PROJECTION,ef8b7d652edea5227166e54ca1bf6e81a4c02afd0d78c9d793e615a2db6906f6,afb1df2172f081fa426f2f86c56912079116f6441ba64df367861d00375fddc4,AOG-LM-P07-GC-Y0,1,Salah-Eddin Gherbi,S02,0,1181.75520727,581.071085122,2,printed curve labelled y=0 (x-axis),dashed back-hemisphere run; started beyond the curve between the upper interior crossing node and the UCLL node and stopped before the top spiral curve,2026-07-31T20:04:51Z
AOG_P07_SPHERICAL_PROJECTION,ef8b7d652edea5227166e54ca1bf6e81a4c02afd0d78c9d793e615a2db6906f6,afb1df2172f081fa426f2f86c56912079116f6441ba64df367861d00375fddc4,AOG-LM-P07-GC-Y0,1,Salah-Eddin Gherbi,S02,1,1184.49080557,586.254324015,2,printed curve labelled y=0 (x-axis),dashed back-hemisphere run; started beyond the curve between the upper interior crossing node and the UCLL node and stopped before the top spiral curve,2026-07-31T20:04:51Z
AOG_P07_SPHERICAL_PROJECTION,ef8b7d652edea5227166e54ca1bf6e81a4c02afd0d78c9d793e615a2db6906f6,afb1df2172f081fa426f2f86c56912079116f6441ba64df367861d00375fddc4,AOG-LM-P07-GC-Y0,1,Salah-Eddin Gherbi,S02,2,1188.09027702,592.157457199,2,printed curve labelled y=0 (x-axis),dashed back-hemisphere run; started beyond the curve between the upper interior crossing node and the UCLL node and stopped before the top spiral curve,2026-07-31T20:04:51Z
AOG_P07_SPHERICAL_PROJECTION,ef8b7d652edea5227166e54ca1bf6e81a4c02afd0d78c9d793e615a2db6906f6,afb1df2172f081fa426f2f86c56912079116f6441ba64df367861d00375fddc4,AOG-LM-P07-GC-Y0,1,Salah-Eddin Gherbi,S02,3,1193.84943135,601.228125262,2,printed curve labelled y=0 (x-axis),dashed back-hemisphere run; started beyond the curve between the upper interior crossing node and the UCLL node and stopped before the top spiral curve,2026-07-31T20:04:51Z
AOG_P07_SPHERICAL_PROJECTION,ef8b7d652edea5227166e54ca1bf6e81a4c02afd0d78c9d793e615a2db6906f6,afb1df2172f081fa426f2f86c56912079116f6441ba64df367861d00375fddc4,AOG-LM-P07-GC-Y0,1,Salah-Eddin Gherbi,S02,4,1196.87298737,607.707173879,2,printed curve labelled y=0 (x-axis),dashed back-hemisphere run; started beyond the curve between the upper interior crossing node and the UCLL node and stopped before the top spiral curve,2026-07-31T20:04:51Z
AOG_P07_SPHERICAL_PROJECTION,ef8b7d652edea5227166e54ca1bf6e81a4c02afd0d78c9d793e615a2db6906f6,afb1df2172f081fa426f2f86c56912079116f6441ba64df367861d00375fddc4,AOG-LM-P07-GC-Y0,1,Salah-Eddin Gherbi,S03,0,1210.64224186,633.20142303,2,printed curve labelled y=0 (x-axis),last dashed back-hemisphere run; segment between two spiral curves,2026-07-31T20:07:04Z
AOG_P07_SPHERICAL_PROJECTION,ef8b7d652edea5227166e54ca1bf6e81a4c02afd0d78c9d793e615a2db6906f6,afb1df2172f081fa426f2f86c56912079116f6441ba64df367861d00375fddc4,AOG-LM-P07-GC-Y0,1,Salah-Eddin Gherbi,S03,1,1213.58726396,637.346268947,2,printed curve labelled y=0 (x-axis),last dashed back-hemisphere run; segment between two spiral curves,2026-07-31T20:07:04Z
AOG_P07_SPHERICAL_PROJECTION,ef8b7d652edea5227166e54ca1bf6e81a4c02afd0d78c9d793e615a2db6906f6,afb1df2172f081fa426f2f86c56912079116f6441ba64df367861d00375fddc4,AOG-LM-P07-GC-Y0,1,Salah-Eddin Gherbi,S03,2,1215.98691159,639.418691905,2,printed curve labelled y=0 (x-axis),last dashed back-hemisphere run; segment between two spiral curves,2026-07-31T20:07:04Z
AOG_P07_SPHERICAL_PROJECTION,ef8b7d652edea5227166e54ca1bf6e81a4c02afd0d78c9d793e615a2db6906f6,afb1df2172f081fa426f2f86c56912079116f6441ba64df367861d00375fddc4,AOG-LM-P07-GC-Y0,1,Salah-Eddin Gherbi,S03,3,1219.47730815,645.417810994,2,printed curve labelled y=0 (x-axis),last dashed back-hemisphere run; segment between two spiral curves,2026-07-31T20:07:04Z
AOG_P07_SPHERICAL_PROJECTION,ef8b7d652edea5227166e54ca1bf6e81a4c02afd0d78c9d793e615a2db6906f6,afb1df2172f081fa426f2f86c56912079116f6441ba64df367861d00375fddc4,AOG-LM-P07-GC-Y0,1,Salah-Eddin Gherbi,S03,4,1222.31325536,648.908207555,2,printed curve labelled y=0 (x-axis),last dashed back-hemisphere run; segment between two spiral curves,2026-07-31T20:07:04Z
AOG_P07_SPHERICAL_PROJECTION,ef8b7d652edea5227166e54ca1bf6e81a4c02afd0d78c9d793e615a2db6906f6,afb1df2172f081fa426f2f86c56912079116f6441ba64df367861d00375fddc4,AOG-LM-P07-GC-Y0,1,Salah-Eddin Gherbi,S03,5,1224.16752853,652.834903686,2,printed curve labelled y=0 (x-axis),last dashed back-hemisphere run; segment between two spiral curves,2026-07-31T20:07:04Z
AOG_P07_SPHERICAL_PROJECTION,ef8b7d652edea5227166e54ca1bf6e81a4c02afd0d78c9d793e615a2db6906f6,afb1df2172f081fa426f2f86c56912079116f6441ba64df367861d00375fddc4,AOG-LM-P07-GC-Y0,1,Salah-Eddin Gherbi,S03,6,1228.9668238,661.779044874,2,printed curve labelled y=0 (x-axis),last dashed back-hemisphere run; segment between two spiral curves,2026-07-31T20:07:04Z
AOG_P07_SPHERICAL_PROJECTION,ef8b7d652edea5227166e54ca1bf6e81a4c02afd0d78c9d793e615a2db6906f6,afb1df2172f081fa426f2f86c56912079116f6441ba64df367861d00375fddc4,AOG-LM-P07-GC-Y0,1,Salah-Eddin Gherbi,S03,7,1231.14832165,664.069617617,2,printed curve labelled y=0 (x-axis),last dashed back-hemisphere run; segment between two spiral curves,2026-07-31T20:07:04Z
AOG_P07_SPHERICAL_PROJECTION,ef8b7d652edea5227166e54ca1bf6e81a4c02afd0d78c9d793e615a2db6906f6,afb1df2172f081fa426f2f86c56912079116f6441ba64df367861d00375fddc4,AOG-LM-P07-GC-Y0,1,Salah-Eddin Gherbi,S04,0,1257.6256519,710.473654558,2,printed curve labelled y=0 (x-axis),solid front-side run started near the central node; stopped before spiral occlusion,2026-07-31T20:08:45Z
AOG_P07_SPHERICAL_PROJECTION,ef8b7d652edea5227166e54ca1bf6e81a4c02afd0d78c9d793e615a2db6906f6,afb1df2172f081fa426f2f86c56912079116f6441ba64df367861d00375fddc4,AOG-LM-P07-GC-Y0,1,Salah-Eddin Gherbi,S04,1,1259.66753389,713.300875772,2,printed curve labelled y=0 (x-axis),solid front-side run started near the central node; stopped before spiral occlusion,2026-07-31T20:08:45Z
AOG_P07_SPHERICAL_PROJECTION,ef8b7d652edea5227166e54ca1bf6e81a4c02afd0d78c9d793e615a2db6906f6,afb1df2172f081fa426f2f86c56912079116f6441ba64df367861d00375fddc4,AOG-LM-P07-GC-Y0,1,Salah-Eddin Gherbi,S04,2,1261.70941588,716.756368368,2,printed curve labelled y=0 (x-axis),solid front-side run started near the central node; stopped before spiral occlusion,2026-07-31T20:08:45Z
AOG_P07_SPHERICAL_PROJECTION,ef8b7d652edea5227166e54ca1bf6e81a4c02afd0d78c9d793e615a2db6906f6,afb1df2172f081fa426f2f86c56912079116f6441ba64df367861d00375fddc4,AOG-LM-P07-GC-Y0,1,Salah-Eddin Gherbi,S04,3,1264.45810317,721.075734112,2,printed curve labelled y=0 (x-axis),solid front-side run started near the central node; stopped before spiral occlusion,2026-07-31T20:08:45Z
AOG_P07_SPHERICAL_PROJECTION,ef8b7d652edea5227166e54ca1bf6e81a4c02afd0d78c9d793e615a2db6906f6,afb1df2172f081fa426f2f86c56912079116f6441ba64df367861d00375fddc4,AOG-LM-P07-GC-Y0,1,Salah-Eddin Gherbi,S04,4,1266.49998516,725.944837315,2,printed curve labelled y=0 (x-axis),solid front-side run started near the central node; stopped before spiral occlusion,2026-07-31T20:08:45Z
AOG_P07_SPHERICAL_PROJECTION,ef8b7d652edea5227166e54ca1bf6e81a4c02afd0d78c9d793e615a2db6906f6,afb1df2172f081fa426f2f86c56912079116f6441ba64df367861d00375fddc4,AOG-LM-P07-GC-Y0,1,Salah-Eddin Gherbi,S04,5,1269.32720637,730.342736982,2,printed curve labelled y=0 (x-axis),solid front-side run started near the central node; stopped before spiral occlusion,2026-07-31T20:08:45Z
AOG_P07_SPHERICAL_PROJECTION,ef8b7d652edea5227166e54ca1bf6e81a4c02afd0d78c9d793e615a2db6906f6,afb1df2172f081fa426f2f86c56912079116f6441ba64df367861d00375fddc4,AOG-LM-P07-GC-Y0,1,Salah-Eddin Gherbi,S04,6,1271.29055444,733.012890351,2,printed curve labelled y=0 (x-axis),solid front-side run started near the central node; stopped before spiral occlusion,2026-07-31T20:08:45Z
AOG_P07_SPHERICAL_PROJECTION,ef8b7d652edea5227166e54ca1bf6e81a4c02afd0d78c9d793e615a2db6906f6,afb1df2172f081fa426f2f86c56912079116f6441ba64df367861d00375fddc4,AOG-LM-P07-GC-Y0,1,Salah-Eddin Gherbi,S05,0,1280.54723883,749.410947915,2,printed curve labelled y=0 (x-axis),solid front-side run started near the spiral; stopped before great circle projection of x = 1 or stopped before the curve between UCLL and UCLR nodes,2026-07-31T20:11:49Z
AOG_P07_SPHERICAL_PROJECTION,ef8b7d652edea5227166e54ca1bf6e81a4c02afd0d78c9d793e615a2db6906f6,afb1df2172f081fa426f2f86c56912079116f6441ba64df367861d00375fddc4,AOG-LM-P07-GC-Y0,1,Salah-Eddin Gherbi,S05,1,1282.99051642,753.686683702,2,printed curve labelled y=0 (x-axis),solid front-side run started near the spiral; stopped before great circle projection of x = 1 or stopped before the curve between UCLL and UCLR nodes,2026-07-31T20:11:49Z
AOG_P07_SPHERICAL_PROJECTION,ef8b7d652edea5227166e54ca1bf6e81a4c02afd0d78c9d793e615a2db6906f6,afb1df2172f081fa426f2f86c56912079116f6441ba64df367861d00375fddc4,AOG-LM-P07-GC-Y0,1,Salah-Eddin Gherbi,S05,2,1285.28108916,757.198895241,2,printed curve labelled y=0 (x-axis),solid front-side run started near the spiral; stopped before great circle projection of x = 1 or stopped before the curve between UCLL and UCLR nodes,2026-07-31T20:11:49Z
AOG_P07_SPHERICAL_PROJECTION,ef8b7d652edea5227166e54ca1bf6e81a4c02afd0d78c9d793e615a2db6906f6,afb1df2172f081fa426f2f86c56912079116f6441ba64df367861d00375fddc4,AOG-LM-P07-GC-Y0,1,Salah-Eddin Gherbi,S05,3,1287.26625221,760.863811631,2,printed curve labelled y=0 (x-axis),solid front-side run started near the spiral; stopped before great circle projection of x = 1 or stopped before the curve between UCLL and UCLR nodes,2026-07-31T20:11:49Z
AOG_P07_SPHERICAL_PROJECTION,ef8b7d652edea5227166e54ca1bf6e81a4c02afd0d78c9d793e615a2db6906f6,afb1df2172f081fa426f2f86c56912079116f6441ba64df367861d00375fddc4,AOG-LM-P07-GC-Y0,1,Salah-Eddin Gherbi,S05,4,1289.86223465,764.681432869,2,printed curve labelled y=0 (x-axis),solid front-side run started near the spiral; stopped before great circle projection of x = 1 or stopped before the curve between UCLL and UCLR nodes,2026-07-31T20:11:49Z
AOG_P07_SPHERICAL_PROJECTION,ef8b7d652edea5227166e54ca1bf6e81a4c02afd0d78c9d793e615a2db6906f6,afb1df2172f081fa426f2f86c56912079116f6441ba64df367861d00375fddc4,AOG-LM-P07-GC-Y0,1,Salah-Eddin Gherbi,S05,5,1292.76362679,768.804463807,2,printed curve labelled y=0 (x-axis),solid front-side run started near the spiral; stopped before great circle projection of x = 1 or stopped before the curve between UCLL and UCLR nodes,2026-07-31T20:11:49Z
AOG_P07_SPHERICAL_PROJECTION,ef8b7d652edea5227166e54ca1bf6e81a4c02afd0d78c9d793e615a2db6906f6,afb1df2172f081fa426f2f86c56912079116f6441ba64df367861d00375fddc4,AOG-LM-P07-GC-Y0,1,Salah-Eddin Gherbi,S05,6,1294.74878983,773.385609293,2,printed curve labelled y=0 (x-axis),solid front-side run started near the spiral; stopped before great circle projection of x = 1 or stopped before the curve between UCLL and UCLR nodes,2026-07-31T20:11:49Z
AOG_P07_SPHERICAL_PROJECTION,ef8b7d652edea5227166e54ca1bf6e81a4c02afd0d78c9d793e615a2db6906f6,afb1df2172f081fa426f2f86c56912079116f6441ba64df367861d00375fddc4,AOG-LM-P07-GC-Y0,1,Salah-Eddin Gherbi,S05,7,1297.80288682,777.81404993,2,printed curve labelled y=0 (x-axis),solid front-side run started near the spiral; stopped before great circle projection of x = 1 or stopped before the curve between UCLL and UCLR nodes,2026-07-31T20:11:49Z
AOG_P07_SPHERICAL_PROJECTION,ef8b7d652edea5227166e54ca1bf6e81a4c02afd0d78c9d793e615a2db6906f6,afb1df2172f081fa426f2f86c56912079116f6441ba64df367861d00375fddc4,AOG-LM-P07-GC-Y0,1,Salah-Eddin Gherbi,S05,8,1299.78804987,781.17355662,2,printed curve labelled y=0 (x-axis),solid front-side run started near the spiral; stopped before great circle projection of x = 1 or stopped before the curve between UCLL and UCLR nodes,2026-07-31T20:11:49Z
AOG_P07_SPHERICAL_PROJECTION,ef8b7d652edea5227166e54ca1bf6e81a4c02afd0d78c9d793e615a2db6906f6,afb1df2172f081fa426f2f86c56912079116f6441ba64df367861d00375fddc4,AOG-LM-P07-GC-Y0,1,Salah-Eddin Gherbi,S05,9,1302.07862261,785.296587558,2,printed curve labelled y=0 (x-axis),solid front-side run started near the spiral; stopped before great circle projection of x = 1 or stopped before the curve between UCLL and UCLR nodes,2026-07-31T20:11:49Z
AOG_P07_SPHERICAL_PROJECTION,ef8b7d652edea5227166e54ca1bf6e81a4c02afd0d78c9d793e615a2db6906f6,afb1df2172f081fa426f2f86c56912079116f6441ba64df367861d00375fddc4,AOG-LM-P07-GC-Y0,1,Salah-Eddin Gherbi,S05,10,1304.67460505,788.656094248,2,printed curve labelled y=0 (x-axis),solid front-side run started near the spiral; stopped before great circle projection of x = 1 or stopped before the curve between UCLL and UCLR nodes,2026-07-31T20:11:49Z
AOG_P07_SPHERICAL_PROJECTION,ef8b7d652edea5227166e54ca1bf6e81a4c02afd0d78c9d793e615a2db6906f6,afb1df2172f081fa426f2f86c56912079116f6441ba64df367861d00375fddc4,AOG-LM-P07-GC-Y0,1,Salah-Eddin Gherbi,S05,11,1306.50706325,792.015600938,2,printed curve labelled y=0 (x-axis),solid front-side run started near the spiral; stopped before great circle projection of x = 1 or stopped before the curve between UCLL and UCLR nodes,2026-07-31T20:11:49Z
AOG_P07_SPHERICAL_PROJECTION,ef8b7d652edea5227166e54ca1bf6e81a4c02afd0d78c9d793e615a2db6906f6,afb1df2172f081fa426f2f86c56912079116f6441ba64df367861d00375fddc4,AOG-LM-P07-GC-Y0,1,Salah-Eddin Gherbi,S05,12,1309.10304569,797.360270672,2,printed curve labelled y=0 (x-axis),solid front-side run started near the spiral; stopped before great circle projection of x = 1 or stopped before the curve between UCLL and UCLR nodes,2026-07-31T20:11:49Z
AOG_P07_SPHERICAL_PROJECTION,ef8b7d652edea5227166e54ca1bf6e81a4c02afd0d78c9d793e615a2db6906f6,afb1df2172f081fa426f2f86c56912079116f6441ba64df367861d00375fddc4,AOG-LM-P07-GC-Y0,1,Salah-Eddin Gherbi,S05,13,1311.39361843,800.872482212,2,printed curve labelled y=0 (x-axis),solid front-side run started near the spiral; stopped before great circle projection of x = 1 or stopped before the curve between UCLL and UCLR nodes,2026-07-31T20:11:49Z
AOG_P07_SPHERICAL_PROJECTION,ef8b7d652edea5227166e54ca1bf6e81a4c02afd0d78c9d793e615a2db6906f6,afb1df2172f081fa426f2f86c56912079116f6441ba64df367861d00375fddc4,AOG-LM-P07-GC-Y0,1,Salah-Eddin Gherbi,S05,14,1313.37878148,804.8428083,2,printed curve labelled y=0 (x-axis),solid front-side run started near the spiral; stopped before great circle projection of x = 1 or stopped before the curve between UCLL and UCLR nodes,2026-07-31T20:11:49Z
AOG_P07_SPHERICAL_PROJECTION,ef8b7d652edea5227166e54ca1bf6e81a4c02afd0d78c9d793e615a2db6906f6,afb1df2172f081fa426f2f86c56912079116f6441ba64df367861d00375fddc4,AOG-LM-P07-GC-Y0,1,Salah-Eddin Gherbi,S05,15,1316.28017362,809.882068335,2,printed curve labelled y=0 (x-axis),solid front-side run started near the spiral; stopped before great circle projection of x = 1 or stopped before the curve between UCLL and UCLR nodes,2026-07-31T20:11:49Z
AOG_P07_SPHERICAL_PROJECTION,ef8b7d652edea5227166e54ca1bf6e81a4c02afd0d78c9d793e615a2db6906f6,afb1df2172f081fa426f2f86c56912079116f6441ba64df367861d00375fddc4,AOG-LM-P07-GC-Y0,1,Salah-Eddin Gherbi,S05,16,1318.87615606,813.088870176,2,printed curve labelled y=0 (x-axis),solid front-side run started near the spiral; stopped before great circle projection of x = 1 or stopped before the curve between UCLL and UCLR nodes,2026-07-31T20:11:49Z
AOG_P07_SPHERICAL_PROJECTION,ef8b7d652edea5227166e54ca1bf6e81a4c02afd0d78c9d793e615a2db6906f6,afb1df2172f081fa426f2f86c56912079116f6441ba64df367861d00375fddc4,AOG-LM-P07-GC-Y0,1,Salah-Eddin Gherbi,S05,17,1321.01402396,817.059196264,2,printed curve labelled y=0 (x-axis),solid front-side run started near the spiral; stopped before great circle projection of x = 1 or stopped before the curve between UCLL and UCLR nodes,2026-07-31T20:11:49Z
AOG_P07_SPHERICAL_PROJECTION,ef8b7d652edea5227166e54ca1bf6e81a4c02afd0d78c9d793e615a2db6906f6,afb1df2172f081fa426f2f86c56912079116f6441ba64df367861d00375fddc4,AOG-LM-P07-GC-Y0,1,Salah-Eddin Gherbi,S05,18,1322.6937773,820.418702954,2,printed curve labelled y=0 (x-axis),solid front-side run started near the spiral; stopped before great circle projection of x = 1 or stopped before the curve between UCLL and UCLR nodes,2026-07-31T20:11:49Z
AOG_P07_SPHERICAL_PROJECTION,ef8b7d652edea5227166e54ca1bf6e81a4c02afd0d78c9d793e615a2db6906f6,afb1df2172f081fa426f2f86c56912079116f6441ba64df367861d00375fddc4,AOG-LM-P07-GC-Y0,1,Salah-Eddin Gherbi,S05,19,1325.13705489,824.236324193,2,printed curve labelled y=0 (x-axis),solid front-side run started near the spiral; stopped before great circle projection of x = 1 or stopped before the curve between UCLL and UCLR nodes,2026-07-31T20:11:49Z
AOG_P07_SPHERICAL_PROJECTION,ef8b7d652edea5227166e54ca1bf6e81a4c02afd0d78c9d793e615a2db6906f6,afb1df2172f081fa426f2f86c56912079116f6441ba64df367861d00375fddc4,AOG-LM-P07-GC-Y0,1,Salah-Eddin Gherbi,S06,0,1332.21660442,835.861133569,2,printed curve labelled y=0 (x-axis),solid front-side run started near the curve between UCLL and UCLR nodes; stopped before bottom spiral occultation,2026-07-31T20:14:22Z
AOG_P07_SPHERICAL_PROJECTION,ef8b7d652edea5227166e54ca1bf6e81a4c02afd0d78c9d793e615a2db6906f6,afb1df2172f081fa426f2f86c56912079116f6441ba64df367861d00375fddc4,AOG-LM-P07-GC-Y0,1,Salah-Eddin Gherbi,S06,1,1334.81258687,840.79350021,2,printed curve labelled y=0 (x-axis),solid front-side run started near the curve between UCLL and UCLR nodes; stopped before bottom spiral occultation,2026-07-31T20:14:22Z
AOG_P07_SPHERICAL_PROJECTION,ef8b7d652edea5227166e54ca1bf6e81a4c02afd0d78c9d793e615a2db6906f6,afb1df2172f081fa426f2f86c56912079116f6441ba64df367861d00375fddc4,AOG-LM-P07-GC-Y0,1,Salah-Eddin Gherbi,S06,2,1337.14897106,845.985465094,2,printed curve labelled y=0 (x-axis),solid front-side run started near the curve between UCLL and UCLR nodes; stopped before bottom spiral occultation,2026-07-31T20:14:22Z
AOG_P07_SPHERICAL_PROJECTION,ef8b7d652edea5227166e54ca1bf6e81a4c02afd0d78c9d793e615a2db6906f6,afb1df2172f081fa426f2f86c56912079116f6441ba64df367861d00375fddc4,AOG-LM-P07-GC-Y0,1,Salah-Eddin Gherbi,S06,3,1341.56214122,850.139037002,2,printed curve labelled y=0 (x-axis),solid front-side run started near the curve between UCLL and UCLR nodes; stopped before bottom spiral occultation,2026-07-31T20:14:22Z
AOG_P07_SPHERICAL_PROJECTION,ef8b7d652edea5227166e54ca1bf6e81a4c02afd0d78c9d793e615a2db6906f6,afb1df2172f081fa426f2f86c56912079116f6441ba64df367861d00375fddc4,AOG-LM-P07-GC-Y0,1,Salah-Eddin Gherbi,S06,4,1343.89852541,856.888591352,2,printed curve labelled y=0 (x-axis),solid front-side run started near the curve between UCLL and UCLR nodes; stopped before bottom spiral occultation,2026-07-31T20:14:22Z
AOG_P07_SPHERICAL_PROJECTION,ef8b7d652edea5227166e54ca1bf6e81a4c02afd0d78c9d793e615a2db6906f6,afb1df2172f081fa426f2f86c56912079116f6441ba64df367861d00375fddc4,AOG-LM-P07-GC-Y0,1,Salah-Eddin Gherbi,S06,5,1348.57129381,863.118949213,2,printed curve labelled y=0 (x-axis),solid front-side run started near the curve between UCLL and UCLR nodes; stopped before bottom spiral occultation,2026-07-31T20:14:22Z
AOG_P07_SPHERICAL_PROJECTION,ef8b7d652edea5227166e54ca1bf6e81a4c02afd0d78c9d793e615a2db6906f6,afb1df2172f081fa426f2f86c56912079116f6441ba64df367861d00375fddc4,AOG-LM-P07-GC-Y0,1,Salah-Eddin Gherbi,S06,6,1350.12888327,868.051315854,2,printed curve labelled y=0 (x-axis),solid front-side run started near the curve between UCLL and UCLR nodes; stopped before bottom spiral occultation,2026-07-31T20:14:22Z
AOG_P07_SPHERICAL_PROJECTION,ef8b7d652edea5227166e54ca1bf6e81a4c02afd0d78c9d793e615a2db6906f6,afb1df2172f081fa426f2f86c56912079116f6441ba64df367861d00375fddc4,AOG-LM-P07-GC-Y0,1,Salah-Eddin Gherbi,S06,7,1354.28245518,873.502878983,2,printed curve labelled y=0 (x-axis),solid front-side run started near the curve between UCLL and UCLR nodes; stopped before bottom spiral occultation,2026-07-31T20:14:22Z
AOG_P07_SPHERICAL_PROJECTION,ef8b7d652edea5227166e54ca1bf6e81a4c02afd0d78c9d793e615a2db6906f6,afb1df2172f081fa426f2f86c56912079116f6441ba64df367861d00375fddc4,AOG-LM-P07-GC-Y0,1,Salah-Eddin Gherbi,S06,8,1357.13803587,880.252433333,2,printed curve labelled y=0 (x-axis),solid front-side run started near the curve between UCLL and UCLR nodes; stopped before bottom spiral occultation,2026-07-31T20:14:22Z
AOG_P07_SPHERICAL_PROJECTION,ef8b7d652edea5227166e54ca1bf6e81a4c02afd0d78c9d793e615a2db6906f6,afb1df2172f081fa426f2f86c56912079116f6441ba64df367861d00375fddc4,AOG-LM-P07-GC-Y0,1,Salah-Eddin Gherbi,S06,9,1361.03200953,885.184799973,2,printed curve labelled y=0 (x-axis),solid front-side run started near the curve between UCLL and UCLR nodes; stopped before bottom spiral occultation,2026-07-31T20:14:22Z
AOG_P07_SPHERICAL_PROJECTION,ef8b7d652edea5227166e54ca1bf6e81a4c02afd0d78c9d793e615a2db6906f6,afb1df2172f081fa426f2f86c56912079116f6441ba64df367861d00375fddc4,AOG-LM-P07-GC-Y0,1,Salah-Eddin Gherbi,S06,10,1364.40678671,892.193952567,2,printed curve labelled y=0 (x-axis),solid front-side run started near the curve between UCLL and UCLR nodes; stopped before bottom spiral occultation,2026-07-31T20:14:22Z
AOG_P07_SPHERICAL_PROJECTION,ef8b7d652edea5227166e54ca1bf6e81a4c02afd0d78c9d793e615a2db6906f6,afb1df2172f081fa426f2f86c56912079116f6441ba64df367861d00375fddc4,AOG-LM-P07-GC-Y0,1,Salah-Eddin Gherbi,S06,11,1368.56035862,898.943506917,2,printed curve labelled y=0 (x-axis),solid front-side run started near the curve between UCLL and UCLR nodes; stopped before bottom spiral occultation,2026-07-31T20:14:22Z
AOG_P07_SPHERICAL_PROJECTION,ef8b7d652edea5227166e54ca1bf6e81a4c02afd0d78c9d793e615a2db6906f6,afb1df2172f081fa426f2f86c56912079116f6441ba64df367861d00375fddc4,AOG-LM-P07-GC-Y0,1,Salah-Eddin Gherbi,S06,12,1372.45433228,905.433463023,2,printed curve labelled y=0 (x-axis),solid front-side run started near the curve between UCLL and UCLR nodes; stopped before bottom spiral occultation,2026-07-31T20:14:22Z
AOG_P07_SPHERICAL_PROJECTION,ef8b7d652edea5227166e54ca1bf6e81a4c02afd0d78c9d793e615a2db6906f6,afb1df2172f081fa426f2f86c56912079116f6441ba64df367861d00375fddc4,AOG-LM-P07-GC-Y0,1,Salah-Eddin Gherbi,S06,13,1375.56951121,910.365829663,2,printed curve labelled y=0 (x-axis),solid front-side run started near the curve between UCLL and UCLR nodes; stopped before bottom spiral occultation,2026-07-31T20:14:22Z
AOG_P07_SPHERICAL_PROJECTION,ef8b7d652edea5227166e54ca1bf6e81a4c02afd0d78c9d793e615a2db6906f6,afb1df2172f081fa426f2f86c56912079116f6441ba64df367861d00375fddc4,AOG-LM-P07-GC-Y0,1,Salah-Eddin Gherbi,S06,14,1377.90589541,915.557794548,2,printed curve labelled y=0 (x-axis),solid front-side run started near the curve between UCLL and UCLR nodes; stopped before bottom spiral occultation,2026-07-31T20:14:22Z
AOG_P07_SPHERICAL_PROJECTION,ef8b7d652edea5227166e54ca1bf6e81a4c02afd0d78c9d793e615a2db6906f6,afb1df2172f081fa426f2f86c56912079116f6441ba64df367861d00375fddc4,AOG-LM-P07-GC-Y0,1,Salah-Eddin Gherbi,S06,15,1381.79986907,920.749759433,2,printed curve labelled y=0 (x-axis),solid front-side run started near the curve between UCLL and UCLR nodes; stopped before bottom spiral occultation,2026-07-31T20:14:22Z
AOG_P07_SPHERICAL_PROJECTION,ef8b7d652edea5227166e54ca1bf6e81a4c02afd0d78c9d793e615a2db6906f6,afb1df2172f081fa426f2f86c56912079116f6441ba64df367861d00375fddc4,AOG-LM-P07-GC-Y0,1,Salah-Eddin Gherbi,S06,16,1384.915048,926.460920806,2,printed curve labelled y=0 (x-axis),solid front-side run started near the curve between UCLL and UCLR nodes; stopped before bottom spiral occultation,2026-07-31T20:14:22Z
AOG_P07_SPHERICAL_PROJECTION,ef8b7d652edea5227166e54ca1bf6e81a4c02afd0d78c9d793e615a2db6906f6,afb1df2172f081fa426f2f86c56912079116f6441ba64df367861d00375fddc4,AOG-LM-P07-GC-Y0,1,Salah-Eddin Gherbi,S06,17,1388.80902167,931.912483934,2,printed curve labelled y=0 (x-axis),solid front-side run started near the curve between UCLL and UCLR nodes; stopped before bottom spiral occultation,2026-07-31T20:14:22Z
AOG_P07_SPHERICAL_PROJECTION,ef8b7d652edea5227166e54ca1bf6e81a4c02afd0d78c9d793e615a2db6906f6,afb1df2172f081fa426f2f86c56912079116f6441ba64df367861d00375fddc4,AOG-LM-P07-GC-Y0,1,Salah-Eddin Gherbi,S06,18,1392.70299533,939.440833017,2,printed curve labelled y=0 (x-axis),solid front-side run started near the curve between UCLL and UCLR nodes; stopped before bottom spiral occultation,2026-07-31T20:14:22Z
AOG_P07_SPHERICAL_PROJECTION,ef8b7d652edea5227166e54ca1bf6e81a4c02afd0d78c9d793e615a2db6906f6,afb1df2172f081fa426f2f86c56912079116f6441ba64df367861d00375fddc4,AOG-LM-P07-GC-Y0,1,Salah-Eddin Gherbi,S06,19,1396.33737075,945.930789123,2,printed curve labelled y=0 (x-axis),solid front-side run started near the curve between UCLL and UCLR nodes; stopped before bottom spiral occultation,2026-07-31T20:14:22Z
AOG_P07_SPHERICAL_PROJECTION,ef8b7d652edea5227166e54ca1bf6e81a4c02afd0d78c9d793e615a2db6906f6,afb1df2172f081fa426f2f86c56912079116f6441ba64df367861d00375fddc4,AOG-LM-P07-GC-Y0,1,Salah-Eddin Gherbi,S06,20,1399.71214792,951.122754008,2,printed curve labelled y=0 (x-axis),solid front-side run started near the curve between UCLL and UCLR nodes; stopped before bottom spiral occultation,2026-07-31T20:14:22Z
AOG_P07_SPHERICAL_PROJECTION,ef8b7d652edea5227166e54ca1bf6e81a4c02afd0d78c9d793e615a2db6906f6,afb1df2172f081fa426f2f86c56912079116f6441ba64df367861d00375fddc4,AOG-LM-P07-GC-Y0,1,Salah-Eddin Gherbi,S06,21,1403.34652334,958.131906602,2,printed curve labelled y=0 (x-axis),solid front-side run started near the curve between UCLL and UCLR nodes; stopped before bottom spiral occultation,2026-07-31T20:14:22Z
AOG_P07_SPHERICAL_PROJECTION,ef8b7d652edea5227166e54ca1bf6e81a4c02afd0d78c9d793e615a2db6906f6,afb1df2172f081fa426f2f86c56912079116f6441ba64df367861d00375fddc4,AOG-LM-P07-GC-Y0,1,Salah-Eddin Gherbi,S06,22,1405.16371105,960.4682908,2,printed curve labelled y=0 (x-axis),solid front-side run started near the curve between UCLL and UCLR nodes; stopped before bottom spiral occultation,2026-07-31T20:14:22Z
AOG_P07_SPHERICAL_PROJECTION,ef8b7d652edea5227166e54ca1bf6e81a4c02afd0d78c9d793e615a2db6906f6,afb1df2172f081fa426f2f86c56912079116f6441ba64df367861d00375fddc4,AOG-LM-P07-GC-Y1,1,Salah-Eddin Gherbi,S01,0,1096.2462943,408.968902061,4,printed curve labelled y=1,solid front-side run started near higher (top) left node; stopped before upper interior crossing node,2026-07-31T20:28:24Z
AOG_P07_SPHERICAL_PROJECTION,ef8b7d652edea5227166e54ca1bf6e81a4c02afd0d78c9d793e615a2db6906f6,afb1df2172f081fa426f2f86c56912079116f6441ba64df367861d00375fddc4,AOG-LM-P07-GC-Y1,1,Salah-Eddin Gherbi,S01,1,1100.48712612,411.63905543,4,printed curve labelled y=1,solid front-side run started near higher (top) left node; stopped before upper interior crossing node,2026-07-31T20:28:24Z
AOG_P07_SPHERICAL_PROJECTION,ef8b7d652edea5227166e54ca1bf6e81a4c02afd0d78c9d793e615a2db6906f6,afb1df2172f081fa426f2f86c56912079116f6441ba64df367861d00375fddc4,AOG-LM-P07-GC-Y1,1,Salah-Eddin Gherbi,S01,2,1104.41382226,413.366801728,4,printed curve labelled y=1,solid front-side run started near higher (top) left node; stopped before upper interior crossing node,2026-07-31T20:28:24Z
AOG_P07_SPHERICAL_PROJECTION,ef8b7d652edea5227166e54ca1bf6e81a4c02afd0d78c9d793e615a2db6906f6,afb1df2172f081fa426f2f86c56912079116f6441ba64df367861d00375fddc4,AOG-LM-P07-GC-Y1,1,Salah-Eddin Gherbi,S01,3,1108.49758623,415.565751561,4,printed curve labelled y=1,solid front-side run started near higher (top) left node; stopped before upper interior crossing node,2026-07-31T20:28:24Z
AOG_P07_SPHERICAL_PROJECTION,ef8b7d652edea5227166e54ca1bf6e81a4c02afd0d78c9d793e615a2db6906f6,afb1df2172f081fa426f2f86c56912079116f6441ba64df367861d00375fddc4,AOG-LM-P07-GC-Y1,1,Salah-Eddin Gherbi,S01,4,1111.79601098,417.92176924,4,printed curve labelled y=1,solid front-side run started near higher (top) left node; stopped before upper interior crossing node,2026-07-31T20:28:24Z
AOG_P07_SPHERICAL_PROJECTION,ef8b7d652edea5227166e54ca1bf6e81a4c02afd0d78c9d793e615a2db6906f6,afb1df2172f081fa426f2f86c56912079116f6441ba64df367861d00375fddc4,AOG-LM-P07-GC-Y1,1,Salah-Eddin Gherbi,S01,5,1114.93736789,419.963651228,4,printed curve labelled y=1,solid front-side run started near higher (top) left node; stopped before upper interior crossing node,2026-07-31T20:28:24Z
AOG_P07_SPHERICAL_PROJECTION,ef8b7d652edea5227166e54ca1bf6e81a4c02afd0d78c9d793e615a2db6906f6,afb1df2172f081fa426f2f86c56912079116f6441ba64df367861d00375fddc4,AOG-LM-P07-GC-Y1,1,Salah-Eddin Gherbi,S01,6,1119.33526755,422.319668907,4,printed curve labelled y=1,solid front-side run started near higher (top) left node; stopped before upper interior crossing node,2026-07-31T20:28:24Z
AOG_P07_SPHERICAL_PROJECTION,ef8b7d652edea5227166e54ca1bf6e81a4c02afd0d78c9d793e615a2db6906f6,afb1df2172f081fa426f2f86c56912079116f6441ba64df367861d00375fddc4,AOG-LM-P07-GC-Y1,1,Salah-Eddin Gherbi,S01,7,1122.79076015,424.675686586,4,printed curve labelled y=1,solid front-side run started near higher (top) left node; stopped before upper interior crossing node,2026-07-31T20:28:24Z
AOG_P07_SPHERICAL_PROJECTION,ef8b7d652edea5227166e54ca1bf6e81a4c02afd0d78c9d793e615a2db6906f6,afb1df2172f081fa426f2f86c56912079116f6441ba64df367861d00375fddc4,AOG-LM-P07-GC-Y1,1,Salah-Eddin Gherbi,S01,8,1126.56038844,426.717568574,4,printed curve labelled y=1,solid front-side run started near higher (top) left node; stopped before upper interior crossing node,2026-07-31T20:28:24Z
AOG_P07_SPHERICAL_PROJECTION,ef8b7d652edea5227166e54ca1bf6e81a4c02afd0d78c9d793e615a2db6906f6,afb1df2172f081fa426f2f86c56912079116f6441ba64df367861d00375fddc4,AOG-LM-P07-GC-Y1,1,Salah-Eddin Gherbi,S01,9,1130.80122026,428.916518408,4,printed curve labelled y=1,solid front-side run started near higher (top) left node; stopped before upper interior crossing node,2026-07-31T20:28:24Z
AOG_P07_SPHERICAL_PROJECTION,ef8b7d652edea5227166e54ca1bf6e81a4c02afd0d78c9d793e615a2db6906f6,afb1df2172f081fa426f2f86c56912079116f6441ba64df367861d00375fddc4,AOG-LM-P07-GC-Y1,1,Salah-Eddin Gherbi,S01,10,1134.57084854,430.958400396,4,printed curve labelled y=1,solid front-side run started near higher (top) left node; stopped before upper interior crossing node,2026-07-31T20:28:24Z
AOG_P07_SPHERICAL_PROJECTION,ef8b7d652edea5227166e54ca1bf6e81a4c02afd0d78c9d793e615a2db6906f6,afb1df2172f081fa426f2f86c56912079116f6441ba64df367861d00375fddc4,AOG-LM-P07-GC-Y1,1,Salah-Eddin Gherbi,S01,11,1138.65461252,433.000282384,4,printed curve labelled y=1,solid front-side run started near higher (top) left node; stopped before upper interior crossing node,2026-07-31T20:28:24Z
AOG_P07_SPHERICAL_PROJECTION,ef8b7d652edea5227166e54ca1bf6e81a4c02afd0d78c9d793e615a2db6906f6,afb1df2172f081fa426f2f86c56912079116f6441ba64df367861d00375fddc4,AOG-LM-P07-GC-Y1,1,Salah-Eddin Gherbi,S01,12,1143.36664788,435.356300063,4,printed curve labelled y=1,solid front-side run started near higher (top) left node; stopped before upper interior crossing node,2026-07-31T20:28:24Z
AOG_P07_SPHERICAL_PROJECTION,ef8b7d652edea5227166e54ca1bf6e81a4c02afd0d78c9d793e615a2db6906f6,afb1df2172f081fa426f2f86c56912079116f6441ba64df367861d00375fddc4,AOG-LM-P07-GC-Y1,1,Salah-Eddin Gherbi,S01,13,1147.6074797,437.869385587,4,printed curve labelled y=1,solid front-side run started near higher (top) left node; stopped before upper interior crossing node,2026-07-31T20:28:24Z
AOG_P07_SPHERICAL_PROJECTION,ef8b7d652edea5227166e54ca1bf6e81a4c02afd0d78c9d793e615a2db6906f6,afb1df2172f081fa426f2f86c56912079116f6441ba64df367861d00375fddc4,AOG-LM-P07-GC-Y1,1,Salah-Eddin Gherbi,S01,14,1151.37710799,440.225403265,4,printed curve labelled y=1,solid front-side run started near higher (top) left node; stopped before upper interior crossing node,2026-07-31T20:28:24Z
AOG_P07_SPHERICAL_PROJECTION,ef8b7d652edea5227166e54ca1bf6e81a4c02afd0d78c9d793e615a2db6906f6,afb1df2172f081fa426f2f86c56912079116f6441ba64df367861d00375fddc4,AOG-LM-P07-GC-Y1,1,Salah-Eddin Gherbi,S01,15,1155.77500765,442.738488789,4,printed curve labelled y=1,solid front-side run started near higher (top) left node; stopped before upper interior crossing node,2026-07-31T20:28:24Z
AOG_P07_SPHERICAL_PROJECTION,ef8b7d652edea5227166e54ca1bf6e81a4c02afd0d78c9d793e615a2db6906f6,afb1df2172f081fa426f2f86c56912079116f6441ba64df367861d00375fddc4,AOG-LM-P07-GC-Y1,1,Salah-Eddin Gherbi,S01,16,1159.85877163,444.780370778,4,printed curve labelled y=1,solid front-side run started near higher (top) left node; stopped before upper interior crossing node,2026-07-31T20:28:24Z
AOG_P07_SPHERICAL_PROJECTION,ef8b7d652edea5227166e54ca1bf6e81a4c02afd0d78c9d793e615a2db6906f6,afb1df2172f081fa426f2f86c56912079116f6441ba64df367861d00375fddc4,AOG-LM-P07-GC-Y1,1,Salah-Eddin Gherbi,S01,17,1163.00012853,446.979320611,4,printed curve labelled y=1,solid front-side run started near higher (top) left node; stopped before upper interior crossing node,2026-07-31T20:28:24Z
AOG_P07_SPHERICAL_PROJECTION,ef8b7d652edea5227166e54ca1bf6e81a4c02afd0d78c9d793e615a2db6906f6,afb1df2172f081fa426f2f86c56912079116f6441ba64df367861d00375fddc4,AOG-LM-P07-GC-Y1,1,Salah-Eddin Gherbi,S01,18,1166.92682467,448.864134754,4,printed curve labelled y=1,solid front-side run started near higher (top) left node; stopped before upper interior crossing node,2026-07-31T20:28:24Z
AOG_P07_SPHERICAL_PROJECTION,ef8b7d652edea5227166e54ca1bf6e81a4c02afd0d78c9d793e615a2db6906f6,afb1df2172f081fa426f2f86c56912079116f6441ba64df367861d00375fddc4,AOG-LM-P07-GC-Y1,1,Salah-Eddin Gherbi,S01,19,1171.16765649,451.220152433,4,printed curve labelled y=1,solid front-side run started near higher (top) left node; stopped before upper interior crossing node,2026-07-31T20:28:24Z
AOG_P07_SPHERICAL_PROJECTION,ef8b7d652edea5227166e54ca1bf6e81a4c02afd0d78c9d793e615a2db6906f6,afb1df2172f081fa426f2f86c56912079116f6441ba64df367861d00375fddc4,AOG-LM-P07-GC-Y1,1,Salah-Eddin Gherbi,S01,20,1174.78021693,453.576170112,4,printed curve labelled y=1,solid front-side run started near higher (top) left node; stopped before upper interior crossing node,2026-07-31T20:28:24Z
AOG_P07_SPHERICAL_PROJECTION,ef8b7d652edea5227166e54ca1bf6e81a4c02afd0d78c9d793e615a2db6906f6,afb1df2172f081fa426f2f86c56912079116f6441ba64df367861d00375fddc4,AOG-LM-P07-GC-Y1,1,Salah-Eddin Gherbi,S01,21,1178.8639809,456.089255636,4,printed curve labelled y=1,solid front-side run started near higher (top) left node; stopped before upper interior crossing node,2026-07-31T20:28:24Z
AOG_P07_SPHERICAL_PROJECTION,ef8b7d652edea5227166e54ca1bf6e81a4c02afd0d78c9d793e615a2db6906f6,afb1df2172f081fa426f2f86c56912079116f6441ba64df367861d00375fddc4,AOG-LM-P07-GC-Y1,1,Salah-Eddin Gherbi,S01,22,1182.94774488,458.759409005,4,printed curve labelled y=1,solid front-side run started near higher (top) left node; stopped before upper interior crossing node,2026-07-31T20:28:24Z
AOG_P07_SPHERICAL_PROJECTION,ef8b7d652edea5227166e54ca1bf6e81a4c02afd0d78c9d793e615a2db6906f6,afb1df2172f081fa426f2f86c56912079116f6441ba64df367861d00375fddc4,AOG-LM-P07-GC-Y1,1,Salah-Eddin Gherbi,S01,23,1187.1885767,460.958358838,4,printed curve labelled y=1,solid front-side run started near higher (top) left node; stopped before upper interior crossing node,2026-07-31T20:28:24Z
AOG_P07_SPHERICAL_PROJECTION,ef8b7d652edea5227166e54ca1bf6e81a4c02afd0d78c9d793e615a2db6906f6,afb1df2172f081fa426f2f86c56912079116f6441ba64df367861d00375fddc4,AOG-LM-P07-GC-Y1,1,Salah-Eddin Gherbi,S01,24,1191.74354421,463.314376517,4,printed curve labelled y=1,solid front-side run started near higher (top) left node; stopped before upper interior crossing node,2026-07-31T20:28:24Z
AOG_P07_SPHERICAL_PROJECTION,ef8b7d652edea5227166e54ca1bf6e81a4c02afd0d78c9d793e615a2db6906f6,afb1df2172f081fa426f2f86c56912079116f6441ba64df367861d00375fddc4,AOG-LM-P07-GC-Y1,1,Salah-Eddin Gherbi,S01,25,1195.19903681,465.827462041,4,printed curve labelled y=1,solid front-side run started near higher (top) left node; stopped before upper interior crossing node,2026-07-31T20:28:24Z
AOG_P07_SPHERICAL_PROJECTION,ef8b7d652edea5227166e54ca1bf6e81a4c02afd0d78c9d793e615a2db6906f6,afb1df2172f081fa426f2f86c56912079116f6441ba64df367861d00375fddc4,AOG-LM-P07-GC-Y1,1,Salah-Eddin Gherbi,S01,26,1198.9686651,468.654683255,4,printed curve labelled y=1,solid front-side run started near higher (top) left node; stopped before upper interior crossing node,2026-07-31T20:28:24Z
AOG_P07_SPHERICAL_PROJECTION,ef8b7d652edea5227166e54ca1bf6e81a4c02afd0d78c9d793e615a2db6906f6,afb1df2172f081fa426f2f86c56912079116f6441ba64df367861d00375fddc4,AOG-LM-P07-GC-Y1,1,Salah-Eddin Gherbi,S01,27,1202.73829338,470.853633089,4,printed curve labelled y=1,solid front-side run started near higher (top) left node; stopped before upper interior crossing node,2026-07-31T20:28:24Z
AOG_P07_SPHERICAL_PROJECTION,ef8b7d652edea5227166e54ca1bf6e81a4c02afd0d78c9d793e615a2db6906f6,afb1df2172f081fa426f2f86c56912079116f6441ba64df367861d00375fddc4,AOG-LM-P07-GC-Y1,1,Salah-Eddin Gherbi,S01,28,1206.9791252,473.209650768,4,printed curve labelled y=1,solid front-side run started near higher (top) left node; stopped before upper interior crossing node,2026-07-31T20:28:24Z
AOG_P07_SPHERICAL_PROJECTION,ef8b7d652edea5227166e54ca1bf6e81a4c02afd0d78c9d793e615a2db6906f6,afb1df2172f081fa426f2f86c56912079116f6441ba64df367861d00375fddc4,AOG-LM-P07-GC-Y1,1,Salah-Eddin Gherbi,S01,29,1210.27754995,475.408600601,4,printed curve labelled y=1,solid front-side run started near higher (top) left node; stopped before upper interior crossing node,2026-07-31T20:28:24Z
AOG_P07_SPHERICAL_PROJECTION,ef8b7d652edea5227166e54ca1bf6e81a4c02afd0d78c9d793e615a2db6906f6,afb1df2172f081fa426f2f86c56912079116f6441ba64df367861d00375fddc4,AOG-LM-P07-GC-Y1,1,Salah-Eddin Gherbi,S01,30,1213.41890686,477.607550435,4,printed curve labelled y=1,solid front-side run started near higher (top) left node; stopped before upper interior crossing node,2026-07-31T20:28:24Z
AOG_P07_SPHERICAL_PROJECTION,ef8b7d652edea5227166e54ca1bf6e81a4c02afd0d78c9d793e615a2db6906f6,afb1df2172f081fa426f2f86c56912079116f6441ba64df367861d00375fddc4,AOG-LM-P07-GC-Y1,1,Salah-Eddin Gherbi,S01,31,1217.0314673,479.806500268,4,printed curve labelled y=1,solid front-side run started near higher (top) left node; stopped before upper interior crossing node,2026-07-31T20:28:24Z
AOG_P07_SPHERICAL_PROJECTION,ef8b7d652edea5227166e54ca1bf6e81a4c02afd0d78c9d793e615a2db6906f6,afb1df2172f081fa426f2f86c56912079116f6441ba64df367861d00375fddc4,AOG-LM-P07-GC-Y1,1,Salah-Eddin Gherbi,S01,32,1219.54455282,482.005450102,4,printed curve labelled y=1,solid front-side run started near higher (top) left node; stopped before upper interior crossing node,2026-07-31T20:28:24Z
AOG_P07_SPHERICAL_PROJECTION,ef8b7d652edea5227166e54ca1bf6e81a4c02afd0d78c9d793e615a2db6906f6,afb1df2172f081fa426f2f86c56912079116f6441ba64df367861d00375fddc4,AOG-LM-P07-GC-Y1,1,Salah-Eddin Gherbi,S01,33,1223.31418111,483.733196399,4,printed curve labelled y=1,solid front-side run started near higher (top) left node; stopped before upper interior crossing node,2026-07-31T20:28:24Z
AOG_P07_SPHERICAL_PROJECTION,ef8b7d652edea5227166e54ca1bf6e81a4c02afd0d78c9d793e615a2db6906f6,afb1df2172f081fa426f2f86c56912079116f6441ba64df367861d00375fddc4,AOG-LM-P07-GC-Y1,1,Salah-Eddin Gherbi,S01,34,1226.61260586,485.932146233,4,printed curve labelled y=1,solid front-side run started near higher (top) left node; stopped before upper interior crossing node,2026-07-31T20:28:24Z
AOG_P07_SPHERICAL_PROJECTION,ef8b7d652edea5227166e54ca1bf6e81a4c02afd0d78c9d793e615a2db6906f6,afb1df2172f081fa426f2f86c56912079116f6441ba64df367861d00375fddc4,AOG-LM-P07-GC-Y1,1,Salah-Eddin Gherbi,S01,35,1229.43982707,487.031621149,4,printed curve labelled y=1,solid front-side run started near higher (top) left node; stopped before upper interior crossing node,2026-07-31T20:28:24Z
AOG_P07_SPHERICAL_PROJECTION,ef8b7d652edea5227166e54ca1bf6e81a4c02afd0d78c9d793e615a2db6906f6,afb1df2172f081fa426f2f86c56912079116f6441ba64df367861d00375fddc4,AOG-LM-P07-GC-Y1,1,Salah-Eddin Gherbi,S02,0,1257.43802127,509.929298854,4,printed curve labelled y=1,solid front-side run started near upper interior crossing node; stopped before the y-axis node,2026-07-31T20:30:55Z
AOG_P07_SPHERICAL_PROJECTION,ef8b7d652edea5227166e54ca1bf6e81a4c02afd0d78c9d793e615a2db6906f6,afb1df2172f081fa426f2f86c56912079116f6441ba64df367861d00375fddc4,AOG-LM-P07-GC-Y1,1,Salah-Eddin Gherbi,S02,1,1260.82806893,513.561492776,4,printed curve labelled y=1,solid front-side run started near upper interior crossing node; stopped before the y-axis node,2026-07-31T20:30:55Z
AOG_P07_SPHERICAL_PROJECTION,ef8b7d652edea5227166e54ca1bf6e81a4c02afd0d78c9d793e615a2db6906f6,afb1df2172f081fa426f2f86c56912079116f6441ba64df367861d00375fddc4,AOG-LM-P07-GC-Y1,1,Salah-Eddin Gherbi,S02,2,1263.49167781,515.98295539,4,printed curve labelled y=1,solid front-side run started near upper interior crossing node; stopped before the y-axis node,2026-07-31T20:30:55Z
AOG_P07_SPHERICAL_PROJECTION,ef8b7d652edea5227166e54ca1bf6e81a4c02afd0d78c9d793e615a2db6906f6,afb1df2172f081fa426f2f86c56912079116f6441ba64df367861d00375fddc4,AOG-LM-P07-GC-Y1,1,Salah-Eddin Gherbi,S02,3,1267.12387173,519.615149311,4,printed curve labelled y=1,solid front-side run started near upper interior crossing node; stopped before the y-axis node,2026-07-31T20:30:55Z
AOG_P07_SPHERICAL_PROJECTION,ef8b7d652edea5227166e54ca1bf6e81a4c02afd0d78c9d793e615a2db6906f6,afb1df2172f081fa426f2f86c56912079116f6441ba64df367861d00375fddc4,AOG-LM-P07-GC-Y1,1,Salah-Eddin Gherbi,S02,4,1270.99821191,523.005196971,4,printed curve labelled y=1,solid front-side run started near upper interior crossing node; stopped before the y-axis node,2026-07-31T20:30:55Z
AOG_P07_SPHERICAL_PROJECTION,ef8b7d652edea5227166e54ca1bf6e81a4c02afd0d78c9d793e615a2db6906f6,afb1df2172f081fa426f2f86c56912079116f6441ba64df367861d00375fddc4,AOG-LM-P07-GC-Y1,1,Salah-Eddin Gherbi,S02,5,1274.38825957,526.637390893,4,printed curve labelled y=1,solid front-side run started near upper interior crossing node; stopped before the y-axis node,2026-07-31T20:30:55Z
AOG_P07_SPHERICAL_PROJECTION,ef8b7d652edea5227166e54ca1bf6e81a4c02afd0d78c9d793e615a2db6906f6,afb1df2172f081fa426f2f86c56912079116f6441ba64df367861d00375fddc4,AOG-LM-P07-GC-Y1,1,Salah-Eddin Gherbi,S02,6,1278.50474602,530.269584814,4,printed curve labelled y=1,solid front-side run started near upper interior crossing node; stopped before the y-axis node,2026-07-31T20:30:55Z
AOG_P07_SPHERICAL_PROJECTION,ef8b7d652edea5227166e54ca1bf6e81a4c02afd0d78c9d793e615a2db6906f6,afb1df2172f081fa426f2f86c56912079116f6441ba64df367861d00375fddc4,AOG-LM-P07-GC-Y1,1,Salah-Eddin Gherbi,S02,7,1281.41050115,533.417486213,4,printed curve labelled y=1,solid front-side run started near upper interior crossing node; stopped before the y-axis node,2026-07-31T20:30:55Z
AOG_P07_SPHERICAL_PROJECTION,ef8b7d652edea5227166e54ca1bf6e81a4c02afd0d78c9d793e615a2db6906f6,afb1df2172f081fa426f2f86c56912079116f6441ba64df367861d00375fddc4,AOG-LM-P07-GC-Y1,1,Salah-Eddin Gherbi,S02,8,1284.31625629,536.807533873,4,printed curve labelled y=1,solid front-side run started near upper interior crossing node; stopped before the y-axis node,2026-07-31T20:30:55Z
AOG_P07_SPHERICAL_PROJECTION,ef8b7d652edea5227166e54ca1bf6e81a4c02afd0d78c9d793e615a2db6906f6,afb1df2172f081fa426f2f86c56912079116f6441ba64df367861d00375fddc4,AOG-LM-P07-GC-Y1,1,Salah-Eddin Gherbi,S02,9,1288.43274274,540.439727794,4,printed curve labelled y=1,solid front-side run started near upper interior crossing node; stopped before the y-axis node,2026-07-31T20:30:55Z
AOG_P07_SPHERICAL_PROJECTION,ef8b7d652edea5227166e54ca1bf6e81a4c02afd0d78c9d793e615a2db6906f6,afb1df2172f081fa426f2f86c56912079116f6441ba64df367861d00375fddc4,AOG-LM-P07-GC-Y1,1,Salah-Eddin Gherbi,S02,10,1291.8227904,544.314067977,4,printed curve labelled y=1,solid front-side run started near upper interior crossing node; stopped before the y-axis node,2026-07-31T20:30:55Z
AOG_P07_SPHERICAL_PROJECTION,ef8b7d652edea5227166e54ca1bf6e81a4c02afd0d78c9d793e615a2db6906f6,afb1df2172f081fa426f2f86c56912079116f6441ba64df367861d00375fddc4,AOG-LM-P07-GC-Y1,1,Salah-Eddin Gherbi,S02,11,1295.21283806,549.156993205,4,printed curve labelled y=1,solid front-side run started near upper interior crossing node; stopped before the y-axis node,2026-07-31T20:30:55Z
AOG_P07_SPHERICAL_PROJECTION,ef8b7d652edea5227166e54ca1bf6e81a4c02afd0d78c9d793e615a2db6906f6,afb1df2172f081fa426f2f86c56912079116f6441ba64df367861d00375fddc4,AOG-LM-P07-GC-Y1,1,Salah-Eddin Gherbi,S02,12,1299.3293245,552.304894604,4,printed curve labelled y=1,solid front-side run started near upper interior crossing node; stopped before the y-axis node,2026-07-31T20:30:55Z
AOG_P07_SPHERICAL_PROJECTION,ef8b7d652edea5227166e54ca1bf6e81a4c02afd0d78c9d793e615a2db6906f6,afb1df2172f081fa426f2f86c56912079116f6441ba64df367861d00375fddc4,AOG-LM-P07-GC-Y1,1,Salah-Eddin Gherbi,S02,13,1303.68795721,557.874258617,4,printed curve labelled y=1,solid front-side run started near upper interior crossing node; stopped before the y-axis node,2026-07-31T20:30:55Z
AOG_P07_SPHERICAL_PROJECTION,ef8b7d652edea5227166e54ca1bf6e81a4c02afd0d78c9d793e615a2db6906f6,afb1df2172f081fa426f2f86c56912079116f6441ba64df367861d00375fddc4,AOG-LM-P07-GC-Y1,1,Salah-Eddin Gherbi,S02,14,1306.8358586,561.506452538,4,printed curve labelled y=1,solid front-side run started near upper interior crossing node; stopped before the y-axis node,2026-07-31T20:30:55Z
AOG_P07_SPHERICAL_PROJECTION,ef8b7d652edea5227166e54ca1bf6e81a4c02afd0d78c9d793e615a2db6906f6,afb1df2172f081fa426f2f86c56912079116f6441ba64df367861d00375fddc4,AOG-LM-P07-GC-Y1,1,Salah-Eddin Gherbi,S02,15,1310.95234505,566.107231505,4,printed curve labelled y=1,solid front-side run started near upper interior crossing node; stopped before the y-axis node,2026-07-31T20:30:55Z
AOG_P07_SPHERICAL_PROJECTION,ef8b7d652edea5227166e54ca1bf6e81a4c02afd0d78c9d793e615a2db6906f6,afb1df2172f081fa426f2f86c56912079116f6441ba64df367861d00375fddc4,AOG-LM-P07-GC-Y1,1,Salah-Eddin Gherbi,S02,16,1314.58453897,570.708010472,4,printed curve labelled y=1,solid front-side run started near upper interior crossing node; stopped before the y-axis node,2026-07-31T20:30:55Z
AOG_P07_SPHERICAL_PROJECTION,ef8b7d652edea5227166e54ca1bf6e81a4c02afd0d78c9d793e615a2db6906f6,afb1df2172f081fa426f2f86c56912079116f6441ba64df367861d00375fddc4,AOG-LM-P07-GC-Y1,1,Salah-Eddin Gherbi,S02,17,1318.45887915,575.793081962,4,printed curve labelled y=1,solid front-side run started near upper interior crossing node; stopped before the y-axis node,2026-07-31T20:30:55Z
AOG_P07_SPHERICAL_PROJECTION,ef8b7d652edea5227166e54ca1bf6e81a4c02afd0d78c9d793e615a2db6906f6,afb1df2172f081fa426f2f86c56912079116f6441ba64df367861d00375fddc4,AOG-LM-P07-GC-Y1,1,Salah-Eddin Gherbi,S02,18,1322.33321934,580.636007191,4,printed curve labelled y=1,solid front-side run started near upper interior crossing node; stopped before the y-axis node,2026-07-31T20:30:55Z
AOG_P07_SPHERICAL_PROJECTION,ef8b7d652edea5227166e54ca1bf6e81a4c02afd0d78c9d793e615a2db6906f6,afb1df2172f081fa426f2f86c56912079116f6441ba64df367861d00375fddc4,AOG-LM-P07-GC-Y1,1,Salah-Eddin Gherbi,S02,19,1325.48112073,584.994639896,4,printed curve labelled y=1,solid front-side run started near upper interior crossing node; stopped before the y-axis node,2026-07-31T20:30:55Z
AOG_P07_SPHERICAL_PROJECTION,ef8b7d652edea5227166e54ca1bf6e81a4c02afd0d78c9d793e615a2db6906f6,afb1df2172f081fa426f2f86c56912079116f6441ba64df367861d00375fddc4,AOG-LM-P07-GC-Y1,1,Salah-Eddin Gherbi,S02,20,1329.35546092,589.353272602,4,printed curve labelled y=1,solid front-side run started near upper interior crossing node; stopped before the y-axis node,2026-07-31T20:30:55Z
AOG_P07_SPHERICAL_PROJECTION,ef8b7d652edea5227166e54ca1bf6e81a4c02afd0d78c9d793e615a2db6906f6,afb1df2172f081fa426f2f86c56912079116f6441ba64df367861d00375fddc4,AOG-LM-P07-GC-Y1,1,Salah-Eddin Gherbi,S02,21,1332.98765484,594.922636615,4,printed curve labelled y=1,solid front-side run started near upper interior crossing node; stopped before the y-axis node,2026-07-31T20:30:55Z
AOG_P07_SPHERICAL_PROJECTION,ef8b7d652edea5227166e54ca1bf6e81a4c02afd0d78c9d793e615a2db6906f6,afb1df2172f081fa426f2f86c56912079116f6441ba64df367861d00375fddc4,AOG-LM-P07-GC-Y1,1,Salah-Eddin Gherbi,S02,22,1336.13555624,599.765561843,4,printed curve labelled y=1,solid front-side run started near upper interior crossing node; stopped before the y-axis node,2026-07-31T20:30:55Z
AOG_P07_SPHERICAL_PROJECTION,ef8b7d652edea5227166e54ca1bf6e81a4c02afd0d78c9d793e615a2db6906f6,afb1df2172f081fa426f2f86c56912079116f6441ba64df367861d00375fddc4,AOG-LM-P07-GC-Y1,1,Salah-Eddin Gherbi,S02,23,1339.5256039,604.608487072,4,printed curve labelled y=1,solid front-side run started near upper interior crossing node; stopped before the y-axis node,2026-07-31T20:30:55Z
AOG_P07_SPHERICAL_PROJECTION,ef8b7d652edea5227166e54ca1bf6e81a4c02afd0d78c9d793e615a2db6906f6,afb1df2172f081fa426f2f86c56912079116f6441ba64df367861d00375fddc4,AOG-LM-P07-GC-Y1,1,Salah-Eddin Gherbi,S02,24,1342.91565156,610.419997346,4,printed curve labelled y=1,solid front-side run started near upper interior crossing node; stopped before the y-axis node,2026-07-31T20:30:55Z
AOG_P07_SPHERICAL_PROJECTION,ef8b7d652edea5227166e54ca1bf6e81a4c02afd0d78c9d793e615a2db6906f6,afb1df2172f081fa426f2f86c56912079116f6441ba64df367861d00375fddc4,AOG-LM-P07-GC-Y1,1,Salah-Eddin Gherbi,S02,25,1346.30569922,615.020776313,4,printed curve labelled y=1,solid front-side run started near upper interior crossing node; stopped before the y-axis node,2026-07-31T20:30:55Z
AOG_P07_SPHERICAL_PROJECTION,ef8b7d652edea5227166e54ca1bf6e81a4c02afd0d78c9d793e615a2db6906f6,afb1df2172f081fa426f2f86c56912079116f6441ba64df367861d00375fddc4,AOG-LM-P07-GC-Y1,1,Salah-Eddin Gherbi,S02,26,1349.21145435,619.62155528,4,printed curve labelled y=1,solid front-side run started near upper interior crossing node; stopped before the y-axis node,2026-07-31T20:30:55Z
AOG_P07_SPHERICAL_PROJECTION,ef8b7d652edea5227166e54ca1bf6e81a4c02afd0d78c9d793e615a2db6906f6,afb1df2172f081fa426f2f86c56912079116f6441ba64df367861d00375fddc4,AOG-LM-P07-GC-Y1,1,Salah-Eddin Gherbi,S02,27,1351.87506323,624.222334247,4,printed curve labelled y=1,solid front-side run started near upper interior crossing node; stopped before the y-axis node,2026-07-31T20:30:55Z
AOG_P07_SPHERICAL_PROJECTION,ef8b7d652edea5227166e54ca1bf6e81a4c02afd0d78c9d793e615a2db6906f6,afb1df2172f081fa426f2f86c56912079116f6441ba64df367861d00375fddc4,AOG-LM-P07-GC-Y1,1,Salah-Eddin Gherbi,S03,0,1363.48336957,645.04130628,4,printed curve labelled y=1,"solid front-side run started near the y-axis node; stopped before the label r = 1, θ = 1 MONTH",2026-07-31T20:34:34Z
AOG_P07_SPHERICAL_PROJECTION,ef8b7d652edea5227166e54ca1bf6e81a4c02afd0d78c9d793e615a2db6906f6,afb1df2172f081fa426f2f86c56912079116f6441ba64df367861d00375fddc4,AOG-LM-P07-GC-Y1,1,Salah-Eddin Gherbi,S03,1,1366.72943838,650.45142095,4,printed curve labelled y=1,"solid front-side run started near the y-axis node; stopped before the label r = 1, θ = 1 MONTH",2026-07-31T20:34:34Z
AOG_P07_SPHERICAL_PROJECTION,ef8b7d652edea5227166e54ca1bf6e81a4c02afd0d78c9d793e615a2db6906f6,afb1df2172f081fa426f2f86c56912079116f6441ba64df367861d00375fddc4,AOG-LM-P07-GC-Y1,1,Salah-Eddin Gherbi,S03,2,1369.97550718,654.509006952,4,printed curve labelled y=1,"solid front-side run started near the y-axis node; stopped before the label r = 1, θ = 1 MONTH",2026-07-31T20:34:34Z
AOG_P07_SPHERICAL_PROJECTION,ef8b7d652edea5227166e54ca1bf6e81a4c02afd0d78c9d793e615a2db6906f6,afb1df2172f081fa426f2f86c56912079116f6441ba64df367861d00375fddc4,AOG-LM-P07-GC-Y1,1,Salah-Eddin Gherbi,S03,3,1372.41005878,658.837098688,4,printed curve labelled y=1,"solid front-side run started near the y-axis node; stopped before the label r = 1, θ = 1 MONTH",2026-07-31T20:34:34Z
AOG_P07_SPHERICAL_PROJECTION,ef8b7d652edea5227166e54ca1bf6e81a4c02afd0d78c9d793e615a2db6906f6,afb1df2172f081fa426f2f86c56912079116f6441ba64df367861d00375fddc4,AOG-LM-P07-GC-Y1,1,Salah-Eddin Gherbi,S03,4,1375.11511611,663.435696157,4,printed curve labelled y=1,"solid front-side run started near the y-axis node; stopped before the label r = 1, θ = 1 MONTH",2026-07-31T20:34:34Z
AOG_P07_SPHERICAL_PROJECTION,ef8b7d652edea5227166e54ca1bf6e81a4c02afd0d78c9d793e615a2db6906f6,afb1df2172f081fa426f2f86c56912079116f6441ba64df367861d00375fddc4,AOG-LM-P07-GC-Y1,1,Salah-Eddin Gherbi,S03,5,1377.54966772,669.11631656,4,printed curve labelled y=1,"solid front-side run started near the y-axis node; stopped before the label r = 1, θ = 1 MONTH",2026-07-31T20:34:34Z
AOG_P07_SPHERICAL_PROJECTION,ef8b7d652edea5227166e54ca1bf6e81a4c02afd0d78c9d793e615a2db6906f6,afb1df2172f081fa426f2f86c56912079116f6441ba64df367861d00375fddc4,AOG-LM-P07-GC-Y1,1,Salah-Eddin Gherbi,S03,6,1380.79573652,675.608454164,4,printed curve labelled y=1,"solid front-side run started near the y-axis node; stopped before the label r = 1, θ = 1 MONTH",2026-07-31T20:34:34Z
AOG_P07_SPHERICAL_PROJECTION,ef8b7d652edea5227166e54ca1bf6e81a4c02afd0d78c9d793e615a2db6906f6,afb1df2172f081fa426f2f86c56912079116f6441ba64df367861d00375fddc4,AOG-LM-P07-GC-Y1,1,Salah-Eddin Gherbi,S03,7,1382.68927665,681.830086034,4,printed curve labelled y=1,"solid front-side run started near the y-axis node; stopped before the label r = 1, θ = 1 MONTH",2026-07-31T20:34:34Z
AOG_P07_SPHERICAL_PROJECTION,ef8b7d652edea5227166e54ca1bf6e81a4c02afd0d78c9d793e615a2db6906f6,afb1df2172f081fa426f2f86c56912079116f6441ba64df367861d00375fddc4,AOG-LM-P07-GC-Y1,1,Salah-Eddin Gherbi,S03,8,1385.12382825,686.96969497,4,printed curve labelled y=1,"solid front-side run started near the y-axis node; stopped before the label r = 1, θ = 1 MONTH",2026-07-31T20:34:34Z
AOG_P07_SPHERICAL_PROJECTION,ef8b7d652edea5227166e54ca1bf6e81a4c02afd0d78c9d793e615a2db6906f6,afb1df2172f081fa426f2f86c56912079116f6441ba64df367861d00375fddc4,AOG-LM-P07-GC-Y1,1,Salah-Eddin Gherbi,S03,9,1388.36989706,694.273349774,4,printed curve labelled y=1,"solid front-side run started near the y-axis node; stopped before the label r = 1, θ = 1 MONTH",2026-07-31T20:34:34Z
AOG_P07_SPHERICAL_PROJECTION,ef8b7d652edea5227166e54ca1bf6e81a4c02afd0d78c9d793e615a2db6906f6,afb1df2172f081fa426f2f86c56912079116f6441ba64df367861d00375fddc4,AOG-LM-P07-GC-Y1,1,Salah-Eddin Gherbi,S03,10,1392.42748306,703.470544712,4,printed curve labelled y=1,"solid front-side run started near the y-axis node; stopped before the label r = 1, θ = 1 MONTH",2026-07-31T20:34:34Z
AOG_P07_SPHERICAL_PROJECTION,ef8b7d652edea5227166e54ca1bf6e81a4c02afd0d78c9d793e615a2db6906f6,afb1df2172f081fa426f2f86c56912079116f6441ba64df367861d00375fddc4,AOG-LM-P07-GC-Y1,1,Salah-Eddin Gherbi,S03,11,1395.40304613,711.04470525,4,printed curve labelled y=1,"solid front-side run started near the y-axis node; stopped before the label r = 1, θ = 1 MONTH",2026-07-31T20:34:34Z
AOG_P07_SPHERICAL_PROJECTION,ef8b7d652edea5227166e54ca1bf6e81a4c02afd0d78c9d793e615a2db6906f6,afb1df2172f081fa426f2f86c56912079116f6441ba64df367861d00375fddc4,AOG-LM-P07-GC-Y1,1,Salah-Eddin Gherbi,S03,12,1398.37860919,718.889371521,4,printed curve labelled y=1,"solid front-side run started near the y-axis node; stopped before the label r = 1, θ = 1 MONTH",2026-07-31T20:34:34Z
AOG_P07_SPHERICAL_PROJECTION,ef8b7d652edea5227166e54ca1bf6e81a4c02afd0d78c9d793e615a2db6906f6,afb1df2172f081fa426f2f86c56912079116f6441ba64df367861d00375fddc4,AOG-LM-P07-GC-Y1,1,Salah-Eddin Gherbi,S03,13,1401.35417226,725.922520592,4,printed curve labelled y=1,"solid front-side run started near the y-axis node; stopped before the label r = 1, θ = 1 MONTH",2026-07-31T20:34:34Z
AOG_P07_SPHERICAL_PROJECTION,ef8b7d652edea5227166e54ca1bf6e81a4c02afd0d78c9d793e615a2db6906f6,afb1df2172f081fa426f2f86c56912079116f6441ba64df367861d00375fddc4,AOG-LM-P07-GC-Y1,1,Salah-Eddin Gherbi,S03,14,1403.51821813,733.226175396,4,printed curve labelled y=1,"solid front-side run started near the y-axis node; stopped before the label r = 1, θ = 1 MONTH",2026-07-31T20:34:34Z
AOG_P07_SPHERICAL_PROJECTION,ef8b7d652edea5227166e54ca1bf6e81a4c02afd0d78c9d793e615a2db6906f6,afb1df2172f081fa426f2f86c56912079116f6441ba64df367861d00375fddc4,AOG-LM-P07-GC-Y1,1,Salah-Eddin Gherbi,S03,15,1406.22327547,740.5298302,4,printed curve labelled y=1,"solid front-side run started near the y-axis node; stopped before the label r = 1, θ = 1 MONTH",2026-07-31T20:34:34Z
AOG_P07_SPHERICAL_PROJECTION,ef8b7d652edea5227166e54ca1bf6e81a4c02afd0d78c9d793e615a2db6906f6,afb1df2172f081fa426f2f86c56912079116f6441ba64df367861d00375fddc4,AOG-LM-P07-GC-Y1,1,Salah-Eddin Gherbi,S03,16,1408.1168156,747.021967803,4,printed curve labelled y=1,"solid front-side run started near the y-axis node; stopped before the label r = 1, θ = 1 MONTH",2026-07-31T20:34:34Z
AOG_P07_SPHERICAL_PROJECTION,ef8b7d652edea5227166e54ca1bf6e81a4c02afd0d78c9d793e615a2db6906f6,afb1df2172f081fa426f2f86c56912079116f6441ba64df367861d00375fddc4,AOG-LM-P07-GC-Y1,1,Salah-Eddin Gherbi,S03,17,1410.28086147,753.243599673,4,printed curve labelled y=1,"solid front-side run started near the y-axis node; stopped before the label r = 1, θ = 1 MONTH",2026-07-31T20:34:34Z
AOG_P07_SPHERICAL_PROJECTION,ef8b7d652edea5227166e54ca1bf6e81a4c02afd0d78c9d793e615a2db6906f6,afb1df2172f081fa426f2f86c56912079116f6441ba64df367861d00375fddc4,AOG-LM-P07-GC-Y1,1,Salah-Eddin Gherbi,S03,18,1389.99293146,699.142452977,4,printed curve labelled y=1,"solid front-side run started near the y-axis node; stopped before the label r = 1, θ = 1 MONTH",2026-07-31T20:34:34Z
AOG_P07_SPHERICAL_PROJECTION,ef8b7d652edea5227166e54ca1bf6e81a4c02afd0d78c9d793e615a2db6906f6,afb1df2172f081fa426f2f86c56912079116f6441ba64df367861d00375fddc4,AOG-LM-P07-GC-Y1,1,Salah-Eddin Gherbi,S04,0,1414.94835064,777.391581057,4,printed curve labelled y=1,"solid front-side run started near the label r = 1, θ = 1 MONTH; stopped before UCLR node",2026-07-31T20:36:28Z
AOG_P07_SPHERICAL_PROJECTION,ef8b7d652edea5227166e54ca1bf6e81a4c02afd0d78c9d793e615a2db6906f6,afb1df2172f081fa426f2f86c56912079116f6441ba64df367861d00375fddc4,AOG-LM-P07-GC-Y1,1,Salah-Eddin Gherbi,S04,1,1416.07836653,780.055189932,4,printed curve labelled y=1,"solid front-side run started near the label r = 1, θ = 1 MONTH; stopped before UCLR node",2026-07-31T20:36:28Z
AOG_P07_SPHERICAL_PROJECTION,ef8b7d652edea5227166e54ca1bf6e81a4c02afd0d78c9d793e615a2db6906f6,afb1df2172f081fa426f2f86c56912079116f6441ba64df367861d00375fddc4,AOG-LM-P07-GC-Y1,1,Salah-Eddin Gherbi,S04,2,1416.80480531,782.880229649,4,printed curve labelled y=1,"solid front-side run started near the label r = 1, θ = 1 MONTH; stopped before UCLR node",2026-07-31T20:36:28Z
AOG_P07_SPHERICAL_PROJECTION,ef8b7d652edea5227166e54ca1bf6e81a4c02afd0d78c9d793e615a2db6906f6,afb1df2172f081fa426f2f86c56912079116f6441ba64df367861d00375fddc4,AOG-LM-P07-GC-Y1,1,Salah-Eddin Gherbi,S04,3,1417.69267493,786.593138991,4,printed curve labelled y=1,"solid front-side run started near the label r = 1, θ = 1 MONTH; stopped before UCLR node",2026-07-31T20:36:28Z
AOG_P07_SPHERICAL_PROJECTION,ef8b7d652edea5227166e54ca1bf6e81a4c02afd0d78c9d793e615a2db6906f6,afb1df2172f081fa426f2f86c56912079116f6441ba64df367861d00375fddc4,AOG-LM-P07-GC-Y1,1,Salah-Eddin Gherbi,S05,0,1424.53151799,821.688552853,4,printed curve labelled y=1,solid front-side run started near UCLR node; stopped before LR node,2026-07-31T20:38:48Z
AOG_P07_SPHERICAL_PROJECTION,ef8b7d652edea5227166e54ca1bf6e81a4c02afd0d78c9d793e615a2db6906f6,afb1df2172f081fa426f2f86c56912079116f6441ba64df367861d00375fddc4,AOG-LM-P07-GC-Y1,1,Salah-Eddin Gherbi,S05,1,1426.37924667,827.495700131,4,printed curve labelled y=1,solid front-side run started near UCLR node; stopped before LR node,2026-07-31T20:38:48Z
AOG_P07_SPHERICAL_PROJECTION,ef8b7d652edea5227166e54ca1bf6e81a4c02afd0d78c9d793e615a2db6906f6,afb1df2172f081fa426f2f86c56912079116f6441ba64df367861d00375fddc4,AOG-LM-P07-GC-Y1,1,Salah-Eddin Gherbi,S05,2,1427.43509163,835.150576089,4,printed curve labelled y=1,solid front-side run started near UCLR node; stopped before LR node,2026-07-31T20:38:48Z
AOG_P07_SPHERICAL_PROJECTION,ef8b7d652edea5227166e54ca1bf6e81a4c02afd0d78c9d793e615a2db6906f6,afb1df2172f081fa426f2f86c56912079116f6441ba64df367861d00375fddc4,AOG-LM-P07-GC-Y1,1,Salah-Eddin Gherbi,S05,3,1427.96301411,842.277529568,4,printed curve labelled y=1,solid front-side run started near UCLR node; stopped before LR node,2026-07-31T20:38:48Z
AOG_P07_SPHERICAL_PROJECTION,ef8b7d652edea5227166e54ca1bf6e81a4c02afd0d78c9d793e615a2db6906f6,afb1df2172f081fa426f2f86c56912079116f6441ba64df367861d00375fddc4,AOG-LM-P07-GC-Y1,1,Salah-Eddin Gherbi,S05,4,1429.01885907,848.612599326,4,printed curve labelled y=1,solid front-side run started near UCLR node; stopped before LR node,2026-07-31T20:38:48Z
AOG_P07_SPHERICAL_PROJECTION,ef8b7d652edea5227166e54ca1bf6e81a4c02afd0d78c9d793e615a2db6906f6,afb1df2172f081fa426f2f86c56912079116f6441ba64df367861d00375fddc4,AOG-LM-P07-GC-Y1,1,Salah-Eddin Gherbi,S05,5,1429.54678155,854.683707844,4,printed curve labelled y=1,solid front-side run started near UCLR node; stopped before LR node,2026-07-31T20:38:48Z
AOG_P07_SPHERICAL_PROJECTION,ef8b7d652edea5227166e54ca1bf6e81a4c02afd0d78c9d793e615a2db6906f6,afb1df2172f081fa426f2f86c56912079116f6441ba64df367861d00375fddc4,AOG-LM-P07-GC-Y1,1,Salah-Eddin Gherbi,S05,6,1430.60262651,862.074622562,4,printed curve labelled y=1,solid front-side run started near UCLR node; stopped before LR node,2026-07-31T20:38:48Z
AOG_P07_SPHERICAL_PROJECTION,ef8b7d652edea5227166e54ca1bf6e81a4c02afd0d78c9d793e615a2db6906f6,afb1df2172f081fa426f2f86c56912079116f6441ba64df367861d00375fddc4,AOG-LM-P07-GC-Y1,1,Salah-Eddin Gherbi,S05,7,1431.13054899,869.201576041,4,printed curve labelled y=1,solid front-side run started near UCLR node; stopped before LR node,2026-07-31T20:38:48Z
AOG_P07_SPHERICAL_PROJECTION,ef8b7d652edea5227166e54ca1bf6e81a4c02afd0d78c9d793e615a2db6906f6,afb1df2172f081fa426f2f86c56912079116f6441ba64df367861d00375fddc4,AOG-LM-P07-GC-Y1,1,Salah-Eddin Gherbi,S05,8,1431.65847147,876.592490759,4,printed curve labelled y=1,solid front-side run started near UCLR node; stopped before LR node,2026-07-31T20:38:48Z
AOG_P07_SPHERICAL_PROJECTION,ef8b7d652edea5227166e54ca1bf6e81a4c02afd0d78c9d793e615a2db6906f6,afb1df2172f081fa426f2f86c56912079116f6441ba64df367861d00375fddc4,AOG-LM-P07-GC-Y1,1,Salah-Eddin Gherbi,S05,9,1431.39451023,885.567172916,4,printed curve labelled y=1,solid front-side run started near UCLR node; stopped before LR node,2026-07-31T20:38:48Z
AOG_P07_SPHERICAL_PROJECTION,ef8b7d652edea5227166e54ca1bf6e81a4c02afd0d78c9d793e615a2db6906f6,afb1df2172f081fa426f2f86c56912079116f6441ba64df367861d00375fddc4,AOG-LM-P07-GC-Y1,1,Salah-Eddin Gherbi,S05,10,1430.86658775,893.749971354,4,printed curve labelled y=1,solid front-side run started near UCLR node; stopped before LR node,2026-07-31T20:38:48Z
AOG_P07_SPHERICAL_PROJECTION,ef8b7d652edea5227166e54ca1bf6e81a4c02afd0d78c9d793e615a2db6906f6,afb1df2172f081fa426f2f86c56912079116f6441ba64df367861d00375fddc4,AOG-LM-P07-GC-Y1,1,Salah-Eddin Gherbi,S05,11,1431.13054899,901.932769792,4,printed curve labelled y=1,solid front-side run started near UCLR node; stopped before LR node,2026-07-31T20:38:48Z
AOG_P07_SPHERICAL_PROJECTION,ef8b7d652edea5227166e54ca1bf6e81a4c02afd0d78c9d793e615a2db6906f6,afb1df2172f081fa426f2f86c56912079116f6441ba64df367861d00375fddc4,AOG-LM-P07-GC-Y1,1,Salah-Eddin Gherbi,S05,12,1430.86658775,910.90745195,4,printed curve labelled y=1,solid front-side run started near UCLR node; stopped before LR node,2026-07-31T20:38:48Z
AOG_P07_SPHERICAL_PROJECTION,ef8b7d652edea5227166e54ca1bf6e81a4c02afd0d78c9d793e615a2db6906f6,afb1df2172f081fa426f2f86c56912079116f6441ba64df367861d00375fddc4,AOG-LM-P07-GC-Y1,1,Salah-Eddin Gherbi,S05,13,1430.33866527,921.465901547,4,printed curve labelled y=1,solid front-side run started near UCLR node; stopped before LR node,2026-07-31T20:38:48Z
AOG_P07_SPHERICAL_PROJECTION,ef8b7d652edea5227166e54ca1bf6e81a4c02afd0d78c9d793e615a2db6906f6,afb1df2172f081fa426f2f86c56912079116f6441ba64df367861d00375fddc4,AOG-LM-P07-GC-Y1,1,Salah-Eddin Gherbi,S05,14,1430.86658775,928.064932545,4,printed curve labelled y=1,solid front-side run started near UCLR node; stopped before LR node,2026-07-31T20:38:48Z
AOG_P07_SPHERICAL_PROJECTION,ef8b7d652edea5227166e54ca1bf6e81a4c02afd0d78c9d793e615a2db6906f6,afb1df2172f081fa426f2f86c56912079116f6441ba64df367861d00375fddc4,AOG-LM-P07-GC-Y1,1,Salah-Eddin Gherbi,S05,15,1430.86658775,938.623382143,4,printed curve labelled y=1,solid front-side run started near UCLR node; stopped before LR node,2026-07-31T20:38:48Z
AOG_P07_SPHERICAL_PROJECTION,ef8b7d652edea5227166e54ca1bf6e81a4c02afd0d78c9d793e615a2db6906f6,afb1df2172f081fa426f2f86c56912079116f6441ba64df367861d00375fddc4,AOG-LM-P07-GC-Y1,1,Salah-Eddin Gherbi,S05,16,1430.33866527,946.80618058,4,printed curve labelled y=1,solid front-side run started near UCLR node; stopped before LR node,2026-07-31T20:38:48Z
AOG_P07_SPHERICAL_PROJECTION,ef8b7d652edea5227166e54ca1bf6e81a4c02afd0d78c9d793e615a2db6906f6,afb1df2172f081fa426f2f86c56912079116f6441ba64df367861d00375fddc4,AOG-LM-P07-GC-Y1,1,Salah-Eddin Gherbi,S05,17,1430.60262651,955.780862738,4,printed curve labelled y=1,solid front-side run started near UCLR node; stopped before LR node,2026-07-31T20:38:48Z
AOG_P07_SPHERICAL_PROJECTION,ef8b7d652edea5227166e54ca1bf6e81a4c02afd0d78c9d793e615a2db6906f6,afb1df2172f081fa426f2f86c56912079116f6441ba64df367861d00375fddc4,AOG-LM-P07-GC-Y1,1,Salah-Eddin Gherbi,S05,18,1430.58024434,962.069422962,4,printed curve labelled y=1,solid front-side run started near UCLR node; stopped before LR node,2026-07-31T20:38:48Z
AOG_P07_SPHERICAL_PROJECTION,ef8b7d652edea5227166e54ca1bf6e81a4c02afd0d78c9d793e615a2db6906f6,afb1df2172f081fa426f2f86c56912079116f6441ba64df367861d00375fddc4,AOG-LM-P07-GC-Y1,1,Salah-Eddin Gherbi,S05,19,1430.58024434,966.711650389,4,printed curve labelled y=1,solid front-side run started near UCLR node; stopped before LR node,2026-07-31T20:38:48Z
AOG_P07_SPHERICAL_PROJECTION,ef8b7d652edea5227166e54ca1bf6e81a4c02afd0d78c9d793e615a2db6906f6,afb1df2172f081fa426f2f86c56912079116f6441ba64df367861d00375fddc4,AOG-LM-P07-GC-Y1,1,Salah-Eddin Gherbi,S05,20,1430.33155359,971.768362406,4,printed curve labelled y=1,solid front-side run started near UCLR node; stopped before LR node,2026-07-31T20:38:48Z
AOG_P07_SPHERICAL_PROJECTION,ef8b7d652edea5227166e54ca1bf6e81a4c02afd0d78c9d793e615a2db6906f6,afb1df2172f081fa426f2f86c56912079116f6441ba64df367861d00375fddc4,AOG-LM-P07-GC-Y1,1,Salah-Eddin Gherbi,S05,21,1430.33155359,976.659280588,4,printed curve labelled y=1,solid front-side run started near UCLR node; stopped before LR node,2026-07-31T20:38:48Z
AOG_P07_SPHERICAL_PROJECTION,ef8b7d652edea5227166e54ca1bf6e81a4c02afd0d78c9d793e615a2db6906f6,afb1df2172f081fa426f2f86c56912079116f6441ba64df367861d00375fddc4,AOG-LM-P07-GC-Y1,1,Salah-Eddin Gherbi,S05,22,1430.49734742,979.560672729,4,printed curve labelled y=1,solid front-side run started near UCLR node; stopped before LR node,2026-07-31T20:38:48Z
AOG_P07_SPHERICAL_PROJECTION,ef8b7d652edea5227166e54ca1bf6e81a4c02afd0d78c9d793e615a2db6906f6,afb1df2172f081fa426f2f86c56912079116f6441ba64df367861d00375fddc4,AOG-LM-P07-GC-YAXIS,1,Salah-Eddin Gherbi,S01,0,1137.02022342,762.499171494,2,printed curve labelled y-axis,solid front-side run started near UCLL node; stopped at spiral occlusion,2026-08-01T19:29:13Z
AOG_P07_SPHERICAL_PROJECTION,ef8b7d652edea5227166e54ca1bf6e81a4c02afd0d78c9d793e615a2db6906f6,afb1df2172f081fa426f2f86c56912079116f6441ba64df367861d00375fddc4,AOG-LM-P07-GC-YAXIS,1,Salah-Eddin Gherbi,S01,1,1142.89063414,759.789751164,2,printed curve labelled y-axis,solid front-side run started near UCLL node; stopped at spiral occlusion,2026-08-01T19:29:13Z
AOG_P07_SPHERICAL_PROJECTION,ef8b7d652edea5227166e54ca1bf6e81a4c02afd0d78c9d793e615a2db6906f6,afb1df2172f081fa426f2f86c56912079116f6441ba64df367861d00375fddc4,AOG-LM-P07-GC-YAXIS,1,Salah-Eddin Gherbi,S01,2,1149.06209156,755.725620668,2,printed curve labelled y-axis,solid front-side run started near UCLL node; stopped at spiral occlusion,2026-08-01T19:29:13Z
AOG_P07_SPHERICAL_PROJECTION,ef8b7d652edea5227166e54ca1bf6e81a4c02afd0d78c9d793e615a2db6906f6,afb1df2172f081fa426f2f86c56912079116f6441ba64df367861d00375fddc4,AOG-LM-P07-GC-YAXIS,1,Salah-Eddin Gherbi,S01,3,1154.33040887,752.414106931,2,printed curve labelled y-axis,solid front-side run started near UCLL node; stopped at spiral occlusion,2026-08-01T19:29:13Z
AOG_P07_SPHERICAL_PROJECTION,ef8b7d652edea5227166e54ca1bf6e81a4c02afd0d78c9d793e615a2db6906f6,afb1df2172f081fa426f2f86c56912079116f6441ba64df367861d00375fddc4,AOG-LM-P07-GC-YAXIS,1,Salah-Eddin Gherbi,S01,4,1161.25448305,748.651023138,2,printed curve labelled y-axis,solid front-side run started near UCLL node; stopped at spiral occlusion,2026-08-01T19:29:13Z
AOG_P07_SPHERICAL_PROJECTION,ef8b7d652edea5227166e54ca1bf6e81a4c02afd0d78c9d793e615a2db6906f6,afb1df2172f081fa426f2f86c56912079116f6441ba64df367861d00375fddc4,AOG-LM-P07-GC-YAXIS,1,Salah-Eddin Gherbi,S01,5,1167.87751052,745.490032753,2,printed curve labelled y-axis,solid front-side run started near UCLL node; stopped at spiral occlusion,2026-08-01T19:29:13Z
AOG_P07_SPHERICAL_PROJECTION,ef8b7d652edea5227166e54ca1bf6e81a4c02afd0d78c9d793e615a2db6906f6,afb1df2172f081fa426f2f86c56912079116f6441ba64df367861d00375fddc4,AOG-LM-P07-GC-YAXIS,1,Salah-Eddin Gherbi,S01,6,1174.19949129,741.275378905,2,printed curve labelled y-axis,solid front-side run started near UCLL node; stopped at spiral occlusion,2026-08-01T19:29:13Z
AOG_P07_SPHERICAL_PROJECTION,ef8b7d652edea5227166e54ca1bf6e81a4c02afd0d78c9d793e615a2db6906f6,afb1df2172f081fa426f2f86c56912079116f6441ba64df367861d00375fddc4,AOG-LM-P07-GC-YAXIS,1,Salah-Eddin Gherbi,S01,7,1179.31728525,738.565958575,2,printed curve labelled y-axis,solid front-side run started near UCLL node; stopped at spiral occlusion,2026-08-01T19:29:13Z
AOG_P07_SPHERICAL_PROJECTION,ef8b7d652edea5227166e54ca1bf6e81a4c02afd0d78c9d793e615a2db6906f6,afb1df2172f081fa426f2f86c56912079116f6441ba64df367861d00375fddc4,AOG-LM-P07-GC-YAXIS,1,Salah-Eddin Gherbi,S01,8,1183.5319391,736.458631651,2,printed curve labelled y-axis,solid front-side run started near UCLL node; stopped at spiral occlusion,2026-08-01T19:29:13Z
AOG_P07_SPHERICAL_PROJECTION,ef8b7d652edea5227166e54ca1bf6e81a4c02afd0d78c9d793e615a2db6906f6,afb1df2172f081fa426f2f86c56912079116f6441ba64df367861d00375fddc4,AOG-LM-P07-GC-YAXIS,1,Salah-Eddin Gherbi,S02,0,1206.06817533,722.74226758,2,printed curve labelled y-axis,solid front-side run started near spiral arc; stopped before central node,2026-08-01T19:30:41Z
AOG_P07_SPHERICAL_PROJECTION,ef8b7d652edea5227166e54ca1bf6e81a4c02afd0d78c9d793e615a2db6906f6,afb1df2172f081fa426f2f86c56912079116f6441ba64df367861d00375fddc4,AOG-LM-P07-GC-YAXIS,1,Salah-Eddin Gherbi,S02,1,1210.98745298,719.8801424,2,printed curve labelled y-axis,solid front-side run started near spiral arc; stopped before central node,2026-08-01T19:30:41Z
AOG_P07_SPHERICAL_PROJECTION,ef8b7d652edea5227166e54ca1bf6e81a4c02afd0d78c9d793e615a2db6906f6,afb1df2172f081fa426f2f86c56912079116f6441ba64df367861d00375fddc4,AOG-LM-P07-GC-YAXIS,1,Salah-Eddin Gherbi,S02,2,1216.17505487,717.196900044,2,printed curve labelled y-axis,solid front-side run started near spiral arc; stopped before central node,2026-08-01T19:30:41Z
AOG_P07_SPHERICAL_PROJECTION,ef8b7d652edea5227166e54ca1bf6e81a4c02afd0d78c9d793e615a2db6906f6,afb1df2172f081fa426f2f86c56912079116f6441ba64df367861d00375fddc4,AOG-LM-P07-GC-YAXIS,1,Salah-Eddin Gherbi,S02,3,1220.02103558,714.692540511,2,printed curve labelled y-axis,solid front-side run started near spiral arc; stopped before central node,2026-08-01T19:30:41Z
AOG_P07_SPHERICAL_PROJECTION,ef8b7d652edea5227166e54ca1bf6e81a4c02afd0d78c9d793e615a2db6906f6,afb1df2172f081fa426f2f86c56912079116f6441ba64df367861d00375fddc4,AOG-LM-P07-GC-YAXIS,1,Salah-Eddin Gherbi,S02,4,1223.50925065,712.456505214,2,printed curve labelled y-axis,solid front-side run started near spiral arc; stopped before central node,2026-08-01T19:30:41Z
AOG_P07_SPHERICAL_PROJECTION,ef8b7d652edea5227166e54ca1bf6e81a4c02afd0d78c9d793e615a2db6906f6,afb1df2172f081fa426f2f86c56912079116f6441ba64df367861d00375fddc4,AOG-LM-P07-GC-YAXIS,1,Salah-Eddin Gherbi,S02,5,1228.16020406,710.131028505,2,printed curve labelled y-axis,solid front-side run started near spiral arc; stopped before central node,2026-08-01T19:30:41Z
AOG_P07_SPHERICAL_PROJECTION,ef8b7d652edea5227166e54ca1bf6e81a4c02afd0d78c9d793e615a2db6906f6,afb1df2172f081fa426f2f86c56912079116f6441ba64df367861d00375fddc4,AOG-LM-P07-GC-YAXIS,1,Salah-Eddin Gherbi,S02,6,1232.63227466,707.716110385,2,printed curve labelled y-axis,solid front-side run started near spiral arc; stopped before central node,2026-08-01T19:30:41Z
AOG_P07_SPHERICAL_PROJECTION,ef8b7d652edea5227166e54ca1bf6e81a4c02afd0d78c9d793e615a2db6906f6,afb1df2172f081fa426f2f86c56912079116f6441ba64df367861d00375fddc4,AOG-LM-P07-GC-YAXIS,1,Salah-Eddin Gherbi,S02,7,1235.9416069,705.927282147,2,printed curve labelled y-axis,solid front-side run started near spiral arc; stopped before central node,2026-08-01T19:30:41Z
AOG_P07_SPHERICAL_PROJECTION,ef8b7d652edea5227166e54ca1bf6e81a4c02afd0d78c9d793e615a2db6906f6,afb1df2172f081fa426f2f86c56912079116f6441ba64df367861d00375fddc4,AOG-LM-P07-GC-YAXIS,1,Salah-Eddin Gherbi,S03,0,1264.79393386,688.965721873,2,printed curve labelled y-axis,solid front-side run started near central node; stopped before spiral occlusion,2026-08-01T19:32:13Z
AOG_P07_SPHERICAL_PROJECTION,ef8b7d652edea5227166e54ca1bf6e81a4c02afd0d78c9d793e615a2db6906f6,afb1df2172f081fa426f2f86c56912079116f6441ba64df367861d00375fddc4,AOG-LM-P07-GC-YAXIS,1,Salah-Eddin Gherbi,S03,1,1267.2895674,687.717905103,2,printed curve labelled y-axis,solid front-side run started near central node; stopped before spiral occlusion,2026-08-01T19:32:13Z
AOG_P07_SPHERICAL_PROJECTION,ef8b7d652edea5227166e54ca1bf6e81a4c02afd0d78c9d793e615a2db6906f6,afb1df2172f081fa426f2f86c56912079116f6441ba64df367861d00375fddc4,AOG-LM-P07-GC-YAXIS,1,Salah-Eddin Gherbi,S03,2,1271.03301771,686.374102427,2,printed curve labelled y-axis,solid front-side run started near central node; stopped before spiral occlusion,2026-08-01T19:32:13Z
AOG_P07_SPHERICAL_PROJECTION,ef8b7d652edea5227166e54ca1bf6e81a4c02afd0d78c9d793e615a2db6906f6,afb1df2172f081fa426f2f86c56912079116f6441ba64df367861d00375fddc4,AOG-LM-P07-GC-YAXIS,1,Salah-Eddin Gherbi,S03,3,1273.43266535,684.742342034,2,printed curve labelled y-axis,solid front-side run started near central node; stopped before spiral occlusion,2026-08-01T19:32:13Z
AOG_P07_SPHERICAL_PROJECTION,ef8b7d652edea5227166e54ca1bf6e81a4c02afd0d78c9d793e615a2db6906f6,afb1df2172f081fa426f2f86c56912079116f6441ba64df367861d00375fddc4,AOG-LM-P07-GC-YAXIS,1,Salah-Eddin Gherbi,S03,4,1276.1202707,683.686497075,2,printed curve labelled y-axis,solid front-side run started near central node; stopped before spiral occlusion,2026-08-01T19:32:13Z
AOG_P07_SPHERICAL_PROJECTION,ef8b7d652edea5227166e54ca1bf6e81a4c02afd0d78c9d793e615a2db6906f6,afb1df2172f081fa426f2f86c56912079116f6441ba64df367861d00375fddc4,AOG-LM-P07-GC-YAXIS,1,Salah-Eddin Gherbi,S04,0,1296.11767973,672.094977355,2,printed curve labelled y-axis,solid front-side run started near interior spiral arc; stopped before exterior spiral occlusion,2026-08-01T19:33:50Z
AOG_P07_SPHERICAL_PROJECTION,ef8b7d652edea5227166e54ca1bf6e81a4c02afd0d78c9d793e615a2db6906f6,afb1df2172f081fa426f2f86c56912079116f6441ba64df367861d00375fddc4,AOG-LM-P07-GC-YAXIS,1,Salah-Eddin Gherbi,S04,1,1299.36374854,669.477179935,2,printed curve labelled y-axis,solid front-side run started near interior spiral arc; stopped before exterior spiral occlusion,2026-08-01T19:33:50Z
AOG_P07_SPHERICAL_PROJECTION,ef8b7d652edea5227166e54ca1bf6e81a4c02afd0d78c9d793e615a2db6906f6,afb1df2172f081fa426f2f86c56912079116f6441ba64df367861d00375fddc4,AOG-LM-P07-GC-YAXIS,1,Salah-Eddin Gherbi,S04,2,1302.71452923,667.592365792,2,printed curve labelled y-axis,solid front-side run started near interior spiral arc; stopped before exterior spiral occlusion,2026-08-01T19:33:50Z
AOG_P07_SPHERICAL_PROJECTION,ef8b7d652edea5227166e54ca1bf6e81a4c02afd0d78c9d793e615a2db6906f6,afb1df2172f081fa426f2f86c56912079116f6441ba64df367861d00375fddc4,AOG-LM-P07-GC-YAXIS,1,Salah-Eddin Gherbi,S04,3,1307.42656459,665.079280268,2,printed curve labelled y-axis,solid front-side run started near interior spiral arc; stopped before exterior spiral occlusion,2026-08-01T19:33:50Z
AOG_P07_SPHERICAL_PROJECTION,ef8b7d652edea5227166e54ca1bf6e81a4c02afd0d78c9d793e615a2db6906f6,afb1df2172f081fa426f2f86c56912079116f6441ba64df367861d00375fddc4,AOG-LM-P07-GC-YAXIS,1,Salah-Eddin Gherbi,S04,4,1310.5679215,662.67090664,2,printed curve labelled y-axis,solid front-side run started near interior spiral arc; stopped before exterior spiral occlusion,2026-08-01T19:33:50Z
AOG_P07_SPHERICAL_PROJECTION,ef8b7d652edea5227166e54ca1bf6e81a4c02afd0d78c9d793e615a2db6906f6,afb1df2172f081fa426f2f86c56912079116f6441ba64df367861d00375fddc4,AOG-LM-P07-GC-YAXIS,1,Salah-Eddin Gherbi,S04,5,1314.75639737,659.948397323,2,printed curve labelled y-axis,solid front-side run started near interior spiral arc; stopped before exterior spiral occlusion,2026-08-01T19:33:50Z
AOG_P07_SPHERICAL_PROJECTION,ef8b7d652edea5227166e54ca1bf6e81a4c02afd0d78c9d793e615a2db6906f6,afb1df2172f081fa426f2f86c56912079116f6441ba64df367861d00375fddc4,AOG-LM-P07-GC-YAXIS,1,Salah-Eddin Gherbi,S04,6,1317.79304238,658.06358318,2,printed curve labelled y-axis,solid front-side run started near interior spiral arc; stopped before exterior spiral occlusion,2026-08-01T19:33:50Z
AOG_P07_SPHERICAL_PROJECTION,ef8b7d652edea5227166e54ca1bf6e81a4c02afd0d78c9d793e615a2db6906f6,afb1df2172f081fa426f2f86c56912079116f6441ba64df367861d00375fddc4,AOG-LM-P07-GC-YAXIS,1,Salah-Eddin Gherbi,S04,7,1320.72497549,656.492904727,2,printed curve labelled y-axis,solid front-side run started near interior spiral arc; stopped before exterior spiral occlusion,2026-08-01T19:33:50Z
AOG_P07_SPHERICAL_PROJECTION,ef8b7d652edea5227166e54ca1bf6e81a4c02afd0d78c9d793e615a2db6906f6,afb1df2172f081fa426f2f86c56912079116f6441ba64df367861d00375fddc4,AOG-LM-P07-GC-YAXIS,1,Salah-Eddin Gherbi,S04,8,1324.59931567,654.817514378,2,printed curve labelled y-axis,solid front-side run started near interior spiral arc; stopped before exterior spiral occlusion,2026-08-01T19:33:50Z
AOG_P07_SPHERICAL_PROJECTION,ef8b7d652edea5227166e54ca1bf6e81a4c02afd0d78c9d793e615a2db6906f6,afb1df2172f081fa426f2f86c56912079116f6441ba64df367861d00375fddc4,AOG-LM-P07-GC-YAXIS,1,Salah-Eddin Gherbi,S05,0,1342.9063911,644.294557751,2,printed curve labelled y-axis,solid front-side run started near exterior spiral arc; stopped before y-axis node,2026-08-01T19:35:37Z
AOG_P07_SPHERICAL_PROJECTION,ef8b7d652edea5227166e54ca1bf6e81a4c02afd0d78c9d793e615a2db6906f6,afb1df2172f081fa426f2f86c56912079116f6441ba64df367861d00375fddc4,AOG-LM-P07-GC-YAXIS,1,Salah-Eddin Gherbi,S05,1,1344.32000171,643.528852005,2,printed curve labelled y-axis,solid front-side run started near exterior spiral arc; stopped before y-axis node,2026-08-01T19:35:37Z
AOG_P07_SPHERICAL_PROJECTION,ef8b7d652edea5227166e54ca1bf6e81a4c02afd0d78c9d793e615a2db6906f6,afb1df2172f081fa426f2f86c56912079116f6441ba64df367861d00375fddc4,AOG-LM-P07-GC-YAXIS,1,Salah-Eddin Gherbi,S05,2,1345.96921408,642.822046702,2,printed curve labelled y-axis,solid front-side run started near exterior spiral arc; stopped before y-axis node,2026-08-01T19:35:37Z
AOG_P07_SPHERICAL_PROJECTION,ef8b7d652edea5227166e54ca1bf6e81a4c02afd0d78c9d793e615a2db6906f6,afb1df2172f081fa426f2f86c56912079116f6441ba64df367861d00375fddc4,AOG-LM-P07-GC-YAXIS,1,Salah-Eddin Gherbi,S05,3,1348.3841322,641.58513742,2,printed curve labelled y-axis,solid front-side run started near exterior spiral arc; stopped before y-axis node,2026-08-01T19:35:37Z
AOG_P07_SPHERICAL_PROJECTION,ef8b7d652edea5227166e54ca1bf6e81a4c02afd0d78c9d793e615a2db6906f6,afb1df2172f081fa426f2f86c56912079116f6441ba64df367861d00375fddc4,AOG-LM-P07-GC-YAXIS,1,Salah-Eddin Gherbi,S05,4,1347.02942204,642.17414184,2,printed curve labelled y-axis,solid front-side run started near exterior spiral arc; stopped before y-axis node,2026-08-01T19:35:37Z
AOG_P07_SPHERICAL_PROJECTION,ef8b7d652edea5227166e54ca1bf6e81a4c02afd0d78c9d793e615a2db6906f6,afb1df2172f081fa426f2f86c56912079116f6441ba64df367861d00375fddc4,AOG-LM-P07-GC-YAXIS,1,Salah-Eddin Gherbi,S06,0,1372.67653965,627.264869299,2,printed curve labelled y-axis,solid front-side run started near y-axis node; stopped before outer boundary (equator great circle at horizon),2026-08-01T19:38:39Z
AOG_P07_SPHERICAL_PROJECTION,ef8b7d652edea5227166e54ca1bf6e81a4c02afd0d78c9d793e615a2db6906f6,afb1df2172f081fa426f2f86c56912079116f6441ba64df367861d00375fddc4,AOG-LM-P07-GC-YAXIS,1,Salah-Eddin Gherbi,S06,1,1377.15297324,624.529270995,2,printed curve labelled y-axis,solid front-side run started near y-axis node; stopped before outer boundary (equator great circle at horizon),2026-08-01T19:38:39Z
AOG_P07_SPHERICAL_PROJECTION,ef8b7d652edea5227166e54ca1bf6e81a4c02afd0d78c9d793e615a2db6906f6,afb1df2172f081fa426f2f86c56912079116f6441ba64df367861d00375fddc4,AOG-LM-P07-GC-YAXIS,1,Salah-Eddin Gherbi,S06,2,1381.87809758,622.2910542,2,printed curve labelled y-axis,solid front-side run started near y-axis node; stopped before outer boundary (equator great circle at horizon),2026-08-01T19:38:39Z
AOG_P07_SPHERICAL_PROJECTION,ef8b7d652edea5227166e54ca1bf6e81a4c02afd0d78c9d793e615a2db6906f6,afb1df2172f081fa426f2f86c56912079116f6441ba64df367861d00375fddc4,AOG-LM-P07-GC-YAXIS,1,Salah-Eddin Gherbi,S06,3,1385.1110774,620.052837405,2,printed curve labelled y-axis,solid front-side run started near y-axis node; stopped before outer boundary (equator great circle at horizon),2026-08-01T19:38:39Z
AOG_P07_SPHERICAL_PROJECTION,ef8b7d652edea5227166e54ca1bf6e81a4c02afd0d78c9d793e615a2db6906f6,afb1df2172f081fa426f2f86c56912079116f6441ba64df367861d00375fddc4,AOG-LM-P07-GC-YAXIS,1,Salah-Eddin Gherbi,S06,4,1389.83620174,617.3172391,2,printed curve labelled y-axis,solid front-side run started near y-axis node; stopped before outer boundary (equator great circle at horizon),2026-08-01T19:38:39Z
AOG_P07_SPHERICAL_PROJECTION,ef8b7d652edea5227166e54ca1bf6e81a4c02afd0d78c9d793e615a2db6906f6,afb1df2172f081fa426f2f86c56912079116f6441ba64df367861d00375fddc4,AOG-LM-P07-GC-YAXIS,1,Salah-Eddin Gherbi,S06,5,1393.81525382,615.079022305,2,printed curve labelled y-axis,solid front-side run started near y-axis node; stopped before outer boundary (equator great circle at horizon),2026-08-01T19:38:39Z
AOG_P07_SPHERICAL_PROJECTION,ef8b7d652edea5227166e54ca1bf6e81a4c02afd0d78c9d793e615a2db6906f6,afb1df2172f081fa426f2f86c56912079116f6441ba64df367861d00375fddc4,AOG-LM-P07-GC-YAXIS,1,Salah-Eddin Gherbi,S06,6,1398.04299666,612.840805511,2,printed curve labelled y-axis,solid front-side run started near y-axis node; stopped before outer boundary (equator great circle at horizon),2026-08-01T19:38:39Z
AOG_P07_SPHERICAL_PROJECTION,ef8b7d652edea5227166e54ca1bf6e81a4c02afd0d78c9d793e615a2db6906f6,afb1df2172f081fa426f2f86c56912079116f6441ba64df367861d00375fddc4,AOG-LM-P07-GC-YAXIS,1,Salah-Eddin Gherbi,S06,7,1402.02204874,610.353897961,2,printed curve labelled y-axis,solid front-side run started near y-axis node; stopped before outer boundary (equator great circle at horizon),2026-08-01T19:38:39Z
AOG_P07_SPHERICAL_PROJECTION,ef8b7d652edea5227166e54ca1bf6e81a4c02afd0d78c9d793e615a2db6906f6,afb1df2172f081fa426f2f86c56912079116f6441ba64df367861d00375fddc4,AOG-LM-P07-GC-YAXIS,1,Salah-Eddin Gherbi,S06,8,1406.00110082,607.866990411,2,printed curve labelled y-axis,solid front-side run started near y-axis node; stopped before outer boundary (equator great circle at horizon),2026-08-01T19:38:39Z
AOG_P07_SPHERICAL_PROJECTION,ef8b7d652edea5227166e54ca1bf6e81a4c02afd0d78c9d793e615a2db6906f6,afb1df2172f081fa426f2f86c56912079116f6441ba64df367861d00375fddc4,AOG-LM-P07-GC-YAXIS,1,Salah-Eddin Gherbi,S06,9,1409.9801529,605.877464371,2,printed curve labelled y-axis,solid front-side run started near y-axis node; stopped before outer boundary (equator great circle at horizon),2026-08-01T19:38:39Z
AOG_P07_SPHERICAL_PROJECTION,ef8b7d652edea5227166e54ca1bf6e81a4c02afd0d78c9d793e615a2db6906f6,afb1df2172f081fa426f2f86c56912079116f6441ba64df367861d00375fddc4,AOG-LM-P07-GC-YAXIS,1,Salah-Eddin Gherbi,S06,10,1414.20789573,603.639247577,2,printed curve labelled y-axis,solid front-side run started near y-axis node; stopped before outer boundary (equator great circle at horizon),2026-08-01T19:38:39Z
AOG_P07_SPHERICAL_PROJECTION,ef8b7d652edea5227166e54ca1bf6e81a4c02afd0d78c9d793e615a2db6906f6,afb1df2172f081fa426f2f86c56912079116f6441ba64df367861d00375fddc4,AOG-LM-P07-GC-YAXIS,1,Salah-Eddin Gherbi,S06,11,1417.6895663,601.401030782,2,printed curve labelled y-axis,solid front-side run started near y-axis node; stopped before outer boundary (equator great circle at horizon),2026-08-01T19:38:39Z
AOG_P07_SPHERICAL_PROJECTION,ef8b7d652edea5227166e54ca1bf6e81a4c02afd0d78c9d793e615a2db6906f6,afb1df2172f081fa426f2f86c56912079116f6441ba64df367861d00375fddc4,AOG-LM-P07-GC-YAXIS,1,Salah-Eddin Gherbi,S06,12,1421.41992763,599.411504742,2,printed curve labelled y-axis,solid front-side run started near y-axis node; stopped before outer boundary (equator great circle at horizon),2026-08-01T19:38:39Z
AOG_P07_SPHERICAL_PROJECTION,ef8b7d652edea5227166e54ca1bf6e81a4c02afd0d78c9d793e615a2db6906f6,afb1df2172f081fa426f2f86c56912079116f6441ba64df367861d00375fddc4,AOG-LM-P07-GC-YAXIS,1,Salah-Eddin Gherbi,S06,13,1425.89636121,596.178524927,2,printed curve labelled y-axis,solid front-side run started near y-axis node; stopped before outer boundary (equator great circle at horizon),2026-08-01T19:38:39Z
AOG_P07_SPHERICAL_PROJECTION,ef8b7d652edea5227166e54ca1bf6e81a4c02afd0d78c9d793e615a2db6906f6,afb1df2172f081fa426f2f86c56912079116f6441ba64df367861d00375fddc4,AOG-LM-P07-GC-YAXIS,1,Salah-Eddin Gherbi,S06,14,1433.35708386,592.945545113,2,printed curve labelled y-axis,solid front-side run started near y-axis node; stopped before outer boundary (equator great circle at horizon),2026-08-01T19:38:39Z
AOG_P07_SPHERICAL_PROJECTION,ef8b7d652edea5227166e54ca1bf6e81a4c02afd0d78c9d793e615a2db6906f6,afb1df2172f081fa426f2f86c56912079116f6441ba64df367861d00375fddc4,AOG-LM-P07-GC-YAXIS,1,Salah-Eddin Gherbi,S06,15,1438.33089896,589.215183788,2,printed curve labelled y-axis,solid front-side run started near y-axis node; stopped before outer boundary (equator great circle at horizon),2026-08-01T19:38:39Z
AOG_P07_SPHERICAL_PROJECTION,ef8b7d652edea5227166e54ca1bf6e81a4c02afd0d78c9d793e615a2db6906f6,afb1df2172f081fa426f2f86c56912079116f6441ba64df367861d00375fddc4,AOG-LM-P07-GC-YAXIS,1,Salah-Eddin Gherbi,S06,16,1445.04554935,585.733513218,2,printed curve labelled y-axis,solid front-side run started near y-axis node; stopped before outer boundary (equator great circle at horizon),2026-08-01T19:38:39Z
AOG_P07_SPHERICAL_PROJECTION,ef8b7d652edea5227166e54ca1bf6e81a4c02afd0d78c9d793e615a2db6906f6,afb1df2172f081fa426f2f86c56912079116f6441ba64df367861d00375fddc4,AOG-LM-P07-GC-YAXIS,1,Salah-Eddin Gherbi,S06,17,1451.51150898,581.257079629,2,printed curve labelled y-axis,solid front-side run started near y-axis node; stopped before outer boundary (equator great circle at horizon),2026-08-01T19:38:39Z
AOG_P07_SPHERICAL_PROJECTION,ef8b7d652edea5227166e54ca1bf6e81a4c02afd0d78c9d793e615a2db6906f6,afb1df2172f081fa426f2f86c56912079116f6441ba64df367861d00375fddc4,AOG-LM-P07-GC-YAXIS,1,Salah-Eddin Gherbi,S06,18,1459.22092238,577.278027549,2,printed curve labelled y-axis,solid front-side run started near y-axis node; stopped before outer boundary (equator great circle at horizon),2026-08-01T19:38:39Z
AOG_P07_SPHERICAL_PROJECTION,ef8b7d652edea5227166e54ca1bf6e81a4c02afd0d78c9d793e615a2db6906f6,afb1df2172f081fa426f2f86c56912079116f6441ba64df367861d00375fddc4,AOG-LM-P07-GC-YAXIS,1,Salah-Eddin Gherbi,S06,19,1467.4277173,572.304212449,2,printed curve labelled y-axis,solid front-side run started near y-axis node; stopped before outer boundary (equator great circle at horizon),2026-08-01T19:38:39Z
AOG_P07_SPHERICAL_PROJECTION,ef8b7d652edea5227166e54ca1bf6e81a4c02afd0d78c9d793e615a2db6906f6,afb1df2172f081fa426f2f86c56912079116f6441ba64df367861d00375fddc4,AOG-LM-P07-GC-YAXIS,1,Salah-Eddin Gherbi,S06,20,1474.88843995,568.076469615,2,printed curve labelled y-axis,solid front-side run started near y-axis node; stopped before outer boundary (equator great circle at horizon),2026-08-01T19:38:39Z
AOG_P07_SPHERICAL_PROJECTION,ef8b7d652edea5227166e54ca1bf6e81a4c02afd0d78c9d793e615a2db6906f6,afb1df2172f081fa426f2f86c56912079116f6441ba64df367861d00375fddc4,AOG-LM-P07-GC-YAXIS,1,Salah-Eddin Gherbi,S06,21,1482.8465441,563.84872678,2,printed curve labelled y-axis,solid front-side run started near y-axis node; stopped before outer boundary (equator great circle at horizon),2026-08-01T19:38:39Z
AOG_P07_SPHERICAL_PROJECTION,ef8b7d652edea5227166e54ca1bf6e81a4c02afd0d78c9d793e615a2db6906f6,afb1df2172f081fa426f2f86c56912079116f6441ba64df367861d00375fddc4,AOG-LM-P07-GC-YAXIS,1,Salah-Eddin Gherbi,S06,22,1488.81512222,559.869674701,2,printed curve labelled y-axis,solid front-side run started near y-axis node; stopped before outer boundary (equator great circle at horizon),2026-08-01T19:38:39Z
AOG_P07_SPHERICAL_PROJECTION,ef8b7d652edea5227166e54ca1bf6e81a4c02afd0d78c9d793e615a2db6906f6,afb1df2172f081fa426f2f86c56912079116f6441ba64df367861d00375fddc4,AOG-LM-P07-GC-YAXIS,1,Salah-Eddin Gherbi,S06,23,1496.77322638,554.895859601,2,printed curve labelled y-axis,solid front-side run started near y-axis node; stopped before outer boundary (equator great circle at horizon),2026-08-01T19:38:39Z
AOG_P07_SPHERICAL_PROJECTION,ef8b7d652edea5227166e54ca1bf6e81a4c02afd0d78c9d793e615a2db6906f6,afb1df2172f081fa426f2f86c56912079116f6441ba64df367861d00375fddc4,AOG-LM-P07-GC-YAXIS,1,Salah-Eddin Gherbi,S06,24,1503.48787677,551.165498276,2,printed curve labelled y-axis,solid front-side run started near y-axis node; stopped before outer boundary (equator great circle at horizon),2026-08-01T19:38:39Z
AOG_P07_SPHERICAL_PROJECTION,ef8b7d652edea5227166e54ca1bf6e81a4c02afd0d78c9d793e615a2db6906f6,afb1df2172f081fa426f2f86c56912079116f6441ba64df367861d00375fddc4,AOG-LM-P07-GC-YAXIS,1,Salah-Eddin Gherbi,S06,25,1509.9538364,547.186446197,2,printed curve labelled y-axis,solid front-side run started near y-axis node; stopped before outer boundary (equator great circle at horizon),2026-08-01T19:38:39Z
AOG_P07_SPHERICAL_PROJECTION,ef8b7d652edea5227166e54ca1bf6e81a4c02afd0d78c9d793e615a2db6906f6,afb1df2172f081fa426f2f86c56912079116f6441ba64df367861d00375fddc4,AOG-LM-P07-GC-YAXIS,1,Salah-Eddin Gherbi,S06,26,1516.41979603,543.953466382,2,printed curve labelled y-axis,solid front-side run started near y-axis node; stopped before outer boundary (equator great circle at horizon),2026-08-01T19:38:39Z
AOG_P07_SPHERICAL_PROJECTION,ef8b7d652edea5227166e54ca1bf6e81a4c02afd0d78c9d793e615a2db6906f6,afb1df2172f081fa426f2f86c56912079116f6441ba64df367861d00375fddc4,AOG-LM-P07-GC-YAXIS,1,Salah-Eddin Gherbi,S06,27,1522.38837415,540.720486567,2,printed curve labelled y-axis,solid front-side run started near y-axis node; stopped before outer boundary (equator great circle at horizon),2026-08-01T19:38:39Z
AOG_P07_SPHERICAL_PROJECTION,ef8b7d652edea5227166e54ca1bf6e81a4c02afd0d78c9d793e615a2db6906f6,afb1df2172f081fa426f2f86c56912079116f6441ba64df367861d00375fddc4,AOG-LM-P07-GC-YAXIS,1,Salah-Eddin Gherbi,S06,28,1528.60564302,536.990125243,2,printed curve labelled y-axis,solid front-side run started near y-axis node; stopped before outer boundary (equator great circle at horizon),2026-08-01T19:38:39Z
AOG_P07_SPHERICAL_PROJECTION,ef8b7d652edea5227166e54ca1bf6e81a4c02afd0d78c9d793e615a2db6906f6,afb1df2172f081fa426f2f86c56912079116f6441ba64df367861d00375fddc4,AOG-LM-P07-GC-YAXIS,1,Salah-Eddin Gherbi,S06,29,1535.3202934,533.757145428,2,printed curve labelled y-axis,solid front-side run started near y-axis node; stopped before outer boundary (equator great circle at horizon),2026-08-01T19:38:39Z
AOG_P07_SPHERICAL_PROJECTION,ef8b7d652edea5227166e54ca1bf6e81a4c02afd0d78c9d793e615a2db6906f6,afb1df2172f081fa426f2f86c56912079116f6441ba64df367861d00375fddc4,AOG-LM-P07-GC-YAXIS,1,Salah-Eddin Gherbi,S06,30,1539.79672699,530.026784103,2,printed curve labelled y-axis,solid front-side run started near y-axis node; stopped before outer boundary (equator great circle at horizon),2026-08-01T19:38:39Z
AOG_P07_SPHERICAL_PROJECTION,ef8b7d652edea5227166e54ca1bf6e81a4c02afd0d78c9d793e615a2db6906f6,afb1df2172f081fa426f2f86c56912079116f6441ba64df367861d00375fddc4,AOG-LM-P07-GC-YAXIS,1,Salah-Eddin Gherbi,S06,31,1544.52185134,528.037258064,2,printed curve labelled y-axis,solid front-side run started near y-axis node; stopped before outer boundary (equator great circle at horizon),2026-08-01T19:38:39Z
AOG_P07_SPHERICAL_PROJECTION,ef8b7d652edea5227166e54ca1bf6e81a4c02afd0d78c9d793e615a2db6906f6,afb1df2172f081fa426f2f86c56912079116f6441ba64df367861d00375fddc4,AOG-LM-P07-GC-X1,1,Salah-Eddin Gherbi,S01,0,924.219961923,703.546809877,6,printed curve labelled x=1,solid front-side run started near middle lower left node; stopped before UCLL node,2026-08-01T19:42:38Z
AOG_P07_SPHERICAL_PROJECTION,ef8b7d652edea5227166e54ca1bf6e81a4c02afd0d78c9d793e615a2db6906f6,afb1df2172f081fa426f2f86c56912079116f6441ba64df367861d00375fddc4,AOG-LM-P07-GC-X1,1,Salah-Eddin Gherbi,S01,1,927.535838656,707.211726266,6,printed curve labelled x=1,solid front-side run started near middle lower left node; stopped before UCLL node,2026-08-01T19:42:38Z
AOG_P07_SPHERICAL_PROJECTION,ef8b7d652edea5227166e54ca1bf6e81a4c02afd0d78c9d793e615a2db6906f6,afb1df2172f081fa426f2f86c56912079116f6441ba64df367861d00375fddc4,AOG-LM-P07-GC-X1,1,Salah-Eddin Gherbi,S01,2,930.677195561,710.353083171,6,printed curve labelled x=1,solid front-side run started near middle lower left node; stopped before UCLL node,2026-08-01T19:42:38Z
AOG_P07_SPHERICAL_PROJECTION,ef8b7d652edea5227166e54ca1bf6e81a4c02afd0d78c9d793e615a2db6906f6,afb1df2172f081fa426f2f86c56912079116f6441ba64df367861d00375fddc4,AOG-LM-P07-GC-X1,1,Salah-Eddin Gherbi,S01,3,933.818552466,713.494440076,6,printed curve labelled x=1,solid front-side run started near middle lower left node; stopped before UCLL node,2026-08-01T19:42:38Z
AOG_P07_SPHERICAL_PROJECTION,ef8b7d652edea5227166e54ca1bf6e81a4c02afd0d78c9d793e615a2db6906f6,afb1df2172f081fa426f2f86c56912079116f6441ba64df367861d00375fddc4,AOG-LM-P07-GC-X1,1,Salah-Eddin Gherbi,S01,4,937.308949027,716.461277153,6,printed curve labelled x=1,solid front-side run started near middle lower left node; stopped before UCLL node,2026-08-01T19:42:38Z
AOG_P07_SPHERICAL_PROJECTION,ef8b7d652edea5227166e54ca1bf6e81a4c02afd0d78c9d793e615a2db6906f6,afb1df2172f081fa426f2f86c56912079116f6441ba64df367861d00375fddc4,AOG-LM-P07-GC-X1,1,Salah-Eddin Gherbi,S01,5,940.62482576,720.126193542,6,printed curve labelled x=1,solid front-side run started near middle lower left node; stopped before UCLL node,2026-08-01T19:42:38Z
AOG_P07_SPHERICAL_PROJECTION,ef8b7d652edea5227166e54ca1bf6e81a4c02afd0d78c9d793e615a2db6906f6,afb1df2172f081fa426f2f86c56912079116f6441ba64df367861d00375fddc4,AOG-LM-P07-GC-X1,1,Salah-Eddin Gherbi,S01,6,943.591662837,722.918510791,6,printed curve labelled x=1,solid front-side run started near middle lower left node; stopped before UCLL node,2026-08-01T19:42:38Z
AOG_P07_SPHERICAL_PROJECTION,ef8b7d652edea5227166e54ca1bf6e81a4c02afd0d78c9d793e615a2db6906f6,afb1df2172f081fa426f2f86c56912079116f6441ba64df367861d00375fddc4,AOG-LM-P07-GC-X1,1,Salah-Eddin Gherbi,S01,7,946.90753957,725.885347868,6,printed curve labelled x=1,solid front-side run started near middle lower left node; stopped before UCLL node,2026-08-01T19:42:38Z
AOG_P07_SPHERICAL_PROJECTION,ef8b7d652edea5227166e54ca1bf6e81a4c02afd0d78c9d793e615a2db6906f6,afb1df2172f081fa426f2f86c56912079116f6441ba64df367861d00375fddc4,AOG-LM-P07-GC-X1,1,Salah-Eddin Gherbi,S01,8,950.746975787,729.026704773,6,printed curve labelled x=1,solid front-side run started near middle lower left node; stopped before UCLL node,2026-08-01T19:42:38Z
AOG_P07_SPHERICAL_PROJECTION,ef8b7d652edea5227166e54ca1bf6e81a4c02afd0d78c9d793e615a2db6906f6,afb1df2172f081fa426f2f86c56912079116f6441ba64df367861d00375fddc4,AOG-LM-P07-GC-X1,1,Salah-Eddin Gherbi,S01,9,953.364773208,731.469982366,6,printed curve labelled x=1,solid front-side run started near middle lower left node; stopped before UCLL node,2026-08-01T19:42:38Z
AOG_P07_SPHERICAL_PROJECTION,ef8b7d652edea5227166e54ca1bf6e81a4c02afd0d78c9d793e615a2db6906f6,afb1df2172f081fa426f2f86c56912079116f6441ba64df367861d00375fddc4,AOG-LM-P07-GC-X1,1,Salah-Eddin Gherbi,S01,10,957.378729253,734.436819443,6,printed curve labelled x=1,solid front-side run started near middle lower left node; stopped before UCLL node,2026-08-01T19:42:38Z
AOG_P07_SPHERICAL_PROJECTION,ef8b7d652edea5227166e54ca1bf6e81a4c02afd0d78c9d793e615a2db6906f6,afb1df2172f081fa426f2f86c56912079116f6441ba64df367861d00375fddc4,AOG-LM-P07-GC-X1,1,Salah-Eddin Gherbi,S01,11,960.520086158,736.880097036,6,printed curve labelled x=1,solid front-side run started near middle lower left node; stopped before UCLL node,2026-08-01T19:42:38Z
AOG_P07_SPHERICAL_PROJECTION,ef8b7d652edea5227166e54ca1bf6e81a4c02afd0d78c9d793e615a2db6906f6,afb1df2172f081fa426f2f86c56912079116f6441ba64df367861d00375fddc4,AOG-LM-P07-GC-X1,1,Salah-Eddin Gherbi,S01,12,964.359522375,739.1488548,6,printed curve labelled x=1,solid front-side run started near middle lower left node; stopped before UCLL node,2026-08-01T19:42:38Z
AOG_P07_SPHERICAL_PROJECTION,ef8b7d652edea5227166e54ca1bf6e81a4c02afd0d78c9d793e615a2db6906f6,afb1df2172f081fa426f2f86c56912079116f6441ba64df367861d00375fddc4,AOG-LM-P07-GC-X1,1,Salah-Eddin Gherbi,S01,13,967.50087928,741.592132393,6,printed curve labelled x=1,solid front-side run started near middle lower left node; stopped before UCLL node,2026-08-01T19:42:38Z
AOG_P07_SPHERICAL_PROJECTION,ef8b7d652edea5227166e54ca1bf6e81a4c02afd0d78c9d793e615a2db6906f6,afb1df2172f081fa426f2f86c56912079116f6441ba64df367861d00375fddc4,AOG-LM-P07-GC-X1,1,Salah-Eddin Gherbi,S01,14,972.91099395,744.55896947,6,printed curve labelled x=1,solid front-side run started near middle lower left node; stopped before UCLL node,2026-08-01T19:42:38Z
AOG_P07_SPHERICAL_PROJECTION,ef8b7d652edea5227166e54ca1bf6e81a4c02afd0d78c9d793e615a2db6906f6,afb1df2172f081fa426f2f86c56912079116f6441ba64df367861d00375fddc4,AOG-LM-P07-GC-X1,1,Salah-Eddin Gherbi,S01,15,976.401390511,747.525806547,6,printed curve labelled x=1,solid front-side run started near middle lower left node; stopped before UCLL node,2026-08-01T19:42:38Z
AOG_P07_SPHERICAL_PROJECTION,ef8b7d652edea5227166e54ca1bf6e81a4c02afd0d78c9d793e615a2db6906f6,afb1df2172f081fa426f2f86c56912079116f6441ba64df367861d00375fddc4,AOG-LM-P07-GC-X1,1,Salah-Eddin Gherbi,S01,16,981.287945696,750.84168328,6,printed curve labelled x=1,solid front-side run started near middle lower left node; stopped before UCLL node,2026-08-01T19:42:38Z
AOG_P07_SPHERICAL_PROJECTION,ef8b7d652edea5227166e54ca1bf6e81a4c02afd0d78c9d793e615a2db6906f6,afb1df2172f081fa426f2f86c56912079116f6441ba64df367861d00375fddc4,AOG-LM-P07-GC-X1,1,Salah-Eddin Gherbi,S01,17,985.47642157,753.284960873,6,printed curve labelled x=1,solid front-side run started near middle lower left node; stopped before UCLL node,2026-08-01T19:42:38Z
AOG_P07_SPHERICAL_PROJECTION,ef8b7d652edea5227166e54ca1bf6e81a4c02afd0d78c9d793e615a2db6906f6,afb1df2172f081fa426f2f86c56912079116f6441ba64df367861d00375fddc4,AOG-LM-P07-GC-X1,1,Salah-Eddin Gherbi,S01,18,990.537496583,756.426317778,6,printed curve labelled x=1,solid front-side run started near middle lower left node; stopped before UCLL node,2026-08-01T19:42:38Z
AOG_P07_SPHERICAL_PROJECTION,ef8b7d652edea5227166e54ca1bf6e81a4c02afd0d78c9d793e615a2db6906f6,afb1df2172f081fa426f2f86c56912079116f6441ba64df367861d00375fddc4,AOG-LM-P07-GC-X1,1,Salah-Eddin Gherbi,S01,19,994.3769328,759.916714339,6,printed curve labelled x=1,solid front-side run started near middle lower left node; stopped before UCLL node,2026-08-01T19:42:38Z
AOG_P07_SPHERICAL_PROJECTION,ef8b7d652edea5227166e54ca1bf6e81a4c02afd0d78c9d793e615a2db6906f6,afb1df2172f081fa426f2f86c56912079116f6441ba64df367861d00375fddc4,AOG-LM-P07-GC-X1,1,Salah-Eddin Gherbi,S01,20,998.216369017,761.836432447,6,printed curve labelled x=1,solid front-side run started near middle lower left node; stopped before UCLL node,2026-08-01T19:42:38Z
AOG_P07_SPHERICAL_PROJECTION,ef8b7d652edea5227166e54ca1bf6e81a4c02afd0d78c9d793e615a2db6906f6,afb1df2172f081fa426f2f86c56912079116f6441ba64df367861d00375fddc4,AOG-LM-P07-GC-X1,1,Salah-Eddin Gherbi,S01,21,1002.23032506,764.105190212,6,printed curve labelled x=1,solid front-side run started near middle lower left node; stopped before UCLL node,2026-08-01T19:42:38Z
AOG_P07_SPHERICAL_PROJECTION,ef8b7d652edea5227166e54ca1bf6e81a4c02afd0d78c9d793e615a2db6906f6,afb1df2172f081fa426f2f86c56912079116f6441ba64df367861d00375fddc4,AOG-LM-P07-GC-X1,1,Salah-Eddin Gherbi,S01,22,1005.89524145,767.072027289,6,printed curve labelled x=1,solid front-side run started near middle lower left node; stopped before UCLL node,2026-08-01T19:42:38Z
AOG_P07_SPHERICAL_PROJECTION,ef8b7d652edea5227166e54ca1bf6e81a4c02afd0d78c9d793e615a2db6906f6,afb1df2172f081fa426f2f86c56912079116f6441ba64df367861d00375fddc4,AOG-LM-P07-GC-X1,1,Salah-Eddin Gherbi,S01,23,1010.43275698,768.81722557,6,printed curve labelled x=1,solid front-side run started near middle lower left node; stopped before UCLL node,2026-08-01T19:42:38Z
AOG_P07_SPHERICAL_PROJECTION,ef8b7d652edea5227166e54ca1bf6e81a4c02afd0d78c9d793e615a2db6906f6,afb1df2172f081fa426f2f86c56912079116f6441ba64df367861d00375fddc4,AOG-LM-P07-GC-X1,1,Salah-Eddin Gherbi,S01,24,1015.31931217,771.43502299,6,printed curve labelled x=1,solid front-side run started near middle lower left node; stopped before UCLL node,2026-08-01T19:42:38Z
AOG_P07_SPHERICAL_PROJECTION,ef8b7d652edea5227166e54ca1bf6e81a4c02afd0d78c9d793e615a2db6906f6,afb1df2172f081fa426f2f86c56912079116f6441ba64df367861d00375fddc4,AOG-LM-P07-GC-X1,1,Salah-Eddin Gherbi,S01,25,1019.68230787,774.052820411,6,printed curve labelled x=1,solid front-side run started near middle lower left node; stopped before UCLL node,2026-08-01T19:42:38Z
AOG_P07_SPHERICAL_PROJECTION,ef8b7d652edea5227166e54ca1bf6e81a4c02afd0d78c9d793e615a2db6906f6,afb1df2172f081fa426f2f86c56912079116f6441ba64df367861d00375fddc4,AOG-LM-P07-GC-X1,1,Salah-Eddin Gherbi,S01,26,1024.2198234,776.321578176,6,printed curve labelled x=1,solid front-side run started near middle lower left node; stopped before UCLL node,2026-08-01T19:42:38Z
AOG_P07_SPHERICAL_PROJECTION,ef8b7d652edea5227166e54ca1bf6e81a4c02afd0d78c9d793e615a2db6906f6,afb1df2172f081fa426f2f86c56912079116f6441ba64df367861d00375fddc4,AOG-LM-P07-GC-X1,1,Salah-Eddin Gherbi,S01,27,1029.10637858,779.462935081,6,printed curve labelled x=1,solid front-side run started near middle lower left node; stopped before UCLL node,2026-08-01T19:42:38Z
AOG_P07_SPHERICAL_PROJECTION,ef8b7d652edea5227166e54ca1bf6e81a4c02afd0d78c9d793e615a2db6906f6,afb1df2172f081fa426f2f86c56912079116f6441ba64df367861d00375fddc4,AOG-LM-P07-GC-X1,1,Salah-Eddin Gherbi,S01,28,1032.9458148,781.208133361,6,printed curve labelled x=1,solid front-side run started near middle lower left node; stopped before UCLL node,2026-08-01T19:42:38Z
AOG_P07_SPHERICAL_PROJECTION,ef8b7d652edea5227166e54ca1bf6e81a4c02afd0d78c9d793e615a2db6906f6,afb1df2172f081fa426f2f86c56912079116f6441ba64df367861d00375fddc4,AOG-LM-P07-GC-X1,1,Salah-Eddin Gherbi,S01,29,1036.95977085,783.302371298,6,printed curve labelled x=1,solid front-side run started near middle lower left node; stopped before UCLL node,2026-08-01T19:42:38Z
AOG_P07_SPHERICAL_PROJECTION,ef8b7d652edea5227166e54ca1bf6e81a4c02afd0d78c9d793e615a2db6906f6,afb1df2172f081fa426f2f86c56912079116f6441ba64df367861d00375fddc4,AOG-LM-P07-GC-X1,1,Salah-Eddin Gherbi,S01,30,1040.62468723,785.047569579,6,printed curve labelled x=1,solid front-side run started near middle lower left node; stopped before UCLL node,2026-08-01T19:42:38Z
AOG_P07_SPHERICAL_PROJECTION,ef8b7d652edea5227166e54ca1bf6e81a4c02afd0d78c9d793e615a2db6906f6,afb1df2172f081fa426f2f86c56912079116f6441ba64df367861d00375fddc4,AOG-LM-P07-GC-X1,1,Salah-Eddin Gherbi,S01,31,1044.63864328,786.618248031,6,printed curve labelled x=1,solid front-side run started near middle lower left node; stopped before UCLL node,2026-08-01T19:42:38Z
AOG_P07_SPHERICAL_PROJECTION,ef8b7d652edea5227166e54ca1bf6e81a4c02afd0d78c9d793e615a2db6906f6,afb1df2172f081fa426f2f86c56912079116f6441ba64df367861d00375fddc4,AOG-LM-P07-GC-X1,1,Salah-Eddin Gherbi,S01,32,1048.12903984,788.188926483,6,printed curve labelled x=1,solid front-side run started near middle lower left node; stopped before UCLL node,2026-08-01T19:42:38Z
AOG_P07_SPHERICAL_PROJECTION,ef8b7d652edea5227166e54ca1bf6e81a4c02afd0d78c9d793e615a2db6906f6,afb1df2172f081fa426f2f86c56912079116f6441ba64df367861d00375fddc4,AOG-LM-P07-GC-X1,1,Salah-Eddin Gherbi,S01,33,1052.8410752,789.934124764,6,printed curve labelled x=1,solid front-side run started near middle lower left node; stopped before UCLL node,2026-08-01T19:42:38Z
AOG_P07_SPHERICAL_PROJECTION,ef8b7d652edea5227166e54ca1bf6e81a4c02afd0d78c9d793e615a2db6906f6,afb1df2172f081fa426f2f86c56912079116f6441ba64df367861d00375fddc4,AOG-LM-P07-GC-X1,1,Salah-Eddin Gherbi,S01,34,1055.63339245,791.679323045,6,printed curve labelled x=1,solid front-side run started near middle lower left node; stopped before UCLL node,2026-08-01T19:42:38Z
AOG_P07_SPHERICAL_PROJECTION,ef8b7d652edea5227166e54ca1bf6e81a4c02afd0d78c9d793e615a2db6906f6,afb1df2172f081fa426f2f86c56912079116f6441ba64df367861d00375fddc4,AOG-LM-P07-GC-X1,1,Salah-Eddin Gherbi,S01,35,1058.94926918,793.250001497,6,printed curve labelled x=1,solid front-side run started near middle lower left node; stopped before UCLL node,2026-08-01T19:42:38Z
AOG_P07_SPHERICAL_PROJECTION,ef8b7d652edea5227166e54ca1bf6e81a4c02afd0d78c9d793e615a2db6906f6,afb1df2172f081fa426f2f86c56912079116f6441ba64df367861d00375fddc4,AOG-LM-P07-GC-X1,1,Salah-Eddin Gherbi,S01,36,1063.48678471,794.471640293,6,printed curve labelled x=1,solid front-side run started near middle lower left node; stopped before UCLL node,2026-08-01T19:42:38Z
AOG_P07_SPHERICAL_PROJECTION,ef8b7d652edea5227166e54ca1bf6e81a4c02afd0d78c9d793e615a2db6906f6,afb1df2172f081fa426f2f86c56912079116f6441ba64df367861d00375fddc4,AOG-LM-P07-GC-X1,1,Salah-Eddin Gherbi,S01,37,1065.9300623,795.867798918,6,printed curve labelled x=1,solid front-side run started near middle lower left node; stopped before UCLL node,2026-08-01T19:42:38Z
AOG_P07_SPHERICAL_PROJECTION,ef8b7d652edea5227166e54ca1bf6e81a4c02afd0d78c9d793e615a2db6906f6,afb1df2172f081fa426f2f86c56912079116f6441ba64df367861d00375fddc4,AOG-LM-P07-GC-X1,1,Salah-Eddin Gherbi,S02,0,1098.37072103,809.624374144,6,printed curve labelled x=1,solid front-side run started near UCLL node; stopped before great circle of projection y = 0 (x-axis),2026-08-01T19:46:40Z
AOG_P07_SPHERICAL_PROJECTION,ef8b7d652edea5227166e54ca1bf6e81a4c02afd0d78c9d793e615a2db6906f6,afb1df2172f081fa426f2f86c56912079116f6441ba64df367861d00375fddc4,AOG-LM-P07-GC-X1,1,Salah-Eddin Gherbi,S02,1,1103.32699664,811.111256826,6,printed curve labelled x=1,solid front-side run started near UCLL node; stopped before great circle of projection y = 0 (x-axis),2026-08-01T19:46:40Z
AOG_P07_SPHERICAL_PROJECTION,ef8b7d652edea5227166e54ca1bf6e81a4c02afd0d78c9d793e615a2db6906f6,afb1df2172f081fa426f2f86c56912079116f6441ba64df367861d00375fddc4,AOG-LM-P07-GC-X1,1,Salah-Eddin Gherbi,S02,2,1108.11806306,813.589394629,6,printed curve labelled x=1,solid front-side run started near UCLL node; stopped before great circle of projection y = 0 (x-axis),2026-08-01T19:46:40Z
AOG_P07_SPHERICAL_PROJECTION,ef8b7d652edea5227166e54ca1bf6e81a4c02afd0d78c9d793e615a2db6906f6,afb1df2172f081fa426f2f86c56912079116f6441ba64df367861d00375fddc4,AOG-LM-P07-GC-X1,1,Salah-Eddin Gherbi,S02,3,1115.22205809,815.406695685,6,printed curve labelled x=1,solid front-side run started near UCLL node; stopped before great circle of projection y = 0 (x-axis),2026-08-01T19:46:40Z
AOG_P07_SPHERICAL_PROJECTION,ef8b7d652edea5227166e54ca1bf6e81a4c02afd0d78c9d793e615a2db6906f6,afb1df2172f081fa426f2f86c56912079116f6441ba64df367861d00375fddc4,AOG-LM-P07-GC-X1,1,Salah-Eddin Gherbi,S02,4,1122.16084394,817.389205927,6,printed curve labelled x=1,solid front-side run started near UCLL node; stopped before great circle of projection y = 0 (x-axis),2026-08-01T19:46:40Z
AOG_P07_SPHERICAL_PROJECTION,ef8b7d652edea5227166e54ca1bf6e81a4c02afd0d78c9d793e615a2db6906f6,afb1df2172f081fa426f2f86c56912079116f6441ba64df367861d00375fddc4,AOG-LM-P07-GC-X1,1,Salah-Eddin Gherbi,S02,5,1127.77795629,818.710879422,6,printed curve labelled x=1,solid front-side run started near UCLL node; stopped before great circle of projection y = 0 (x-axis),2026-08-01T19:46:40Z
AOG_P07_SPHERICAL_PROJECTION,ef8b7d652edea5227166e54ca1bf6e81a4c02afd0d78c9d793e615a2db6906f6,afb1df2172f081fa426f2f86c56912079116f6441ba64df367861d00375fddc4,AOG-LM-P07-GC-X1,1,Salah-Eddin Gherbi,S02,6,1135.37757889,820.362971291,6,printed curve labelled x=1,solid front-side run started near UCLL node; stopped before great circle of projection y = 0 (x-axis),2026-08-01T19:46:40Z
AOG_P07_SPHERICAL_PROJECTION,ef8b7d652edea5227166e54ca1bf6e81a4c02afd0d78c9d793e615a2db6906f6,afb1df2172f081fa426f2f86c56912079116f6441ba64df367861d00375fddc4,AOG-LM-P07-GC-X1,1,Salah-Eddin Gherbi,S02,7,1143.47282905,822.180272346,6,printed curve labelled x=1,solid front-side run started near UCLL node; stopped before great circle of projection y = 0 (x-axis),2026-08-01T19:46:40Z
AOG_P07_SPHERICAL_PROJECTION,ef8b7d652edea5227166e54ca1bf6e81a4c02afd0d78c9d793e615a2db6906f6,afb1df2172f081fa426f2f86c56912079116f6441ba64df367861d00375fddc4,AOG-LM-P07-GC-X1,1,Salah-Eddin Gherbi,S02,8,1152.06370676,823.501945841,6,printed curve labelled x=1,solid front-side run started near UCLL node; stopped before great circle of projection y = 0 (x-axis),2026-08-01T19:46:40Z
AOG_P07_SPHERICAL_PROJECTION,ef8b7d652edea5227166e54ca1bf6e81a4c02afd0d78c9d793e615a2db6906f6,afb1df2172f081fa426f2f86c56912079116f6441ba64df367861d00375fddc4,AOG-LM-P07-GC-X1,1,Salah-Eddin Gherbi,S02,9,1159.00249261,824.658410149,6,printed curve labelled x=1,solid front-side run started near UCLL node; stopped before great circle of projection y = 0 (x-axis),2026-08-01T19:46:40Z
AOG_P07_SPHERICAL_PROJECTION,ef8b7d652edea5227166e54ca1bf6e81a4c02afd0d78c9d793e615a2db6906f6,afb1df2172f081fa426f2f86c56912079116f6441ba64df367861d00375fddc4,AOG-LM-P07-GC-X1,1,Salah-Eddin Gherbi,S02,10,1166.60211521,826.640920392,6,printed curve labelled x=1,solid front-side run started near UCLL node; stopped before great circle of projection y = 0 (x-axis),2026-08-01T19:46:40Z
AOG_P07_SPHERICAL_PROJECTION,ef8b7d652edea5227166e54ca1bf6e81a4c02afd0d78c9d793e615a2db6906f6,afb1df2172f081fa426f2f86c56912079116f6441ba64df367861d00375fddc4,AOG-LM-P07-GC-X1,1,Salah-Eddin Gherbi,S02,11,1175.5234113,828.788639821,6,printed curve labelled x=1,solid front-side run started near UCLL node; stopped before great circle of projection y = 0 (x-axis),2026-08-01T19:46:40Z
AOG_P07_SPHERICAL_PROJECTION,ef8b7d652edea5227166e54ca1bf6e81a4c02afd0d78c9d793e615a2db6906f6,afb1df2172f081fa426f2f86c56912079116f6441ba64df367861d00375fddc4,AOG-LM-P07-GC-X1,1,Salah-Eddin Gherbi,S02,12,1183.78387064,829.779894942,6,printed curve labelled x=1,solid front-side run started near UCLL node; stopped before great circle of projection y = 0 (x-axis),2026-08-01T19:46:40Z
AOG_P07_SPHERICAL_PROJECTION,ef8b7d652edea5227166e54ca1bf6e81a4c02afd0d78c9d793e615a2db6906f6,afb1df2172f081fa426f2f86c56912079116f6441ba64df367861d00375fddc4,AOG-LM-P07-GC-X1,1,Salah-Eddin Gherbi,S02,13,1191.71391161,830.771150063,6,printed curve labelled x=1,solid front-side run started near UCLL node; stopped before great circle of projection y = 0 (x-axis),2026-08-01T19:46:40Z
AOG_P07_SPHERICAL_PROJECTION,ef8b7d652edea5227166e54ca1bf6e81a4c02afd0d78c9d793e615a2db6906f6,afb1df2172f081fa426f2f86c56912079116f6441ba64df367861d00375fddc4,AOG-LM-P07-GC-X1,1,Salah-Eddin Gherbi,S02,14,1199.80916177,832.258032745,6,printed curve labelled x=1,solid front-side run started near UCLL node; stopped before great circle of projection y = 0 (x-axis),2026-08-01T19:46:40Z
AOG_P07_SPHERICAL_PROJECTION,ef8b7d652edea5227166e54ca1bf6e81a4c02afd0d78c9d793e615a2db6906f6,afb1df2172f081fa426f2f86c56912079116f6441ba64df367861d00375fddc4,AOG-LM-P07-GC-X1,1,Salah-Eddin Gherbi,S02,15,1206.9131568,832.423241932,6,printed curve labelled x=1,solid front-side run started near UCLL node; stopped before great circle of projection y = 0 (x-axis),2026-08-01T19:46:40Z
AOG_P07_SPHERICAL_PROJECTION,ef8b7d652edea5227166e54ca1bf6e81a4c02afd0d78c9d793e615a2db6906f6,afb1df2172f081fa426f2f86c56912079116f6441ba64df367861d00375fddc4,AOG-LM-P07-GC-X1,1,Salah-Eddin Gherbi,S02,16,1213.1911059,832.588451119,6,printed curve labelled x=1,solid front-side run started near UCLL node; stopped before great circle of projection y = 0 (x-axis),2026-08-01T19:46:40Z
AOG_P07_SPHERICAL_PROJECTION,ef8b7d652edea5227166e54ca1bf6e81a4c02afd0d78c9d793e615a2db6906f6,afb1df2172f081fa426f2f86c56912079116f6441ba64df367861d00375fddc4,AOG-LM-P07-GC-X1,1,Salah-Eddin Gherbi,S02,17,1219.469055,834.405752174,6,printed curve labelled x=1,solid front-side run started near UCLL node; stopped before great circle of projection y = 0 (x-axis),2026-08-01T19:46:40Z
AOG_P07_SPHERICAL_PROJECTION,ef8b7d652edea5227166e54ca1bf6e81a4c02afd0d78c9d793e615a2db6906f6,afb1df2172f081fa426f2f86c56912079116f6441ba64df367861d00375fddc4,AOG-LM-P07-GC-X1,1,Salah-Eddin Gherbi,S02,18,1232.35537158,834.901379735,6,printed curve labelled x=1,solid front-side run started near UCLL node; stopped before great circle of projection y = 0 (x-axis),2026-08-01T19:46:40Z
AOG_P07_SPHERICAL_PROJECTION,ef8b7d652edea5227166e54ca1bf6e81a4c02afd0d78c9d793e615a2db6906f6,afb1df2172f081fa426f2f86c56912079116f6441ba64df367861d00375fddc4,AOG-LM-P07-GC-X1,1,Salah-Eddin Gherbi,S02,19,1239.6245758,834.901379735,6,printed curve labelled x=1,solid front-side run started near UCLL node; stopped before great circle of projection y = 0 (x-axis),2026-08-01T19:46:40Z
AOG_P07_SPHERICAL_PROJECTION,ef8b7d652edea5227166e54ca1bf6e81a4c02afd0d78c9d793e615a2db6906f6,afb1df2172f081fa426f2f86c56912079116f6441ba64df367861d00375fddc4,AOG-LM-P07-GC-X1,1,Salah-Eddin Gherbi,S02,20,1225.74700411,834.901379735,6,printed curve labelled x=1,solid front-side run started near UCLL node; stopped before great circle of projection y = 0 (x-axis),2026-08-01T19:46:40Z
AOG_P07_SPHERICAL_PROJECTION,ef8b7d652edea5227166e54ca1bf6e81a4c02afd0d78c9d793e615a2db6906f6,afb1df2172f081fa426f2f86c56912079116f6441ba64df367861d00375fddc4,AOG-LM-P07-GC-X1,1,Salah-Eddin Gherbi,S02,21,1247.38940758,834.570961361,6,printed curve labelled x=1,solid front-side run started near UCLL node; stopped before great circle of projection y = 0 (x-axis),2026-08-01T19:46:40Z
AOG_P07_SPHERICAL_PROJECTION,ef8b7d652edea5227166e54ca1bf6e81a4c02afd0d78c9d793e615a2db6906f6,afb1df2172f081fa426f2f86c56912079116f6441ba64df367861d00375fddc4,AOG-LM-P07-GC-X1,1,Salah-Eddin Gherbi,S02,22,1255.48465774,835.562216482,6,printed curve labelled x=1,solid front-side run started near UCLL node; stopped before great circle of projection y = 0 (x-axis),2026-08-01T19:46:40Z
AOG_P07_SPHERICAL_PROJECTION,ef8b7d652edea5227166e54ca1bf6e81a4c02afd0d78c9d793e615a2db6906f6,afb1df2172f081fa426f2f86c56912079116f6441ba64df367861d00375fddc4,AOG-LM-P07-GC-X1,1,Salah-Eddin Gherbi,S02,23,1264.73637221,835.397007296,6,printed curve labelled x=1,solid front-side run started near UCLL node; stopped before great circle of projection y = 0 (x-axis),2026-08-01T19:46:40Z
AOG_P07_SPHERICAL_PROJECTION,ef8b7d652edea5227166e54ca1bf6e81a4c02afd0d78c9d793e615a2db6906f6,afb1df2172f081fa426f2f86c56912079116f6441ba64df367861d00375fddc4,AOG-LM-P07-GC-X1,1,Salah-Eddin Gherbi,S02,24,1276.30101529,835.231798109,6,printed curve labelled x=1,solid front-side run started near UCLL node; stopped before great circle of projection y = 0 (x-axis),2026-08-01T19:46:40Z
AOG_P07_SPHERICAL_PROJECTION,ef8b7d652edea5227166e54ca1bf6e81a4c02afd0d78c9d793e615a2db6906f6,afb1df2172f081fa426f2f86c56912079116f6441ba64df367861d00375fddc4,AOG-LM-P07-GC-X1,1,Salah-Eddin Gherbi,S02,25,1286.87440325,835.066588922,6,printed curve labelled x=1,solid front-side run started near UCLL node; stopped before great circle of projection y = 0 (x-axis),2026-08-01T19:46:40Z
AOG_P07_SPHERICAL_PROJECTION,ef8b7d652edea5227166e54ca1bf6e81a4c02afd0d78c9d793e615a2db6906f6,afb1df2172f081fa426f2f86c56912079116f6441ba64df367861d00375fddc4,AOG-LM-P07-GC-X1,1,Salah-Eddin Gherbi,S02,26,1293.64797991,835.231798109,6,printed curve labelled x=1,solid front-side run started near UCLL node; stopped before great circle of projection y = 0 (x-axis),2026-08-01T19:46:40Z
AOG_P07_SPHERICAL_PROJECTION,ef8b7d652edea5227166e54ca1bf6e81a4c02afd0d78c9d793e615a2db6906f6,afb1df2172f081fa426f2f86c56912079116f6441ba64df367861d00375fddc4,AOG-LM-P07-GC-X1,1,Salah-Eddin Gherbi,S02,27,1300.91718413,833.414497053,6,printed curve labelled x=1,solid front-side run started near UCLL node; stopped before great circle of projection y = 0 (x-axis),2026-08-01T19:46:40Z
AOG_P07_SPHERICAL_PROJECTION,ef8b7d652edea5227166e54ca1bf6e81a4c02afd0d78c9d793e615a2db6906f6,afb1df2172f081fa426f2f86c56912079116f6441ba64df367861d00375fddc4,AOG-LM-P07-GC-X1,1,Salah-Eddin Gherbi,S02,28,1311.65578128,832.588451119,6,printed curve labelled x=1,solid front-side run started near UCLL node; stopped before great circle of projection y = 0 (x-axis),2026-08-01T19:46:40Z
AOG_P07_SPHERICAL_PROJECTION,ef8b7d652edea5227166e54ca1bf6e81a4c02afd0d78c9d793e615a2db6906f6,afb1df2172f081fa426f2f86c56912079116f6441ba64df367861d00375fddc4,AOG-LM-P07-GC-X1,1,Salah-Eddin Gherbi,S02,29,1320.08144981,831.431986811,6,printed curve labelled x=1,solid front-side run started near UCLL node; stopped before great circle of projection y = 0 (x-axis),2026-08-01T19:46:40Z
AOG_P07_SPHERICAL_PROJECTION,ef8b7d652edea5227166e54ca1bf6e81a4c02afd0d78c9d793e615a2db6906f6,afb1df2172f081fa426f2f86c56912079116f6441ba64df367861d00375fddc4,AOG-LM-P07-GC-X1,1,Salah-Eddin Gherbi,S02,30,1324.70730704,830.275522503,6,printed curve labelled x=1,solid front-side run started near UCLL node; stopped before great circle of projection y = 0 (x-axis),2026-08-01T19:46:40Z
AOG_P07_SPHERICAL_PROJECTION,ef8b7d652edea5227166e54ca1bf6e81a4c02afd0d78c9d793e615a2db6906f6,afb1df2172f081fa426f2f86c56912079116f6441ba64df367861d00375fddc4,AOG-LM-P07-GC-X1,1,Salah-Eddin Gherbi,S03,0,1334.41419082,830.616899996,6,printed curve labelled x=1,solid front-side run started near  great circle of projection y = 0 (x-axis); stopped before spiral occlusion,2026-08-01T19:48:15Z
AOG_P07_SPHERICAL_PROJECTION,ef8b7d652edea5227166e54ca1bf6e81a4c02afd0d78c9d793e615a2db6906f6,afb1df2172f081fa426f2f86c56912079116f6441ba64df367861d00375fddc4,AOG-LM-P07-GC-X1,1,Salah-Eddin Gherbi,S03,1,1339.97264734,830.106429499,6,printed curve labelled x=1,solid front-side run started near  great circle of projection y = 0 (x-axis); stopped before spiral occlusion,2026-08-01T19:48:15Z
AOG_P07_SPHERICAL_PROJECTION,ef8b7d652edea5227166e54ca1bf6e81a4c02afd0d78c9d793e615a2db6906f6,afb1df2172f081fa426f2f86c56912079116f6441ba64df367861d00375fddc4,AOG-LM-P07-GC-X1,1,Salah-Eddin Gherbi,S03,2,1345.98485542,828.972050617,6,printed curve labelled x=1,solid front-side run started near  great circle of projection y = 0 (x-axis); stopped before spiral occlusion,2026-08-01T19:48:15Z
AOG_P07_SPHERICAL_PROJECTION,ef8b7d652edea5227166e54ca1bf6e81a4c02afd0d78c9d793e615a2db6906f6,afb1df2172f081fa426f2f86c56912079116f6441ba64df367861d00375fddc4,AOG-LM-P07-GC-X1,1,Salah-Eddin Gherbi,S03,3,1351.60003089,828.348142232,6,printed curve labelled x=1,solid front-side run started near  great circle of projection y = 0 (x-axis); stopped before spiral occlusion,2026-08-01T19:48:15Z
AOG_P07_SPHERICAL_PROJECTION,ef8b7d652edea5227166e54ca1bf6e81a4c02afd0d78c9d793e615a2db6906f6,afb1df2172f081fa426f2f86c56912079116f6441ba64df367861d00375fddc4,AOG-LM-P07-GC-X1,1,Salah-Eddin Gherbi,S03,4,1357.55552002,827.49735807,6,printed curve labelled x=1,solid front-side run started near  great circle of projection y = 0 (x-axis); stopped before spiral occlusion,2026-08-01T19:48:15Z
AOG_P07_SPHERICAL_PROJECTION,ef8b7d652edea5227166e54ca1bf6e81a4c02afd0d78c9d793e615a2db6906f6,afb1df2172f081fa426f2f86c56912079116f6441ba64df367861d00375fddc4,AOG-LM-P07-GC-X1,1,Salah-Eddin Gherbi,S03,5,1364.30507437,825.625632914,6,printed curve labelled x=1,solid front-side run started near  great circle of projection y = 0 (x-axis); stopped before spiral occlusion,2026-08-01T19:48:15Z
AOG_P07_SPHERICAL_PROJECTION,ef8b7d652edea5227166e54ca1bf6e81a4c02afd0d78c9d793e615a2db6906f6,afb1df2172f081fa426f2f86c56912079116f6441ba64df367861d00375fddc4,AOG-LM-P07-GC-X1,1,Salah-Eddin Gherbi,S03,6,1373.38010543,823.753907758,6,printed curve labelled x=1,solid front-side run started near  great circle of projection y = 0 (x-axis); stopped before spiral occlusion,2026-08-01T19:48:15Z
AOG_P07_SPHERICAL_PROJECTION,ef8b7d652edea5227166e54ca1bf6e81a4c02afd0d78c9d793e615a2db6906f6,afb1df2172f081fa426f2f86c56912079116f6441ba64df367861d00375fddc4,AOG-LM-P07-GC-X1,1,Salah-Eddin Gherbi,S03,7,1378.76840512,821.71202577,6,printed curve labelled x=1,solid front-side run started near  great circle of projection y = 0 (x-axis); stopped before spiral occlusion,2026-08-01T19:48:15Z
AOG_P07_SPHERICAL_PROJECTION,ef8b7d652edea5227166e54ca1bf6e81a4c02afd0d78c9d793e615a2db6906f6,afb1df2172f081fa426f2f86c56912079116f6441ba64df367861d00375fddc4,AOG-LM-P07-GC-X1,1,Salah-Eddin Gherbi,S03,8,1385.63139736,820.010457446,6,printed curve labelled x=1,solid front-side run started near  great circle of projection y = 0 (x-axis); stopped before spiral occlusion,2026-08-01T19:48:15Z
AOG_P07_SPHERICAL_PROJECTION,ef8b7d652edea5227166e54ca1bf6e81a4c02afd0d78c9d793e615a2db6906f6,afb1df2172f081fa426f2f86c56912079116f6441ba64df367861d00375fddc4,AOG-LM-P07-GC-X1,1,Salah-Eddin Gherbi,S03,9,1391.75704332,818.025294402,6,printed curve labelled x=1,solid front-side run started near  great circle of projection y = 0 (x-axis); stopped before spiral occlusion,2026-08-01T19:48:15Z
AOG_P07_SPHERICAL_PROJECTION,ef8b7d652edea5227166e54ca1bf6e81a4c02afd0d78c9d793e615a2db6906f6,afb1df2172f081fa426f2f86c56912079116f6441ba64df367861d00375fddc4,AOG-LM-P07-GC-X1,1,Salah-Eddin Gherbi,S04,0,1440.36497119,801.148332615,6,printed curve labelled x=1,"solid front-side run started near UCLR node; stopped before a part of label 1 MONTH from full label r = 1, θ = 1 MONTH",2026-08-01T19:51:07Z
AOG_P07_SPHERICAL_PROJECTION,ef8b7d652edea5227166e54ca1bf6e81a4c02afd0d78c9d793e615a2db6906f6,afb1df2172f081fa426f2f86c56912079116f6441ba64df367861d00375fddc4,AOG-LM-P07-GC-X1,1,Salah-Eddin Gherbi,S04,1,1445.46095017,798.844670885,6,printed curve labelled x=1,"solid front-side run started near UCLR node; stopped before a part of label 1 MONTH from full label r = 1, θ = 1 MONTH",2026-08-01T19:51:07Z
AOG_P07_SPHERICAL_PROJECTION,ef8b7d652edea5227166e54ca1bf6e81a4c02afd0d78c9d793e615a2db6906f6,afb1df2172f081fa426f2f86c56912079116f6441ba64df367861d00375fddc4,AOG-LM-P07-GC-X1,1,Salah-Eddin Gherbi,S04,2,1449.02115466,796.401393292,6,printed curve labelled x=1,"solid front-side run started near UCLR node; stopped before a part of label 1 MONTH from full label r = 1, θ = 1 MONTH",2026-08-01T19:51:07Z
AOG_P07_SPHERICAL_PROJECTION,ef8b7d652edea5227166e54ca1bf6e81a4c02afd0d78c9d793e615a2db6906f6,afb1df2172f081fa426f2f86c56912079116f6441ba64df367861d00375fddc4,AOG-LM-P07-GC-X1,1,Salah-Eddin Gherbi,S04,3,1453.1398226,794.376963287,6,printed curve labelled x=1,"solid front-side run started near UCLR node; stopped before a part of label 1 MONTH from full label r = 1, θ = 1 MONTH",2026-08-01T19:51:07Z
AOG_P07_SPHERICAL_PROJECTION,ef8b7d652edea5227166e54ca1bf6e81a4c02afd0d78c9d793e615a2db6906f6,afb1df2172f081fa426f2f86c56912079116f6441ba64df367861d00375fddc4,AOG-LM-P07-GC-X1,1,Salah-Eddin Gherbi,S04,4,1456.97925882,792.28272535,6,printed curve labelled x=1,"solid front-side run started near UCLR node; stopped before a part of label 1 MONTH from full label r = 1, θ = 1 MONTH",2026-08-01T19:51:07Z
AOG_P07_SPHERICAL_PROJECTION,ef8b7d652edea5227166e54ca1bf6e81a4c02afd0d78c9d793e615a2db6906f6,afb1df2172f081fa426f2f86c56912079116f6441ba64df367861d00375fddc4,AOG-LM-P07-GC-X1,1,Salah-Eddin Gherbi,S04,5,1459.91119193,789.909255689,6,printed curve labelled x=1,"solid front-side run started near UCLR node; stopped before a part of label 1 MONTH from full label r = 1, θ = 1 MONTH",2026-08-01T19:51:07Z
AOG_P07_SPHERICAL_PROJECTION,ef8b7d652edea5227166e54ca1bf6e81a4c02afd0d78c9d793e615a2db6906f6,afb1df2172f081fa426f2f86c56912079116f6441ba64df367861d00375fddc4,AOG-LM-P07-GC-X1,1,Salah-Eddin Gherbi,S04,6,1463.61101229,787.535786027,6,printed curve labelled x=1,"solid front-side run started near UCLR node; stopped before a part of label 1 MONTH from full label r = 1, θ = 1 MONTH",2026-08-01T19:51:07Z
AOG_P07_SPHERICAL_PROJECTION,ef8b7d652edea5227166e54ca1bf6e81a4c02afd0d78c9d793e615a2db6906f6,afb1df2172f081fa426f2f86c56912079116f6441ba64df367861d00375fddc4,AOG-LM-P07-GC-X1,1,Salah-Eddin Gherbi,S04,7,1467.10140885,785.511356022,6,printed curve labelled x=1,"solid front-side run started near UCLR node; stopped before a part of label 1 MONTH from full label r = 1, θ = 1 MONTH",2026-08-01T19:51:07Z
AOG_P07_SPHERICAL_PROJECTION,ef8b7d652edea5227166e54ca1bf6e81a4c02afd0d78c9d793e615a2db6906f6,afb1df2172f081fa426f2f86c56912079116f6441ba64df367861d00375fddc4,AOG-LM-P07-GC-X1,1,Salah-Eddin Gherbi,S04,8,1470.24276575,783.277502222,6,printed curve labelled x=1,"solid front-side run started near UCLR node; stopped before a part of label 1 MONTH from full label r = 1, θ = 1 MONTH",2026-08-01T19:51:07Z
AOG_P07_SPHERICAL_PROJECTION,ef8b7d652edea5227166e54ca1bf6e81a4c02afd0d78c9d793e615a2db6906f6,afb1df2172f081fa426f2f86c56912079116f6441ba64df367861d00375fddc4,AOG-LM-P07-GC-X1,1,Salah-Eddin Gherbi,S04,9,1473.66335438,780.973840492,6,printed curve labelled x=1,"solid front-side run started near UCLR node; stopped before a part of label 1 MONTH from full label r = 1, θ = 1 MONTH",2026-08-01T19:51:07Z
AOG_P07_SPHERICAL_PROJECTION,ef8b7d652edea5227166e54ca1bf6e81a4c02afd0d78c9d793e615a2db6906f6,afb1df2172f081fa426f2f86c56912079116f6441ba64df367861d00375fddc4,AOG-LM-P07-GC-X1,1,Salah-Eddin Gherbi,S04,10,1477.01413508,778.390947037,6,printed curve labelled x=1,"solid front-side run started near UCLR node; stopped before a part of label 1 MONTH from full label r = 1, θ = 1 MONTH",2026-08-01T19:51:07Z
AOG_P07_SPHERICAL_PROJECTION,ef8b7d652edea5227166e54ca1bf6e81a4c02afd0d78c9d793e615a2db6906f6,afb1df2172f081fa426f2f86c56912079116f6441ba64df367861d00375fddc4,AOG-LM-P07-GC-X1,1,Salah-Eddin Gherbi,S05,0,1525.30484044,752.795869055,6,printed curve labelled x=1,"solid front-side run started near a part of label 1 MONTH from full label r = 1, θ = 1 MONTH; stopped before the middle right side node on the outer boundary",2026-08-01T19:53:27Z
AOG_P07_SPHERICAL_PROJECTION,ef8b7d652edea5227166e54ca1bf6e81a4c02afd0d78c9d793e615a2db6906f6,afb1df2172f081fa426f2f86c56912079116f6441ba64df367861d00375fddc4,AOG-LM-P07-GC-X1,1,Salah-Eddin Gherbi,S05,1,1529.9121639,749.340376459,6,printed curve labelled x=1,"solid front-side run started near a part of label 1 MONTH from full label r = 1, θ = 1 MONTH; stopped before the middle right side node on the outer boundary",2026-08-01T19:53:27Z
AOG_P07_SPHERICAL_PROJECTION,ef8b7d652edea5227166e54ca1bf6e81a4c02afd0d78c9d793e615a2db6906f6,afb1df2172f081fa426f2f86c56912079116f6441ba64df367861d00375fddc4,AOG-LM-P07-GC-X1,1,Salah-Eddin Gherbi,S05,2,1534.51948736,746.364813391,6,printed curve labelled x=1,"solid front-side run started near a part of label 1 MONTH from full label r = 1, θ = 1 MONTH; stopped before the middle right side node on the outer boundary",2026-08-01T19:53:27Z
AOG_P07_SPHERICAL_PROJECTION,ef8b7d652edea5227166e54ca1bf6e81a4c02afd0d78c9d793e615a2db6906f6,afb1df2172f081fa426f2f86c56912079116f6441ba64df367861d00375fddc4,AOG-LM-P07-GC-X1,1,Salah-Eddin Gherbi,S05,3,1537.39906452,743.965165755,6,printed curve labelled x=1,"solid front-side run started near a part of label 1 MONTH from full label r = 1, θ = 1 MONTH; stopped before the middle right side node on the outer boundary",2026-08-01T19:53:27Z
AOG_P07_SPHERICAL_PROJECTION,ef8b7d652edea5227166e54ca1bf6e81a4c02afd0d78c9d793e615a2db6906f6,afb1df2172f081fa426f2f86c56912079116f6441ba64df367861d00375fddc4,AOG-LM-P07-GC-X1,1,Salah-Eddin Gherbi,S05,4,1540.4706135,740.893616781,6,printed curve labelled x=1,"solid front-side run started near a part of label 1 MONTH from full label r = 1, θ = 1 MONTH; stopped before the middle right side node on the outer boundary",2026-08-01T19:53:27Z
AOG_P07_SPHERICAL_PROJECTION,ef8b7d652edea5227166e54ca1bf6e81a4c02afd0d78c9d793e615a2db6906f6,afb1df2172f081fa426f2f86c56912079116f6441ba64df367861d00375fddc4,AOG-LM-P07-GC-X1,1,Salah-Eddin Gherbi,S05,5,1543.63814837,738.685940956,6,printed curve labelled x=1,"solid front-side run started near a part of label 1 MONTH from full label r = 1, θ = 1 MONTH; stopped before the middle right side node on the outer boundary",2026-08-01T19:53:27Z
AOG_P07_SPHERICAL_PROJECTION,ef8b7d652edea5227166e54ca1bf6e81a4c02afd0d78c9d793e615a2db6906f6,afb1df2172f081fa426f2f86c56912079116f6441ba64df367861d00375fddc4,AOG-LM-P07-GC-X1,1,Salah-Eddin Gherbi,S05,6,1546.90166916,736.670236942,6,printed curve labelled x=1,"solid front-side run started near a part of label 1 MONTH from full label r = 1, θ = 1 MONTH; stopped before the middle right side node on the outer boundary",2026-08-01T19:53:27Z
AOG_P07_SPHERICAL_PROJECTION,ef8b7d652edea5227166e54ca1bf6e81a4c02afd0d78c9d793e615a2db6906f6,afb1df2172f081fa426f2f86c56912079116f6441ba64df367861d00375fddc4,AOG-LM-P07-GC-X1,1,Salah-Eddin Gherbi,S05,7,1550.64511947,734.078617496,6,printed curve labelled x=1,"solid front-side run started near a part of label 1 MONTH from full label r = 1, θ = 1 MONTH; stopped before the middle right side node on the outer boundary",2026-08-01T19:53:27Z
AOG_P07_SPHERICAL_PROJECTION,ef8b7d652edea5227166e54ca1bf6e81a4c02afd0d78c9d793e615a2db6906f6,afb1df2172f081fa426f2f86c56912079116f6441ba64df367861d00375fddc4,AOG-LM-P07-GC-X1,1,Salah-Eddin Gherbi,S05,8,1553.52469663,731.582983955,6,printed curve labelled x=1,"solid front-side run started near a part of label 1 MONTH from full label r = 1, θ = 1 MONTH; stopped before the middle right side node on the outer boundary",2026-08-01T19:53:27Z
AOG_P07_SPHERICAL_PROJECTION,ef8b7d652edea5227166e54ca1bf6e81a4c02afd0d78c9d793e615a2db6906f6,afb1df2172f081fa426f2f86c56912079116f6441ba64df367861d00375fddc4,AOG-LM-P07-GC-X1,1,Salah-Eddin Gherbi,S05,9,1556.11631608,729.37530813,6,printed curve labelled x=1,"solid front-side run started near a part of label 1 MONTH from full label r = 1, θ = 1 MONTH; stopped before the middle right side node on the outer boundary",2026-08-01T19:53:27Z
AOG_P07_SPHERICAL_PROJECTION,ef8b7d652edea5227166e54ca1bf6e81a4c02afd0d78c9d793e615a2db6906f6,afb1df2172f081fa426f2f86c56912079116f6441ba64df367861d00375fddc4,AOG-LM-P07-GC-X1,1,Salah-Eddin Gherbi,S05,10,1558.41997781,727.551575927,6,printed curve labelled x=1,"solid front-side run started near a part of label 1 MONTH from full label r = 1, θ = 1 MONTH; stopped before the middle right side node on the outer boundary",2026-08-01T19:53:27Z
AOG_P07_SPHERICAL_PROJECTION,ef8b7d652edea5227166e54ca1bf6e81a4c02afd0d78c9d793e615a2db6906f6,afb1df2172f081fa426f2f86c56912079116f6441ba64df367861d00375fddc4,AOG-LM-P07-GC-X1,1,Salah-Eddin Gherbi,S05,11,1561.01159726,725.727843723,6,printed curve labelled x=1,"solid front-side run started near a part of label 1 MONTH from full label r = 1, θ = 1 MONTH; stopped before the middle right side node on the outer boundary",2026-08-01T19:53:27Z
AOG_P07_SPHERICAL_PROJECTION,ef8b7d652edea5227166e54ca1bf6e81a4c02afd0d78c9d793e615a2db6906f6,afb1df2172f081fa426f2f86c56912079116f6441ba64df367861d00375fddc4,AOG-LM-P07-GC-X1,1,Salah-Eddin Gherbi,S05,12,1563.98716033,724.096083331,6,printed curve labelled x=1,"solid front-side run started near a part of label 1 MONTH from full label r = 1, θ = 1 MONTH; stopped before the middle right side node on the outer boundary",2026-08-01T19:53:27Z
AOG_P07_SPHERICAL_PROJECTION,ef8b7d652edea5227166e54ca1bf6e81a4c02afd0d78c9d793e615a2db6906f6,afb1df2172f081fa426f2f86c56912079116f6441ba64df367861d00375fddc4,AOG-LM-P07-GC-X1,1,Salah-Eddin Gherbi,S05,13,1566.48279387,722.368337033,6,printed curve labelled x=1,"solid front-side run started near a part of label 1 MONTH from full label r = 1, θ = 1 MONTH; stopped before the middle right side node on the outer boundary",2026-08-01T19:53:27Z
AOG_P07_SPHERICAL_PROJECTION,ef8b7d652edea5227166e54ca1bf6e81a4c02afd0d78c9d793e615a2db6906f6,afb1df2172f081fa426f2f86c56912079116f6441ba64df367861d00375fddc4,AOG-LM-P07-GC-X1,1,Salah-Eddin Gherbi,S05,14,1569.55434284,720.160661209,6,printed curve labelled x=1,"solid front-side run started near a part of label 1 MONTH from full label r = 1, θ = 1 MONTH; stopped before the middle right side node on the outer boundary",2026-08-01T19:53:27Z
AOG_P07_SPHERICAL_PROJECTION,ef8b7d652edea5227166e54ca1bf6e81a4c02afd0d78c9d793e615a2db6906f6,afb1df2172f081fa426f2f86c56912079116f6441ba64df367861d00375fddc4,AOG-LM-P07-GC-X1,1,Salah-Eddin Gherbi,S05,15,1572.24194819,717.665027667,6,printed curve labelled x=1,"solid front-side run started near a part of label 1 MONTH from full label r = 1, θ = 1 MONTH; stopped before the middle right side node on the outer boundary",2026-08-01T19:53:27Z
AOG_P07_SPHERICAL_PROJECTION,ef8b7d652edea5227166e54ca1bf6e81a4c02afd0d78c9d793e615a2db6906f6,afb1df2172f081fa426f2f86c56912079116f6441ba64df367861d00375fddc4,AOG-LM-P07-GC-X1,1,Salah-Eddin Gherbi,S05,16,1574.92955354,715.265380032,6,printed curve labelled x=1,"solid front-side run started near a part of label 1 MONTH from full label r = 1, θ = 1 MONTH; stopped before the middle right side node on the outer boundary",2026-08-01T19:53:27Z
AOG_P07_SPHERICAL_PROJECTION,ef8b7d652edea5227166e54ca1bf6e81a4c02afd0d78c9d793e615a2db6906f6,afb1df2172f081fa426f2f86c56912079116f6441ba64df367861d00375fddc4,AOG-LM-P07-GC-X1,1,Salah-Eddin Gherbi,S05,17,1578.00110252,712.76974649,6,printed curve labelled x=1,"solid front-side run started near a part of label 1 MONTH from full label r = 1, θ = 1 MONTH; stopped before the middle right side node on the outer boundary",2026-08-01T19:53:27Z
AOG_P07_SPHERICAL_PROJECTION,ef8b7d652edea5227166e54ca1bf6e81a4c02afd0d78c9d793e615a2db6906f6,afb1df2172f081fa426f2f86c56912079116f6441ba64df367861d00375fddc4,AOG-LM-P07-GC-X1,1,Salah-Eddin Gherbi,S05,18,1580.78469378,710.658056571,6,printed curve labelled x=1,"solid front-side run started near a part of label 1 MONTH from full label r = 1, θ = 1 MONTH; stopped before the middle right side node on the outer boundary",2026-08-01T19:53:27Z
AOG_P07_SPHERICAL_PROJECTION,ef8b7d652edea5227166e54ca1bf6e81a4c02afd0d78c9d793e615a2db6906f6,afb1df2172f081fa426f2f86c56912079116f6441ba64df367861d00375fddc4,AOG-LM-P07-GC-X1,1,Salah-Eddin Gherbi,S05,19,1582.9923696,708.642352557,6,printed curve labelled x=1,"solid front-side run started near a part of label 1 MONTH from full label r = 1, θ = 1 MONTH; stopped before the middle right side node on the outer boundary",2026-08-01T19:53:27Z
