crop_id,crop_file_sha256,crop_pixel_sha256,landmark_id,pass_number,operator,segment_id,sequence_index,x_px,y_px,local_stroke_width_px,source_feature,operator_note,timestamp_utc
AOG_P07_SPHERICAL_PROJECTION,ef8b7d652edea5227166e54ca1bf6e81a4c02afd0d78c9d793e615a2db6906f6,afb1df2172f081fa426f2f86c56912079116f6441ba64df367861d00375fddc4,AOG-LM-P07-SPIRAL-SPHERICAL,2,Salah-Eddin Gherbi,S01,0,1224.09645533,691.380661809,14,thick reciprocal-spiral projection in the spherical panel,First innermost spiral arc started near the central node; stopped before dashed back-hemisphere of y = 0,2026-08-04T08:37:32Z
AOG_P07_SPHERICAL_PROJECTION,ef8b7d652edea5227166e54ca1bf6e81a4c02afd0d78c9d793e615a2db6906f6,afb1df2172f081fa426f2f86c56912079116f6441ba64df367861d00375fddc4,AOG-LM-P07-SPIRAL-SPHERICAL,2,Salah-Eddin Gherbi,S01,1,1224.76835667,689.181711976,14,thick reciprocal-spiral projection in the spherical panel,First innermost spiral arc started near the central node; stopped before dashed back-hemisphere of y = 0,2026-08-04T08:37:32Z
AOG_P07_SPHERICAL_PROJECTION,ef8b7d652edea5227166e54ca1bf6e81a4c02afd0d78c9d793e615a2db6906f6,afb1df2172f081fa426f2f86c56912079116f6441ba64df367861d00375fddc4,AOG-LM-P07-SPIRAL-SPHERICAL,2,Salah-Eddin Gherbi,S01,2,1225.37917607,687.043844082,14,thick reciprocal-spiral projection in the spherical panel,First innermost spiral arc started near the central node; stopped before dashed back-hemisphere of y = 0,2026-08-04T08:37:32Z
AOG_P07_SPHERICAL_PROJECTION,ef8b7d652edea5227166e54ca1bf6e81a4c02afd0d78c9d793e615a2db6906f6,afb1df2172f081fa426f2f86c56912079116f6441ba64df367861d00375fddc4,AOG-LM-P07-SPIRAL-SPHERICAL,2,Salah-Eddin Gherbi,S01,3,1225.98999547,685.211385887,14,thick reciprocal-spiral projection in the spherical panel,First innermost spiral arc started near the central node; stopped before dashed back-hemisphere of y = 0,2026-08-04T08:37:32Z
AOG_P07_SPHERICAL_PROJECTION,ef8b7d652edea5227166e54ca1bf6e81a4c02afd0d78c9d793e615a2db6906f6,afb1df2172f081fa426f2f86c56912079116f6441ba64df367861d00375fddc4,AOG-LM-P07-SPIRAL-SPHERICAL,2,Salah-Eddin Gherbi,S01,4,1226.78406068,683.317845753,14,thick reciprocal-spiral projection in the spherical panel,First innermost spiral arc started near the central node; stopped before dashed back-hemisphere of y = 0,2026-08-04T08:37:32Z
AOG_P07_SPHERICAL_PROJECTION,ef8b7d652edea5227166e54ca1bf6e81a4c02afd0d78c9d793e615a2db6906f6,afb1df2172f081fa426f2f86c56912079116f6441ba64df367861d00375fddc4,AOG-LM-P07-SPIRAL-SPHERICAL,2,Salah-Eddin Gherbi,S01,5,1227.51704396,681.546469498,14,thick reciprocal-spiral projection in the spherical panel,First innermost spiral arc started near the central node; stopped before dashed back-hemisphere of y = 0,2026-08-04T08:37:32Z
AOG_P07_SPHERICAL_PROJECTION,ef8b7d652edea5227166e54ca1bf6e81a4c02afd0d78c9d793e615a2db6906f6,afb1df2172f081fa426f2f86c56912079116f6441ba64df367861d00375fddc4,AOG-LM-P07-SPIRAL-SPHERICAL,2,Salah-Eddin Gherbi,S01,6,1228.43327306,680.080502943,14,thick reciprocal-spiral projection in the spherical panel,First innermost spiral arc started near the central node; stopped before dashed back-hemisphere of y = 0,2026-08-04T08:37:32Z
AOG_P07_SPHERICAL_PROJECTION,ef8b7d652edea5227166e54ca1bf6e81a4c02afd0d78c9d793e615a2db6906f6,afb1df2172f081fa426f2f86c56912079116f6441ba64df367861d00375fddc4,AOG-LM-P07-SPIRAL-SPHERICAL,2,Salah-Eddin Gherbi,S01,7,1229.65491185,678.125880868,14,thick reciprocal-spiral projection in the spherical panel,First innermost spiral arc started near the central node; stopped before dashed back-hemisphere of y = 0,2026-08-04T08:37:32Z
AOG_P07_SPHERICAL_PROJECTION,ef8b7d652edea5227166e54ca1bf6e81a4c02afd0d78c9d793e615a2db6906f6,afb1df2172f081fa426f2f86c56912079116f6441ba64df367861d00375fddc4,AOG-LM-P07-SPIRAL-SPHERICAL,2,Salah-Eddin Gherbi,S01,8,1230.81546871,676.598832373,14,thick reciprocal-spiral projection in the spherical panel,First innermost spiral arc started near the central node; stopped before dashed back-hemisphere of y = 0,2026-08-04T08:37:32Z
AOG_P07_SPHERICAL_PROJECTION,ef8b7d652edea5227166e54ca1bf6e81a4c02afd0d78c9d793e615a2db6906f6,afb1df2172f081fa426f2f86c56912079116f6441ba64df367861d00375fddc4,AOG-LM-P07-SPIRAL-SPHERICAL,2,Salah-Eddin Gherbi,S01,9,1231.73169781,674.949619998,14,thick reciprocal-spiral projection in the spherical panel,First innermost spiral arc started near the central node; stopped before dashed back-hemisphere of y = 0,2026-08-04T08:37:32Z
AOG_P07_SPHERICAL_PROJECTION,ef8b7d652edea5227166e54ca1bf6e81a4c02afd0d78c9d793e615a2db6906f6,afb1df2172f081fa426f2f86c56912079116f6441ba64df367861d00375fddc4,AOG-LM-P07-SPIRAL-SPHERICAL,2,Salah-Eddin Gherbi,S01,10,1233.01441854,673.300407623,14,thick reciprocal-spiral projection in the spherical panel,First innermost spiral arc started near the central node; stopped before dashed back-hemisphere of y = 0,2026-08-04T08:37:32Z
AOG_P07_SPHERICAL_PROJECTION,ef8b7d652edea5227166e54ca1bf6e81a4c02afd0d78c9d793e615a2db6906f6,afb1df2172f081fa426f2f86c56912079116f6441ba64df367861d00375fddc4,AOG-LM-P07-SPIRAL-SPHERICAL,2,Salah-Eddin Gherbi,S01,11,1234.4803851,671.895523007,14,thick reciprocal-spiral projection in the spherical panel,First innermost spiral arc started near the central node; stopped before dashed back-hemisphere of y = 0,2026-08-04T08:37:32Z
AOG_P07_SPHERICAL_PROJECTION,ef8b7d652edea5227166e54ca1bf6e81a4c02afd0d78c9d793e615a2db6906f6,afb1df2172f081fa426f2f86c56912079116f6441ba64df367861d00375fddc4,AOG-LM-P07-SPIRAL-SPHERICAL,2,Salah-Eddin Gherbi,S01,12,1235.57986002,670.67388421,14,thick reciprocal-spiral projection in the spherical panel,First innermost spiral arc started near the central node; stopped before dashed back-hemisphere of y = 0,2026-08-04T08:37:32Z
AOG_P07_SPHERICAL_PROJECTION,ef8b7d652edea5227166e54ca1bf6e81a4c02afd0d78c9d793e615a2db6906f6,afb1df2172f081fa426f2f86c56912079116f6441ba64df367861d00375fddc4,AOG-LM-P07-SPIRAL-SPHERICAL,2,Salah-Eddin Gherbi,S02,0,1236.69549914,670.184604527,14,thick reciprocal-spiral projection in the spherical panel,Second innermost spiral arc started near dashed back-hemisphere of y = 0; stopped before Great Circle projection of y-axis,2026-08-04T08:39:09Z
AOG_P07_SPHERICAL_PROJECTION,ef8b7d652edea5227166e54ca1bf6e81a4c02afd0d78c9d793e615a2db6906f6,afb1df2172f081fa426f2f86c56912079116f6441ba64df367861d00375fddc4,AOG-LM-P07-SPIRAL-SPHERICAL,2,Salah-Eddin Gherbi,S02,1,1238.48296449,669.198416743,14,thick reciprocal-spiral projection in the spherical panel,Second innermost spiral arc started near dashed back-hemisphere of y = 0; stopped before Great Circle projection of y-axis,2026-08-04T08:39:09Z
AOG_P07_SPHERICAL_PROJECTION,ef8b7d652edea5227166e54ca1bf6e81a4c02afd0d78c9d793e615a2db6906f6,afb1df2172f081fa426f2f86c56912079116f6441ba64df367861d00375fddc4,AOG-LM-P07-SPIRAL-SPHERICAL,2,Salah-Eddin Gherbi,S02,2,1240.39370332,668.458775906,14,thick reciprocal-spiral projection in the spherical panel,Second innermost spiral arc started near dashed back-hemisphere of y = 0; stopped before Great Circle projection of y-axis,2026-08-04T08:39:09Z
AOG_P07_SPHERICAL_PROJECTION,ef8b7d652edea5227166e54ca1bf6e81a4c02afd0d78c9d793e615a2db6906f6,afb1df2172f081fa426f2f86c56912079116f6441ba64df367861d00375fddc4,AOG-LM-P07-SPIRAL-SPHERICAL,2,Salah-Eddin Gherbi,S02,3,1241.68807479,667.657498332,14,thick reciprocal-spiral projection in the spherical panel,Second innermost spiral arc started near dashed back-hemisphere of y = 0; stopped before Great Circle projection of y-axis,2026-08-04T08:39:09Z
AOG_P07_SPHERICAL_PROJECTION,ef8b7d652edea5227166e54ca1bf6e81a4c02afd0d78c9d793e615a2db6906f6,afb1df2172f081fa426f2f86c56912079116f6441ba64df367861d00375fddc4,AOG-LM-P07-SPIRAL-SPHERICAL,2,Salah-Eddin Gherbi,S02,4,1243.59881362,667.226041176,14,thick reciprocal-spiral projection in the spherical panel,Second innermost spiral arc started near dashed back-hemisphere of y = 0; stopped before Great Circle projection of y-axis,2026-08-04T08:39:09Z
AOG_P07_SPHERICAL_PROJECTION,ef8b7d652edea5227166e54ca1bf6e81a4c02afd0d78c9d793e615a2db6906f6,afb1df2172f081fa426f2f86c56912079116f6441ba64df367861d00375fddc4,AOG-LM-P07-SPIRAL-SPHERICAL,2,Salah-Eddin Gherbi,S02,5,1245.13973203,666.671310548,14,thick reciprocal-spiral projection in the spherical panel,Second innermost spiral arc started near dashed back-hemisphere of y = 0; stopped before Great Circle projection of y-axis,2026-08-04T08:39:09Z
AOG_P07_SPHERICAL_PROJECTION,ef8b7d652edea5227166e54ca1bf6e81a4c02afd0d78c9d793e615a2db6906f6,afb1df2172f081fa426f2f86c56912079116f6441ba64df367861d00375fddc4,AOG-LM-P07-SPIRAL-SPHERICAL,2,Salah-Eddin Gherbi,S02,6,1246.74228718,666.054943183,14,thick reciprocal-spiral projection in the spherical panel,Second innermost spiral arc started near dashed back-hemisphere of y = 0; stopped before Great Circle projection of y-axis,2026-08-04T08:39:09Z
AOG_P07_SPHERICAL_PROJECTION,ef8b7d652edea5227166e54ca1bf6e81a4c02afd0d78c9d793e615a2db6906f6,afb1df2172f081fa426f2f86c56912079116f6441ba64df367861d00375fddc4,AOG-LM-P07-SPIRAL-SPHERICAL,2,Salah-Eddin Gherbi,S02,7,1248.89957296,665.561849292,14,thick reciprocal-spiral projection in the spherical panel,Second innermost spiral arc started near dashed back-hemisphere of y = 0; stopped before Great Circle projection of y-axis,2026-08-04T08:39:09Z
AOG_P07_SPHERICAL_PROJECTION,ef8b7d652edea5227166e54ca1bf6e81a4c02afd0d78c9d793e615a2db6906f6,afb1df2172f081fa426f2f86c56912079116f6441ba64df367861d00375fddc4,AOG-LM-P07-SPIRAL-SPHERICAL,2,Salah-Eddin Gherbi,S02,8,1251.05685873,665.253665609,14,thick reciprocal-spiral projection in the spherical panel,Second innermost spiral arc started near dashed back-hemisphere of y = 0; stopped before Great Circle projection of y-axis,2026-08-04T08:39:09Z
AOG_P07_SPHERICAL_PROJECTION,ef8b7d652edea5227166e54ca1bf6e81a4c02afd0d78c9d793e615a2db6906f6,afb1df2172f081fa426f2f86c56912079116f6441ba64df367861d00375fddc4,AOG-LM-P07-SPIRAL-SPHERICAL,2,Salah-Eddin Gherbi,S02,9,1252.47450367,665.130392136,14,thick reciprocal-spiral projection in the spherical panel,Second innermost spiral arc started near dashed back-hemisphere of y = 0; stopped before Great Circle projection of y-axis,2026-08-04T08:39:09Z
AOG_P07_SPHERICAL_PROJECTION,ef8b7d652edea5227166e54ca1bf6e81a4c02afd0d78c9d793e615a2db6906f6,afb1df2172f081fa426f2f86c56912079116f6441ba64df367861d00375fddc4,AOG-LM-P07-SPIRAL-SPHERICAL,2,Salah-Eddin Gherbi,S02,10,1255.00160987,665.0687554,14,thick reciprocal-spiral projection in the spherical panel,Second innermost spiral arc started near dashed back-hemisphere of y = 0; stopped before Great Circle projection of y-axis,2026-08-04T08:39:09Z
AOG_P07_SPHERICAL_PROJECTION,ef8b7d652edea5227166e54ca1bf6e81a4c02afd0d78c9d793e615a2db6906f6,afb1df2172f081fa426f2f86c56912079116f6441ba64df367861d00375fddc4,AOG-LM-P07-SPIRAL-SPHERICAL,2,Salah-Eddin Gherbi,S02,11,1256.48089154,664.822208454,14,thick reciprocal-spiral projection in the spherical panel,Second innermost spiral arc started near dashed back-hemisphere of y = 0; stopped before Great Circle projection of y-axis,2026-08-04T08:39:09Z
AOG_P07_SPHERICAL_PROJECTION,ef8b7d652edea5227166e54ca1bf6e81a4c02afd0d78c9d793e615a2db6906f6,afb1df2172f081fa426f2f86c56912079116f6441ba64df367861d00375fddc4,AOG-LM-P07-SPIRAL-SPHERICAL,2,Salah-Eddin Gherbi,S02,12,1258.57654058,664.945481927,14,thick reciprocal-spiral projection in the spherical panel,Second innermost spiral arc started near dashed back-hemisphere of y = 0; stopped before Great Circle projection of y-axis,2026-08-04T08:39:09Z
AOG_P07_SPHERICAL_PROJECTION,ef8b7d652edea5227166e54ca1bf6e81a4c02afd0d78c9d793e615a2db6906f6,afb1df2172f081fa426f2f86c56912079116f6441ba64df367861d00375fddc4,AOG-LM-P07-SPIRAL-SPHERICAL,2,Salah-Eddin Gherbi,S02,13,1260.54891615,664.822208454,14,thick reciprocal-spiral projection in the spherical panel,Second innermost spiral arc started near dashed back-hemisphere of y = 0; stopped before Great Circle projection of y-axis,2026-08-04T08:39:09Z
AOG_P07_SPHERICAL_PROJECTION,ef8b7d652edea5227166e54ca1bf6e81a4c02afd0d78c9d793e615a2db6906f6,afb1df2172f081fa426f2f86c56912079116f6441ba64df367861d00375fddc4,AOG-LM-P07-SPIRAL-SPHERICAL,2,Salah-Eddin Gherbi,S02,14,1262.58292845,665.130392136,14,thick reciprocal-spiral projection in the spherical panel,Second innermost spiral arc started near dashed back-hemisphere of y = 0; stopped before Great Circle projection of y-axis,2026-08-04T08:39:09Z
AOG_P07_SPHERICAL_PROJECTION,ef8b7d652edea5227166e54ca1bf6e81a4c02afd0d78c9d793e615a2db6906f6,afb1df2172f081fa426f2f86c56912079116f6441ba64df367861d00375fddc4,AOG-LM-P07-SPIRAL-SPHERICAL,2,Salah-Eddin Gherbi,S02,15,1264.30875707,665.315302346,14,thick reciprocal-spiral projection in the spherical panel,Second innermost spiral arc started near dashed back-hemisphere of y = 0; stopped before Great Circle projection of y-axis,2026-08-04T08:39:09Z
AOG_P07_SPHERICAL_PROJECTION,ef8b7d652edea5227166e54ca1bf6e81a4c02afd0d78c9d793e615a2db6906f6,afb1df2172f081fa426f2f86c56912079116f6441ba64df367861d00375fddc4,AOG-LM-P07-SPIRAL-SPHERICAL,2,Salah-Eddin Gherbi,S02,16,1266.52767959,665.746759501,14,thick reciprocal-spiral projection in the spherical panel,Second innermost spiral arc started near dashed back-hemisphere of y = 0; stopped before Great Circle projection of y-axis,2026-08-04T08:39:09Z
AOG_P07_SPHERICAL_PROJECTION,ef8b7d652edea5227166e54ca1bf6e81a4c02afd0d78c9d793e615a2db6906f6,afb1df2172f081fa426f2f86c56912079116f6441ba64df367861d00375fddc4,AOG-LM-P07-SPIRAL-SPHERICAL,2,Salah-Eddin Gherbi,S02,17,1268.068598,666.178216656,14,thick reciprocal-spiral projection in the spherical panel,Second innermost spiral arc started near dashed back-hemisphere of y = 0; stopped before Great Circle projection of y-axis,2026-08-04T08:39:09Z
AOG_P07_SPHERICAL_PROJECTION,ef8b7d652edea5227166e54ca1bf6e81a4c02afd0d78c9d793e615a2db6906f6,afb1df2172f081fa426f2f86c56912079116f6441ba64df367861d00375fddc4,AOG-LM-P07-SPIRAL-SPHERICAL,2,Salah-Eddin Gherbi,S02,18,1270.28752051,667.102767703,14,thick reciprocal-spiral projection in the spherical panel,Second innermost spiral arc started near dashed back-hemisphere of y = 0; stopped before Great Circle projection of y-axis,2026-08-04T08:39:09Z
AOG_P07_SPHERICAL_PROJECTION,ef8b7d652edea5227166e54ca1bf6e81a4c02afd0d78c9d793e615a2db6906f6,afb1df2172f081fa426f2f86c56912079116f6441ba64df367861d00375fddc4,AOG-LM-P07-SPIRAL-SPHERICAL,2,Salah-Eddin Gherbi,S02,19,1271.70516545,667.657498332,14,thick reciprocal-spiral projection in the spherical panel,Second innermost spiral arc started near dashed back-hemisphere of y = 0; stopped before Great Circle projection of y-axis,2026-08-04T08:39:09Z
AOG_P07_SPHERICAL_PROJECTION,ef8b7d652edea5227166e54ca1bf6e81a4c02afd0d78c9d793e615a2db6906f6,afb1df2172f081fa426f2f86c56912079116f6441ba64df367861d00375fddc4,AOG-LM-P07-SPIRAL-SPHERICAL,2,Salah-Eddin Gherbi,S02,20,1273.24608386,668.02731875,14,thick reciprocal-spiral projection in the spherical panel,Second innermost spiral arc started near dashed back-hemisphere of y = 0; stopped before Great Circle projection of y-axis,2026-08-04T08:39:09Z
AOG_P07_SPHERICAL_PROJECTION,ef8b7d652edea5227166e54ca1bf6e81a4c02afd0d78c9d793e615a2db6906f6,afb1df2172f081fa426f2f86c56912079116f6441ba64df367861d00375fddc4,AOG-LM-P07-SPIRAL-SPHERICAL,2,Salah-Eddin Gherbi,S02,21,1274.6637288,668.828596324,14,thick reciprocal-spiral projection in the spherical panel,Second innermost spiral arc started near dashed back-hemisphere of y = 0; stopped before Great Circle projection of y-axis,2026-08-04T08:39:09Z
AOG_P07_SPHERICAL_PROJECTION,ef8b7d652edea5227166e54ca1bf6e81a4c02afd0d78c9d793e615a2db6906f6,afb1df2172f081fa426f2f86c56912079116f6441ba64df367861d00375fddc4,AOG-LM-P07-SPIRAL-SPHERICAL,2,Salah-Eddin Gherbi,S02,22,1276.019737,669.444963689,14,thick reciprocal-spiral projection in the spherical panel,Second innermost spiral arc started near dashed back-hemisphere of y = 0; stopped before Great Circle projection of y-axis,2026-08-04T08:39:09Z
AOG_P07_SPHERICAL_PROJECTION,ef8b7d652edea5227166e54ca1bf6e81a4c02afd0d78c9d793e615a2db6906f6,afb1df2172f081fa426f2f86c56912079116f6441ba64df367861d00375fddc4,AOG-LM-P07-SPIRAL-SPHERICAL,2,Salah-Eddin Gherbi,S02,23,1277.62229215,670.307878,14,thick reciprocal-spiral projection in the spherical panel,Second innermost spiral arc started near dashed back-hemisphere of y = 0; stopped before Great Circle projection of y-axis,2026-08-04T08:39:09Z
AOG_P07_SPHERICAL_PROJECTION,ef8b7d652edea5227166e54ca1bf6e81a4c02afd0d78c9d793e615a2db6906f6,afb1df2172f081fa426f2f86c56912079116f6441ba64df367861d00375fddc4,AOG-LM-P07-SPIRAL-SPHERICAL,2,Salah-Eddin Gherbi,S02,24,1279.16321056,671.602249465,14,thick reciprocal-spiral projection in the spherical panel,Second innermost spiral arc started near dashed back-hemisphere of y = 0; stopped before Great Circle projection of y-axis,2026-08-04T08:39:09Z
AOG_P07_SPHERICAL_PROJECTION,ef8b7d652edea5227166e54ca1bf6e81a4c02afd0d78c9d793e615a2db6906f6,afb1df2172f081fa426f2f86c56912079116f6441ba64df367861d00375fddc4,AOG-LM-P07-SPIRAL-SPHERICAL,2,Salah-Eddin Gherbi,S02,25,1280.70412897,672.834984195,14,thick reciprocal-spiral projection in the spherical panel,Second innermost spiral arc started near dashed back-hemisphere of y = 0; stopped before Great Circle projection of y-axis,2026-08-04T08:39:09Z
AOG_P07_SPHERICAL_PROJECTION,ef8b7d652edea5227166e54ca1bf6e81a4c02afd0d78c9d793e615a2db6906f6,afb1df2172f081fa426f2f86c56912079116f6441ba64df367861d00375fddc4,AOG-LM-P07-SPIRAL-SPHERICAL,2,Salah-Eddin Gherbi,S02,26,1281.87522697,673.821171978,14,thick reciprocal-spiral projection in the spherical panel,Second innermost spiral arc started near dashed back-hemisphere of y = 0; stopped before Great Circle projection of y-axis,2026-08-04T08:39:09Z
AOG_P07_SPHERICAL_PROJECTION,ef8b7d652edea5227166e54ca1bf6e81a4c02afd0d78c9d793e615a2db6906f6,afb1df2172f081fa426f2f86c56912079116f6441ba64df367861d00375fddc4,AOG-LM-P07-SPIRAL-SPHERICAL,2,Salah-Eddin Gherbi,S02,27,1282.55323107,674.31426587,14,thick reciprocal-spiral projection in the spherical panel,Second innermost spiral arc started near dashed back-hemisphere of y = 0; stopped before Great Circle projection of y-axis,2026-08-04T08:39:09Z
AOG_P07_SPHERICAL_PROJECTION,ef8b7d652edea5227166e54ca1bf6e81a4c02afd0d78c9d793e615a2db6906f6,afb1df2172f081fa426f2f86c56912079116f6441ba64df367861d00375fddc4,AOG-LM-P07-SPIRAL-SPHERICAL,2,Salah-Eddin Gherbi,S03,0,1286.5006442,680.147454886,14,thick reciprocal-spiral projection in the spherical panel,Third innermost spiral arc started near Great Circle projection of y-axis; stopped before line of radius r that passes through the white marker dot and UCLR node; that particular line has an angle of θ = 30 degrees from y = 0 (x-axis),2026-08-04T08:40:38Z
AOG_P07_SPHERICAL_PROJECTION,ef8b7d652edea5227166e54ca1bf6e81a4c02afd0d78c9d793e615a2db6906f6,afb1df2172f081fa426f2f86c56912079116f6441ba64df367861d00375fddc4,AOG-LM-P07-SPIRAL-SPHERICAL,2,Salah-Eddin Gherbi,S03,1,1287.09144752,681.62446318,14,thick reciprocal-spiral projection in the spherical panel,Third innermost spiral arc started near Great Circle projection of y-axis; stopped before line of radius r that passes through the white marker dot and UCLR node; that particular line has an angle of θ = 30 degrees from y = 0 (x-axis),2026-08-04T08:40:38Z
AOG_P07_SPHERICAL_PROJECTION,ef8b7d652edea5227166e54ca1bf6e81a4c02afd0d78c9d793e615a2db6906f6,afb1df2172f081fa426f2f86c56912079116f6441ba64df367861d00375fddc4,AOG-LM-P07-SPIRAL-SPHERICAL,2,Salah-Eddin Gherbi,S03,2,1287.82995167,683.027621061,14,thick reciprocal-spiral projection in the spherical panel,Third innermost spiral arc started near Great Circle projection of y-axis; stopped before line of radius r that passes through the white marker dot and UCLR node; that particular line has an angle of θ = 30 degrees from y = 0 (x-axis),2026-08-04T08:40:38Z
AOG_P07_SPHERICAL_PROJECTION,ef8b7d652edea5227166e54ca1bf6e81a4c02afd0d78c9d793e615a2db6906f6,afb1df2172f081fa426f2f86c56912079116f6441ba64df367861d00375fddc4,AOG-LM-P07-SPIRAL-SPHERICAL,2,Salah-Eddin Gherbi,S03,3,1288.42075499,684.57847977,14,thick reciprocal-spiral projection in the spherical panel,Third innermost spiral arc started near Great Circle projection of y-axis; stopped before line of radius r that passes through the white marker dot and UCLR node; that particular line has an angle of θ = 30 degrees from y = 0 (x-axis),2026-08-04T08:40:38Z
AOG_P07_SPHERICAL_PROJECTION,ef8b7d652edea5227166e54ca1bf6e81a4c02afd0d78c9d793e615a2db6906f6,afb1df2172f081fa426f2f86c56912079116f6441ba64df367861d00375fddc4,AOG-LM-P07-SPIRAL-SPHERICAL,2,Salah-Eddin Gherbi,S03,4,1289.08540872,685.907787236,14,thick reciprocal-spiral projection in the spherical panel,Third innermost spiral arc started near Great Circle projection of y-axis; stopped before line of radius r that passes through the white marker dot and UCLR node; that particular line has an angle of θ = 30 degrees from y = 0 (x-axis),2026-08-04T08:40:38Z
AOG_P07_SPHERICAL_PROJECTION,ef8b7d652edea5227166e54ca1bf6e81a4c02afd0d78c9d793e615a2db6906f6,afb1df2172f081fa426f2f86c56912079116f6441ba64df367861d00375fddc4,AOG-LM-P07-SPIRAL-SPHERICAL,2,Salah-Eddin Gherbi,S03,5,1289.45466079,687.53249636,14,thick reciprocal-spiral projection in the spherical panel,Third innermost spiral arc started near Great Circle projection of y-axis; stopped before line of radius r that passes through the white marker dot and UCLR node; that particular line has an angle of θ = 30 degrees from y = 0 (x-axis),2026-08-04T08:40:38Z
AOG_P07_SPHERICAL_PROJECTION,ef8b7d652edea5227166e54ca1bf6e81a4c02afd0d78c9d793e615a2db6906f6,afb1df2172f081fa426f2f86c56912079116f6441ba64df367861d00375fddc4,AOG-LM-P07-SPIRAL-SPHERICAL,2,Salah-Eddin Gherbi,S03,6,1289.89776328,688.787953411,14,thick reciprocal-spiral projection in the spherical panel,Third innermost spiral arc started near Great Circle projection of y-axis; stopped before line of radius r that passes through the white marker dot and UCLR node; that particular line has an angle of θ = 30 degrees from y = 0 (x-axis),2026-08-04T08:40:38Z
AOG_P07_SPHERICAL_PROJECTION,ef8b7d652edea5227166e54ca1bf6e81a4c02afd0d78c9d793e615a2db6906f6,afb1df2172f081fa426f2f86c56912079116f6441ba64df367861d00375fddc4,AOG-LM-P07-SPIRAL-SPHERICAL,2,Salah-Eddin Gherbi,S03,7,1290.41471618,690.117260876,14,thick reciprocal-spiral projection in the spherical panel,Third innermost spiral arc started near Great Circle projection of y-axis; stopped before line of radius r that passes through the white marker dot and UCLR node; that particular line has an angle of θ = 30 degrees from y = 0 (x-axis),2026-08-04T08:40:38Z
AOG_P07_SPHERICAL_PROJECTION,ef8b7d652edea5227166e54ca1bf6e81a4c02afd0d78c9d793e615a2db6906f6,afb1df2172f081fa426f2f86c56912079116f6441ba64df367861d00375fddc4,AOG-LM-P07-SPIRAL-SPHERICAL,2,Salah-Eddin Gherbi,S03,8,1290.63626743,691.668119586,14,thick reciprocal-spiral projection in the spherical panel,Third innermost spiral arc started near Great Circle projection of y-axis; stopped before line of radius r that passes through the white marker dot and UCLR node; that particular line has an angle of θ = 30 degrees from y = 0 (x-axis),2026-08-04T08:40:38Z
AOG_P07_SPHERICAL_PROJECTION,ef8b7d652edea5227166e54ca1bf6e81a4c02afd0d78c9d793e615a2db6906f6,afb1df2172f081fa426f2f86c56912079116f6441ba64df367861d00375fddc4,AOG-LM-P07-SPIRAL-SPHERICAL,2,Salah-Eddin Gherbi,S03,9,1290.93166909,692.997427051,14,thick reciprocal-spiral projection in the spherical panel,Third innermost spiral arc started near Great Circle projection of y-axis; stopped before line of radius r that passes through the white marker dot and UCLR node; that particular line has an angle of θ = 30 degrees from y = 0 (x-axis),2026-08-04T08:40:38Z
AOG_P07_SPHERICAL_PROJECTION,ef8b7d652edea5227166e54ca1bf6e81a4c02afd0d78c9d793e615a2db6906f6,afb1df2172f081fa426f2f86c56912079116f6441ba64df367861d00375fddc4,AOG-LM-P07-SPIRAL-SPHERICAL,2,Salah-Eddin Gherbi,S03,10,1291.07936992,694.326734517,14,thick reciprocal-spiral projection in the spherical panel,Third innermost spiral arc started near Great Circle projection of y-axis; stopped before line of radius r that passes through the white marker dot and UCLR node; that particular line has an angle of θ = 30 degrees from y = 0 (x-axis),2026-08-04T08:40:38Z
AOG_P07_SPHERICAL_PROJECTION,ef8b7d652edea5227166e54ca1bf6e81a4c02afd0d78c9d793e615a2db6906f6,afb1df2172f081fa426f2f86c56912079116f6441ba64df367861d00375fddc4,AOG-LM-P07-SPIRAL-SPHERICAL,2,Salah-Eddin Gherbi,S03,11,1291.52247241,696.394546129,14,thick reciprocal-spiral projection in the spherical panel,Third innermost spiral arc started near Great Circle projection of y-axis; stopped before line of radius r that passes through the white marker dot and UCLR node; that particular line has an angle of θ = 30 degrees from y = 0 (x-axis),2026-08-04T08:40:38Z
AOG_P07_SPHERICAL_PROJECTION,ef8b7d652edea5227166e54ca1bf6e81a4c02afd0d78c9d793e615a2db6906f6,afb1df2172f081fa426f2f86c56912079116f6441ba64df367861d00375fddc4,AOG-LM-P07-SPIRAL-SPHERICAL,2,Salah-Eddin Gherbi,S03,12,1291.81787406,698.019255254,14,thick reciprocal-spiral projection in the spherical panel,Third innermost spiral arc started near Great Circle projection of y-axis; stopped before line of radius r that passes through the white marker dot and UCLR node; that particular line has an angle of θ = 30 degrees from y = 0 (x-axis),2026-08-04T08:40:38Z
AOG_P07_SPHERICAL_PROJECTION,ef8b7d652edea5227166e54ca1bf6e81a4c02afd0d78c9d793e615a2db6906f6,afb1df2172f081fa426f2f86c56912079116f6441ba64df367861d00375fddc4,AOG-LM-P07-SPIRAL-SPHERICAL,2,Salah-Eddin Gherbi,S03,13,1291.89172448,699.496263549,14,thick reciprocal-spiral projection in the spherical panel,Third innermost spiral arc started near Great Circle projection of y-axis; stopped before line of radius r that passes through the white marker dot and UCLR node; that particular line has an angle of θ = 30 degrees from y = 0 (x-axis),2026-08-04T08:40:38Z
AOG_P07_SPHERICAL_PROJECTION,ef8b7d652edea5227166e54ca1bf6e81a4c02afd0d78c9d793e615a2db6906f6,afb1df2172f081fa426f2f86c56912079116f6441ba64df367861d00375fddc4,AOG-LM-P07-SPIRAL-SPHERICAL,2,Salah-Eddin Gherbi,S03,14,1292.18712614,701.711775991,14,thick reciprocal-spiral projection in the spherical panel,Third innermost spiral arc started near Great Circle projection of y-axis; stopped before line of radius r that passes through the white marker dot and UCLR node; that particular line has an angle of θ = 30 degrees from y = 0 (x-axis),2026-08-04T08:40:38Z
AOG_P07_SPHERICAL_PROJECTION,ef8b7d652edea5227166e54ca1bf6e81a4c02afd0d78c9d793e615a2db6906f6,afb1df2172f081fa426f2f86c56912079116f6441ba64df367861d00375fddc4,AOG-LM-P07-SPIRAL-SPHERICAL,2,Salah-Eddin Gherbi,S03,15,1292.33482697,702.893382627,14,thick reciprocal-spiral projection in the spherical panel,Third innermost spiral arc started near Great Circle projection of y-axis; stopped before line of radius r that passes through the white marker dot and UCLR node; that particular line has an angle of θ = 30 degrees from y = 0 (x-axis),2026-08-04T08:40:38Z
AOG_P07_SPHERICAL_PROJECTION,ef8b7d652edea5227166e54ca1bf6e81a4c02afd0d78c9d793e615a2db6906f6,afb1df2172f081fa426f2f86c56912079116f6441ba64df367861d00375fddc4,AOG-LM-P07-SPIRAL-SPHERICAL,2,Salah-Eddin Gherbi,S03,16,1292.40867738,704.444241337,14,thick reciprocal-spiral projection in the spherical panel,Third innermost spiral arc started near Great Circle projection of y-axis; stopped before line of radius r that passes through the white marker dot and UCLR node; that particular line has an angle of θ = 30 degrees from y = 0 (x-axis),2026-08-04T08:40:38Z
AOG_P07_SPHERICAL_PROJECTION,ef8b7d652edea5227166e54ca1bf6e81a4c02afd0d78c9d793e615a2db6906f6,afb1df2172f081fa426f2f86c56912079116f6441ba64df367861d00375fddc4,AOG-LM-P07-SPIRAL-SPHERICAL,2,Salah-Eddin Gherbi,S03,17,1292.40867738,706.51205295,14,thick reciprocal-spiral projection in the spherical panel,Third innermost spiral arc started near Great Circle projection of y-axis; stopped before line of radius r that passes through the white marker dot and UCLR node; that particular line has an angle of θ = 30 degrees from y = 0 (x-axis),2026-08-04T08:40:38Z
AOG_P07_SPHERICAL_PROJECTION,ef8b7d652edea5227166e54ca1bf6e81a4c02afd0d78c9d793e615a2db6906f6,afb1df2172f081fa426f2f86c56912079116f6441ba64df367861d00375fddc4,AOG-LM-P07-SPIRAL-SPHERICAL,2,Salah-Eddin Gherbi,S03,18,1292.4825278,708.506014148,14,thick reciprocal-spiral projection in the spherical panel,Third innermost spiral arc started near Great Circle projection of y-axis; stopped before line of radius r that passes through the white marker dot and UCLR node; that particular line has an angle of θ = 30 degrees from y = 0 (x-axis),2026-08-04T08:40:38Z
AOG_P07_SPHERICAL_PROJECTION,ef8b7d652edea5227166e54ca1bf6e81a4c02afd0d78c9d793e615a2db6906f6,afb1df2172f081fa426f2f86c56912079116f6441ba64df367861d00375fddc4,AOG-LM-P07-SPIRAL-SPHERICAL,2,Salah-Eddin Gherbi,S03,19,1292.33482697,710.056872857,14,thick reciprocal-spiral projection in the spherical panel,Third innermost spiral arc started near Great Circle projection of y-axis; stopped before line of radius r that passes through the white marker dot and UCLR node; that particular line has an angle of θ = 30 degrees from y = 0 (x-axis),2026-08-04T08:40:38Z
AOG_P07_SPHERICAL_PROJECTION,ef8b7d652edea5227166e54ca1bf6e81a4c02afd0d78c9d793e615a2db6906f6,afb1df2172f081fa426f2f86c56912079116f6441ba64df367861d00375fddc4,AOG-LM-P07-SPIRAL-SPHERICAL,2,Salah-Eddin Gherbi,S03,20,1292.18712614,711.755432396,14,thick reciprocal-spiral projection in the spherical panel,Third innermost spiral arc started near Great Circle projection of y-axis; stopped before line of radius r that passes through the white marker dot and UCLR node; that particular line has an angle of θ = 30 degrees from y = 0 (x-axis),2026-08-04T08:40:38Z
AOG_P07_SPHERICAL_PROJECTION,ef8b7d652edea5227166e54ca1bf6e81a4c02afd0d78c9d793e615a2db6906f6,afb1df2172f081fa426f2f86c56912079116f6441ba64df367861d00375fddc4,AOG-LM-P07-SPIRAL-SPHERICAL,2,Salah-Eddin Gherbi,S03,21,1291.67017323,713.232440691,14,thick reciprocal-spiral projection in the spherical panel,Third innermost spiral arc started near Great Circle projection of y-axis; stopped before line of radius r that passes through the white marker dot and UCLR node; that particular line has an angle of θ = 30 degrees from y = 0 (x-axis),2026-08-04T08:40:38Z
AOG_P07_SPHERICAL_PROJECTION,ef8b7d652edea5227166e54ca1bf6e81a4c02afd0d78c9d793e615a2db6906f6,afb1df2172f081fa426f2f86c56912079116f6441ba64df367861d00375fddc4,AOG-LM-P07-SPIRAL-SPHERICAL,2,Salah-Eddin Gherbi,S03,22,1291.30092116,715.226401889,14,thick reciprocal-spiral projection in the spherical panel,Third innermost spiral arc started near Great Circle projection of y-axis; stopped before line of radius r that passes through the white marker dot and UCLR node; that particular line has an angle of θ = 30 degrees from y = 0 (x-axis),2026-08-04T08:40:38Z
AOG_P07_SPHERICAL_PROJECTION,ef8b7d652edea5227166e54ca1bf6e81a4c02afd0d78c9d793e615a2db6906f6,afb1df2172f081fa426f2f86c56912079116f6441ba64df367861d00375fddc4,AOG-LM-P07-SPIRAL-SPHERICAL,2,Salah-Eddin Gherbi,S03,23,1290.71011784,716.998811843,14,thick reciprocal-spiral projection in the spherical panel,Third innermost spiral arc started near Great Circle projection of y-axis; stopped before line of radius r that passes through the white marker dot and UCLR node; that particular line has an angle of θ = 30 degrees from y = 0 (x-axis),2026-08-04T08:40:38Z
AOG_P07_SPHERICAL_PROJECTION,ef8b7d652edea5227166e54ca1bf6e81a4c02afd0d78c9d793e615a2db6906f6,afb1df2172f081fa426f2f86c56912079116f6441ba64df367861d00375fddc4,AOG-LM-P07-SPIRAL-SPHERICAL,2,Salah-Eddin Gherbi,S03,24,1290.26701535,718.918922627,14,thick reciprocal-spiral projection in the spherical panel,Third innermost spiral arc started near Great Circle projection of y-axis; stopped before line of radius r that passes through the white marker dot and UCLR node; that particular line has an angle of θ = 30 degrees from y = 0 (x-axis),2026-08-04T08:40:38Z
AOG_P07_SPHERICAL_PROJECTION,ef8b7d652edea5227166e54ca1bf6e81a4c02afd0d78c9d793e615a2db6906f6,afb1df2172f081fa426f2f86c56912079116f6441ba64df367861d00375fddc4,AOG-LM-P07-SPIRAL-SPHERICAL,2,Salah-Eddin Gherbi,S03,25,1289.82391287,720.617482166,14,thick reciprocal-spiral projection in the spherical panel,Third innermost spiral arc started near Great Circle projection of y-axis; stopped before line of radius r that passes through the white marker dot and UCLR node; that particular line has an angle of θ = 30 degrees from y = 0 (x-axis),2026-08-04T08:40:38Z
AOG_P07_SPHERICAL_PROJECTION,ef8b7d652edea5227166e54ca1bf6e81a4c02afd0d78c9d793e615a2db6906f6,afb1df2172f081fa426f2f86c56912079116f6441ba64df367861d00375fddc4,AOG-LM-P07-SPIRAL-SPHERICAL,2,Salah-Eddin Gherbi,S04,0,1288.35731745,725.082142175,14,thick reciprocal-spiral projection in the spherical panel,Fourth innermost spiral arc started near line of radius r that passes through the white marker dot and UCLR node; stopped before Great Circle projection of y = 0 (x-axis),2026-08-04T08:41:45Z
AOG_P07_SPHERICAL_PROJECTION,ef8b7d652edea5227166e54ca1bf6e81a4c02afd0d78c9d793e615a2db6906f6,afb1df2172f081fa426f2f86c56912079116f6441ba64df367861d00375fddc4,AOG-LM-P07-SPIRAL-SPHERICAL,2,Salah-Eddin Gherbi,S04,1,1287.57197822,726.325595949,14,thick reciprocal-spiral projection in the spherical panel,Fourth innermost spiral arc started near line of radius r that passes through the white marker dot and UCLR node; stopped before Great Circle projection of y = 0 (x-axis),2026-08-04T08:41:45Z
AOG_P07_SPHERICAL_PROJECTION,ef8b7d652edea5227166e54ca1bf6e81a4c02afd0d78c9d793e615a2db6906f6,afb1df2172f081fa426f2f86c56912079116f6441ba64df367861d00375fddc4,AOG-LM-P07-SPIRAL-SPHERICAL,2,Salah-Eddin Gherbi,S04,2,1286.59030419,727.765384531,14,thick reciprocal-spiral projection in the spherical panel,Fourth innermost spiral arc started near line of radius r that passes through the white marker dot and UCLR node; stopped before Great Circle projection of y = 0 (x-axis),2026-08-04T08:41:45Z
AOG_P07_SPHERICAL_PROJECTION,ef8b7d652edea5227166e54ca1bf6e81a4c02afd0d78c9d793e615a2db6906f6,afb1df2172f081fa426f2f86c56912079116f6441ba64df367861d00375fddc4,AOG-LM-P07-SPIRAL-SPHERICAL,2,Salah-Eddin Gherbi,S04,3,1285.73952003,728.812503499,14,thick reciprocal-spiral projection in the spherical panel,Fourth innermost spiral arc started near line of radius r that passes through the white marker dot and UCLR node; stopped before Great Circle projection of y = 0 (x-axis),2026-08-04T08:41:45Z
AOG_P07_SPHERICAL_PROJECTION,ef8b7d652edea5227166e54ca1bf6e81a4c02afd0d78c9d793e615a2db6906f6,afb1df2172f081fa426f2f86c56912079116f6441ba64df367861d00375fddc4,AOG-LM-P07-SPIRAL-SPHERICAL,2,Salah-Eddin Gherbi,S04,4,1284.69240106,729.859622468,14,thick reciprocal-spiral projection in the spherical panel,Fourth innermost spiral arc started near line of radius r that passes through the white marker dot and UCLR node; stopped before Great Circle projection of y = 0 (x-axis),2026-08-04T08:41:45Z
AOG_P07_SPHERICAL_PROJECTION,ef8b7d652edea5227166e54ca1bf6e81a4c02afd0d78c9d793e615a2db6906f6,afb1df2172f081fa426f2f86c56912079116f6441ba64df367861d00375fddc4,AOG-LM-P07-SPIRAL-SPHERICAL,2,Salah-Eddin Gherbi,S04,5,1283.8416169,731.168521178,14,thick reciprocal-spiral projection in the spherical panel,Fourth innermost spiral arc started near line of radius r that passes through the white marker dot and UCLR node; stopped before Great Circle projection of y = 0 (x-axis),2026-08-04T08:41:45Z
AOG_P07_SPHERICAL_PROJECTION,ef8b7d652edea5227166e54ca1bf6e81a4c02afd0d78c9d793e615a2db6906f6,afb1df2172f081fa426f2f86c56912079116f6441ba64df367861d00375fddc4,AOG-LM-P07-SPIRAL-SPHERICAL,2,Salah-Eddin Gherbi,S04,6,1282.46727325,732.477419888,14,thick reciprocal-spiral projection in the spherical panel,Fourth innermost spiral arc started near line of radius r that passes through the white marker dot and UCLR node; stopped before Great Circle projection of y = 0 (x-axis),2026-08-04T08:41:45Z
AOG_P07_SPHERICAL_PROJECTION,ef8b7d652edea5227166e54ca1bf6e81a4c02afd0d78c9d793e615a2db6906f6,afb1df2172f081fa426f2f86c56912079116f6441ba64df367861d00375fddc4,AOG-LM-P07-SPIRAL-SPHERICAL,2,Salah-Eddin Gherbi,S04,7,1281.61648909,733.524538857,14,thick reciprocal-spiral projection in the spherical panel,Fourth innermost spiral arc started near line of radius r that passes through the white marker dot and UCLR node; stopped before Great Circle projection of y = 0 (x-axis),2026-08-04T08:41:45Z
AOG_P07_SPHERICAL_PROJECTION,ef8b7d652edea5227166e54ca1bf6e81a4c02afd0d78c9d793e615a2db6906f6,afb1df2172f081fa426f2f86c56912079116f6441ba64df367861d00375fddc4,AOG-LM-P07-SPIRAL-SPHERICAL,2,Salah-Eddin Gherbi,S04,8,1280.50392519,734.767992632,14,thick reciprocal-spiral projection in the spherical panel,Fourth innermost spiral arc started near line of radius r that passes through the white marker dot and UCLR node; stopped before Great Circle projection of y = 0 (x-axis),2026-08-04T08:41:45Z
AOG_P07_SPHERICAL_PROJECTION,ef8b7d652edea5227166e54ca1bf6e81a4c02afd0d78c9d793e615a2db6906f6,afb1df2172f081fa426f2f86c56912079116f6441ba64df367861d00375fddc4,AOG-LM-P07-SPIRAL-SPHERICAL,2,Salah-Eddin Gherbi,S04,9,1279.45680622,735.749666664,14,thick reciprocal-spiral projection in the spherical panel,Fourth innermost spiral arc started near line of radius r that passes through the white marker dot and UCLR node; stopped before Great Circle projection of y = 0 (x-axis),2026-08-04T08:41:45Z
AOG_P07_SPHERICAL_PROJECTION,ef8b7d652edea5227166e54ca1bf6e81a4c02afd0d78c9d793e615a2db6906f6,afb1df2172f081fa426f2f86c56912079116f6441ba64df367861d00375fddc4,AOG-LM-P07-SPIRAL-SPHERICAL,2,Salah-Eddin Gherbi,S04,10,1278.60602206,736.469560955,14,thick reciprocal-spiral projection in the spherical panel,Fourth innermost spiral arc started near line of radius r that passes through the white marker dot and UCLR node; stopped before Great Circle projection of y = 0 (x-axis),2026-08-04T08:41:45Z
AOG_P07_SPHERICAL_PROJECTION,ef8b7d652edea5227166e54ca1bf6e81a4c02afd0d78c9d793e615a2db6906f6,afb1df2172f081fa426f2f86c56912079116f6441ba64df367861d00375fddc4,AOG-LM-P07-SPIRAL-SPHERICAL,2,Salah-Eddin Gherbi,S04,11,1277.68979296,737.451234988,14,thick reciprocal-spiral projection in the spherical panel,Fourth innermost spiral arc started near line of radius r that passes through the white marker dot and UCLR node; stopped before Great Circle projection of y = 0 (x-axis),2026-08-04T08:41:45Z
AOG_P07_SPHERICAL_PROJECTION,ef8b7d652edea5227166e54ca1bf6e81a4c02afd0d78c9d793e615a2db6906f6,afb1df2172f081fa426f2f86c56912079116f6441ba64df367861d00375fddc4,AOG-LM-P07-SPIRAL-SPHERICAL,2,Salah-Eddin Gherbi,S05,0,1274.44543663,742.586088259,14,thick reciprocal-spiral projection in the spherical panel,Fifth and last innermost spiral arc started near Great Circle projection of y = 0 (x-axis); spiral 360 degrees completed; stopped before Great Circle projection of y-axis,2026-08-04T08:44:11Z
AOG_P07_SPHERICAL_PROJECTION,ef8b7d652edea5227166e54ca1bf6e81a4c02afd0d78c9d793e615a2db6906f6,afb1df2172f081fa426f2f86c56912079116f6441ba64df367861d00375fddc4,AOG-LM-P07-SPIRAL-SPHERICAL,2,Salah-Eddin Gherbi,S05,1,1272.81367624,743.545947313,14,thick reciprocal-spiral projection in the spherical panel,Fifth and last innermost spiral arc started near Great Circle projection of y = 0 (x-axis); spiral 360 degrees completed; stopped before Great Circle projection of y-axis,2026-08-04T08:44:11Z
AOG_P07_SPHERICAL_PROJECTION,ef8b7d652edea5227166e54ca1bf6e81a4c02afd0d78c9d793e615a2db6906f6,afb1df2172f081fa426f2f86c56912079116f6441ba64df367861d00375fddc4,AOG-LM-P07-SPIRAL-SPHERICAL,2,Salah-Eddin Gherbi,S05,2,1271.18191585,744.697778178,14,thick reciprocal-spiral projection in the spherical panel,Fifth and last innermost spiral arc started near Great Circle projection of y = 0 (x-axis); spiral 360 degrees completed; stopped before Great Circle projection of y-axis,2026-08-04T08:44:11Z
AOG_P07_SPHERICAL_PROJECTION,ef8b7d652edea5227166e54ca1bf6e81a4c02afd0d78c9d793e615a2db6906f6,afb1df2172f081fa426f2f86c56912079116f6441ba64df367861d00375fddc4,AOG-LM-P07-SPIRAL-SPHERICAL,2,Salah-Eddin Gherbi,S05,3,1269.35818364,745.753623138,14,thick reciprocal-spiral projection in the spherical panel,Fifth and last innermost spiral arc started near Great Circle projection of y = 0 (x-axis); spiral 360 degrees completed; stopped before Great Circle projection of y-axis,2026-08-04T08:44:11Z
AOG_P07_SPHERICAL_PROJECTION,ef8b7d652edea5227166e54ca1bf6e81a4c02afd0d78c9d793e615a2db6906f6,afb1df2172f081fa426f2f86c56912079116f6441ba64df367861d00375fddc4,AOG-LM-P07-SPIRAL-SPHERICAL,2,Salah-Eddin Gherbi,S05,4,1267.34247963,746.809468098,14,thick reciprocal-spiral projection in the spherical panel,Fifth and last innermost spiral arc started near Great Circle projection of y = 0 (x-axis); spiral 360 degrees completed; stopped before Great Circle projection of y-axis,2026-08-04T08:44:11Z
AOG_P07_SPHERICAL_PROJECTION,ef8b7d652edea5227166e54ca1bf6e81a4c02afd0d78c9d793e615a2db6906f6,afb1df2172f081fa426f2f86c56912079116f6441ba64df367861d00375fddc4,AOG-LM-P07-SPIRAL-SPHERICAL,2,Salah-Eddin Gherbi,S05,5,1265.61473333,747.38538353,14,thick reciprocal-spiral projection in the spherical panel,Fifth and last innermost spiral arc started near Great Circle projection of y = 0 (x-axis); spiral 360 degrees completed; stopped before Great Circle projection of y-axis,2026-08-04T08:44:11Z
AOG_P07_SPHERICAL_PROJECTION,ef8b7d652edea5227166e54ca1bf6e81a4c02afd0d78c9d793e615a2db6906f6,afb1df2172f081fa426f2f86c56912079116f6441ba64df367861d00375fddc4,AOG-LM-P07-SPIRAL-SPHERICAL,2,Salah-Eddin Gherbi,S05,6,1263.88698703,748.249256679,14,thick reciprocal-spiral projection in the spherical panel,Fifth and last innermost spiral arc started near Great Circle projection of y = 0 (x-axis); spiral 360 degrees completed; stopped before Great Circle projection of y-axis,2026-08-04T08:44:11Z
AOG_P07_SPHERICAL_PROJECTION,ef8b7d652edea5227166e54ca1bf6e81a4c02afd0d78c9d793e615a2db6906f6,afb1df2172f081fa426f2f86c56912079116f6441ba64df367861d00375fddc4,AOG-LM-P07-SPIRAL-SPHERICAL,2,Salah-Eddin Gherbi,S05,7,1261.29536759,749.017143923,14,thick reciprocal-spiral projection in the spherical panel,Fifth and last innermost spiral arc started near Great Circle projection of y = 0 (x-axis); spiral 360 degrees completed; stopped before Great Circle projection of y-axis,2026-08-04T08:44:11Z
AOG_P07_SPHERICAL_PROJECTION,ef8b7d652edea5227166e54ca1bf6e81a4c02afd0d78c9d793e615a2db6906f6,afb1df2172f081fa426f2f86c56912079116f6441ba64df367861d00375fddc4,AOG-LM-P07-SPIRAL-SPHERICAL,2,Salah-Eddin Gherbi,S05,8,1258.89571995,749.785031166,14,thick reciprocal-spiral projection in the spherical panel,Fifth and last innermost spiral arc started near Great Circle projection of y = 0 (x-axis); spiral 360 degrees completed; stopped before Great Circle projection of y-axis,2026-08-04T08:44:11Z
AOG_P07_SPHERICAL_PROJECTION,ef8b7d652edea5227166e54ca1bf6e81a4c02afd0d78c9d793e615a2db6906f6,afb1df2172f081fa426f2f86c56912079116f6441ba64df367861d00375fddc4,AOG-LM-P07-SPIRAL-SPHERICAL,2,Salah-Eddin Gherbi,S05,9,1255.92015688,750.264960693,14,thick reciprocal-spiral projection in the spherical panel,Fifth and last innermost spiral arc started near Great Circle projection of y = 0 (x-axis); spiral 360 degrees completed; stopped before Great Circle projection of y-axis,2026-08-04T08:44:11Z
AOG_P07_SPHERICAL_PROJECTION,ef8b7d652edea5227166e54ca1bf6e81a4c02afd0d78c9d793e615a2db6906f6,afb1df2172f081fa426f2f86c56912079116f6441ba64df367861d00375fddc4,AOG-LM-P07-SPIRAL-SPHERICAL,2,Salah-Eddin Gherbi,S05,10,1252.36867838,751.032847937,14,thick reciprocal-spiral projection in the spherical panel,Fifth and last innermost spiral arc started near Great Circle projection of y = 0 (x-axis); spiral 360 degrees completed; stopped before Great Circle projection of y-axis,2026-08-04T08:44:11Z
AOG_P07_SPHERICAL_PROJECTION,ef8b7d652edea5227166e54ca1bf6e81a4c02afd0d78c9d793e615a2db6906f6,afb1df2172f081fa426f2f86c56912079116f6441ba64df367861d00375fddc4,AOG-LM-P07-SPIRAL-SPHERICAL,2,Salah-Eddin Gherbi,S05,11,1248.62522807,751.704749275,14,thick reciprocal-spiral projection in the spherical panel,Fifth and last innermost spiral arc started near Great Circle projection of y = 0 (x-axis); spiral 360 degrees completed; stopped before Great Circle projection of y-axis,2026-08-04T08:44:11Z
AOG_P07_SPHERICAL_PROJECTION,ef8b7d652edea5227166e54ca1bf6e81a4c02afd0d78c9d793e615a2db6906f6,afb1df2172f081fa426f2f86c56912079116f6441ba64df367861d00375fddc4,AOG-LM-P07-SPIRAL-SPHERICAL,2,Salah-Eddin Gherbi,S05,12,1244.88177776,751.992706991,14,thick reciprocal-spiral projection in the spherical panel,Fifth and last innermost spiral arc started near Great Circle projection of y = 0 (x-axis); spiral 360 degrees completed; stopped before Great Circle projection of y-axis,2026-08-04T08:44:11Z
AOG_P07_SPHERICAL_PROJECTION,ef8b7d652edea5227166e54ca1bf6e81a4c02afd0d78c9d793e615a2db6906f6,afb1df2172f081fa426f2f86c56912079116f6441ba64df367861d00375fddc4,AOG-LM-P07-SPIRAL-SPHERICAL,2,Salah-Eddin Gherbi,S05,13,1241.04234154,752.280664707,14,thick reciprocal-spiral projection in the spherical panel,Fifth and last innermost spiral arc started near Great Circle projection of y = 0 (x-axis); spiral 360 degrees completed; stopped before Great Circle projection of y-axis,2026-08-04T08:44:11Z
AOG_P07_SPHERICAL_PROJECTION,ef8b7d652edea5227166e54ca1bf6e81a4c02afd0d78c9d793e615a2db6906f6,afb1df2172f081fa426f2f86c56912079116f6441ba64df367861d00375fddc4,AOG-LM-P07-SPIRAL-SPHERICAL,2,Salah-Eddin Gherbi,S05,14,1236.43501808,752.376650613,14,thick reciprocal-spiral projection in the spherical panel,Fifth and last innermost spiral arc started near Great Circle projection of y = 0 (x-axis); spiral 360 degrees completed; stopped before Great Circle projection of y-axis,2026-08-04T08:44:11Z
AOG_P07_SPHERICAL_PROJECTION,ef8b7d652edea5227166e54ca1bf6e81a4c02afd0d78c9d793e615a2db6906f6,afb1df2172f081fa426f2f86c56912079116f6441ba64df367861d00375fddc4,AOG-LM-P07-SPIRAL-SPHERICAL,2,Salah-Eddin Gherbi,S05,15,1232.49959596,752.664608329,14,thick reciprocal-spiral projection in the spherical panel,Fifth and last innermost spiral arc started near Great Circle projection of y = 0 (x-axis); spiral 360 degrees completed; stopped before Great Circle projection of y-axis,2026-08-04T08:44:11Z
AOG_P07_SPHERICAL_PROJECTION,ef8b7d652edea5227166e54ca1bf6e81a4c02afd0d78c9d793e615a2db6906f6,afb1df2172f081fa426f2f86c56912079116f6441ba64df367861d00375fddc4,AOG-LM-P07-SPIRAL-SPHERICAL,2,Salah-Eddin Gherbi,S05,16,1228.27621612,752.184678802,14,thick reciprocal-spiral projection in the spherical panel,Fifth and last innermost spiral arc started near Great Circle projection of y = 0 (x-axis); spiral 360 degrees completed; stopped before Great Circle projection of y-axis,2026-08-04T08:44:11Z
AOG_P07_SPHERICAL_PROJECTION,ef8b7d652edea5227166e54ca1bf6e81a4c02afd0d78c9d793e615a2db6906f6,afb1df2172f081fa426f2f86c56912079116f6441ba64df367861d00375fddc4,AOG-LM-P07-SPIRAL-SPHERICAL,2,Salah-Eddin Gherbi,S05,17,1224.72473762,751.224819747,14,thick reciprocal-spiral projection in the spherical panel,Fifth and last innermost spiral arc started near Great Circle projection of y = 0 (x-axis); spiral 360 degrees completed; stopped before Great Circle projection of y-axis,2026-08-04T08:44:11Z
AOG_P07_SPHERICAL_PROJECTION,ef8b7d652edea5227166e54ca1bf6e81a4c02afd0d78c9d793e615a2db6906f6,afb1df2172f081fa426f2f86c56912079116f6441ba64df367861d00375fddc4,AOG-LM-P07-SPIRAL-SPHERICAL,2,Salah-Eddin Gherbi,S05,18,1221.07727321,750.360946599,14,thick reciprocal-spiral projection in the spherical panel,Fifth and last innermost spiral arc started near Great Circle projection of y = 0 (x-axis); spiral 360 degrees completed; stopped before Great Circle projection of y-axis,2026-08-04T08:44:11Z
AOG_P07_SPHERICAL_PROJECTION,ef8b7d652edea5227166e54ca1bf6e81a4c02afd0d78c9d793e615a2db6906f6,afb1df2172f081fa426f2f86c56912079116f6441ba64df367861d00375fddc4,AOG-LM-P07-SPIRAL-SPHERICAL,2,Salah-Eddin Gherbi,S05,19,1218.10171014,749.113129828,14,thick reciprocal-spiral projection in the spherical panel,Fifth and last innermost spiral arc started near Great Circle projection of y = 0 (x-axis); spiral 360 degrees completed; stopped before Great Circle projection of y-axis,2026-08-04T08:44:11Z
AOG_P07_SPHERICAL_PROJECTION,ef8b7d652edea5227166e54ca1bf6e81a4c02afd0d78c9d793e615a2db6906f6,afb1df2172f081fa426f2f86c56912079116f6441ba64df367861d00375fddc4,AOG-LM-P07-SPIRAL-SPHERICAL,2,Salah-Eddin Gherbi,S05,20,1214.64621755,747.481369436,14,thick reciprocal-spiral projection in the spherical panel,Fifth and last innermost spiral arc started near Great Circle projection of y = 0 (x-axis); spiral 360 degrees completed; stopped before Great Circle projection of y-axis,2026-08-04T08:44:11Z
AOG_P07_SPHERICAL_PROJECTION,ef8b7d652edea5227166e54ca1bf6e81a4c02afd0d78c9d793e615a2db6906f6,afb1df2172f081fa426f2f86c56912079116f6441ba64df367861d00375fddc4,AOG-LM-P07-SPIRAL-SPHERICAL,2,Salah-Eddin Gherbi,S05,21,1211.28671086,745.273693611,14,thick reciprocal-spiral projection in the spherical panel,Fifth and last innermost spiral arc started near Great Circle projection of y = 0 (x-axis); spiral 360 degrees completed; stopped before Great Circle projection of y-axis,2026-08-04T08:44:11Z
AOG_P07_SPHERICAL_PROJECTION,ef8b7d652edea5227166e54ca1bf6e81a4c02afd0d78c9d793e615a2db6906f6,afb1df2172f081fa426f2f86c56912079116f6441ba64df367861d00375fddc4,AOG-LM-P07-SPIRAL-SPHERICAL,2,Salah-Eddin Gherbi,S05,22,1208.11917598,743.449961408,14,thick reciprocal-spiral projection in the spherical panel,Fifth and last innermost spiral arc started near Great Circle projection of y = 0 (x-axis); spiral 360 degrees completed; stopped before Great Circle projection of y-axis,2026-08-04T08:44:11Z
AOG_P07_SPHERICAL_PROJECTION,ef8b7d652edea5227166e54ca1bf6e81a4c02afd0d78c9d793e615a2db6906f6,afb1df2172f081fa426f2f86c56912079116f6441ba64df367861d00375fddc4,AOG-LM-P07-SPIRAL-SPHERICAL,2,Salah-Eddin Gherbi,S05,23,1205.23959882,741.338271488,14,thick reciprocal-spiral projection in the spherical panel,Fifth and last innermost spiral arc started near Great Circle projection of y = 0 (x-axis); spiral 360 degrees completed; stopped before Great Circle projection of y-axis,2026-08-04T08:44:11Z
AOG_P07_SPHERICAL_PROJECTION,ef8b7d652edea5227166e54ca1bf6e81a4c02afd0d78c9d793e615a2db6906f6,afb1df2172f081fa426f2f86c56912079116f6441ba64df367861d00375fddc4,AOG-LM-P07-SPIRAL-SPHERICAL,2,Salah-Eddin Gherbi,S05,24,1202.64797937,738.938623852,14,thick reciprocal-spiral projection in the spherical panel,Fifth and last innermost spiral arc started near Great Circle projection of y = 0 (x-axis); spiral 360 degrees completed; stopped before Great Circle projection of y-axis,2026-08-04T08:44:11Z
AOG_P07_SPHERICAL_PROJECTION,ef8b7d652edea5227166e54ca1bf6e81a4c02afd0d78c9d793e615a2db6906f6,afb1df2172f081fa426f2f86c56912079116f6441ba64df367861d00375fddc4,AOG-LM-P07-SPIRAL-SPHERICAL,2,Salah-Eddin Gherbi,S05,25,1200.05635992,736.730948028,14,thick reciprocal-spiral projection in the spherical panel,Fifth and last innermost spiral arc started near Great Circle projection of y = 0 (x-axis); spiral 360 degrees completed; stopped before Great Circle projection of y-axis,2026-08-04T08:44:11Z
AOG_P07_SPHERICAL_PROJECTION,ef8b7d652edea5227166e54ca1bf6e81a4c02afd0d78c9d793e615a2db6906f6,afb1df2172f081fa426f2f86c56912079116f6441ba64df367861d00375fddc4,AOG-LM-P07-SPIRAL-SPHERICAL,2,Salah-Eddin Gherbi,S05,26,1197.8486841,734.907215824,14,thick reciprocal-spiral projection in the spherical panel,Fifth and last innermost spiral arc started near Great Circle projection of y = 0 (x-axis); spiral 360 degrees completed; stopped before Great Circle projection of y-axis,2026-08-04T08:44:11Z
AOG_P07_SPHERICAL_PROJECTION,ef8b7d652edea5227166e54ca1bf6e81a4c02afd0d78c9d793e615a2db6906f6,afb1df2172f081fa426f2f86c56912079116f6441ba64df367861d00375fddc4,AOG-LM-P07-SPIRAL-SPHERICAL,2,Salah-Eddin Gherbi,S05,27,1196.60086733,733.179469527,14,thick reciprocal-spiral projection in the spherical panel,Fifth and last innermost spiral arc started near Great Circle projection of y = 0 (x-axis); spiral 360 degrees completed; stopped before Great Circle projection of y-axis,2026-08-04T08:44:11Z
AOG_P07_SPHERICAL_PROJECTION,ef8b7d652edea5227166e54ca1bf6e81a4c02afd0d78c9d793e615a2db6906f6,afb1df2172f081fa426f2f86c56912079116f6441ba64df367861d00375fddc4,AOG-LM-P07-SPIRAL-SPHERICAL,2,Salah-Eddin Gherbi,S05,28,1195.06509284,731.835666851,14,thick reciprocal-spiral projection in the spherical panel,Fifth and last innermost spiral arc started near Great Circle projection of y = 0 (x-axis); spiral 360 degrees completed; stopped before Great Circle projection of y-axis,2026-08-04T08:44:11Z
AOG_P07_SPHERICAL_PROJECTION,ef8b7d652edea5227166e54ca1bf6e81a4c02afd0d78c9d793e615a2db6906f6,afb1df2172f081fa426f2f86c56912079116f6441ba64df367861d00375fddc4,AOG-LM-P07-SPIRAL-SPHERICAL,2,Salah-Eddin Gherbi,S06,0,1190.94374166,728.123695553,14,thick reciprocal-spiral projection in the spherical panel,First outermost spiral arc started near Great Circle projection of y-axis; stopped before dashed back-hemisphere of y = 0,2026-08-04T08:46:00Z
AOG_P07_SPHERICAL_PROJECTION,ef8b7d652edea5227166e54ca1bf6e81a4c02afd0d78c9d793e615a2db6906f6,afb1df2172f081fa426f2f86c56912079116f6441ba64df367861d00375fddc4,AOG-LM-P07-SPIRAL-SPHERICAL,2,Salah-Eddin Gherbi,S06,1,1188.78405879,725.571343068,14,thick reciprocal-spiral projection in the spherical panel,First outermost spiral arc started near Great Circle projection of y-axis; stopped before dashed back-hemisphere of y = 0,2026-08-04T08:46:00Z
AOG_P07_SPHERICAL_PROJECTION,ef8b7d652edea5227166e54ca1bf6e81a4c02afd0d78c9d793e615a2db6906f6,afb1df2172f081fa426f2f86c56912079116f6441ba64df367861d00375fddc4,AOG-LM-P07-SPIRAL-SPHERICAL,2,Salah-Eddin Gherbi,S06,2,1187.01704553,722.03731655,14,thick reciprocal-spiral projection in the spherical panel,First outermost spiral arc started near Great Circle projection of y-axis; stopped before dashed back-hemisphere of y = 0,2026-08-04T08:46:00Z
AOG_P07_SPHERICAL_PROJECTION,ef8b7d652edea5227166e54ca1bf6e81a4c02afd0d78c9d793e615a2db6906f6,afb1df2172f081fa426f2f86c56912079116f6441ba64df367861d00375fddc4,AOG-LM-P07-SPIRAL-SPHERICAL,2,Salah-Eddin Gherbi,S06,3,1185.05369746,718.699624838,14,thick reciprocal-spiral projection in the spherical panel,First outermost spiral arc started near Great Circle projection of y-axis; stopped before dashed back-hemisphere of y = 0,2026-08-04T08:46:00Z
AOG_P07_SPHERICAL_PROJECTION,ef8b7d652edea5227166e54ca1bf6e81a4c02afd0d78c9d793e615a2db6906f6,afb1df2172f081fa426f2f86c56912079116f6441ba64df367861d00375fddc4,AOG-LM-P07-SPIRAL-SPHERICAL,2,Salah-Eddin Gherbi,S06,4,1183.67935381,714.969263513,14,thick reciprocal-spiral projection in the spherical panel,First outermost spiral arc started near Great Circle projection of y-axis; stopped before dashed back-hemisphere of y = 0,2026-08-04T08:46:00Z
AOG_P07_SPHERICAL_PROJECTION,ef8b7d652edea5227166e54ca1bf6e81a4c02afd0d78c9d793e615a2db6906f6,afb1df2172f081fa426f2f86c56912079116f6441ba64df367861d00375fddc4,AOG-LM-P07-SPIRAL-SPHERICAL,2,Salah-Eddin Gherbi,S06,5,1182.10867536,711.435236995,14,thick reciprocal-spiral projection in the spherical panel,First outermost spiral arc started near Great Circle projection of y-axis; stopped before dashed back-hemisphere of y = 0,2026-08-04T08:46:00Z
AOG_P07_SPHERICAL_PROJECTION,ef8b7d652edea5227166e54ca1bf6e81a4c02afd0d78c9d793e615a2db6906f6,afb1df2172f081fa426f2f86c56912079116f6441ba64df367861d00375fddc4,AOG-LM-P07-SPIRAL-SPHERICAL,2,Salah-Eddin Gherbi,S06,6,1180.73433172,707.508540864,14,thick reciprocal-spiral projection in the spherical panel,First outermost spiral arc started near Great Circle projection of y-axis; stopped before dashed back-hemisphere of y = 0,2026-08-04T08:46:00Z
AOG_P07_SPHERICAL_PROJECTION,ef8b7d652edea5227166e54ca1bf6e81a4c02afd0d78c9d793e615a2db6906f6,afb1df2172f081fa426f2f86c56912079116f6441ba64df367861d00375fddc4,AOG-LM-P07-SPIRAL-SPHERICAL,2,Salah-Eddin Gherbi,S06,7,1179.55632288,702.796505507,14,thick reciprocal-spiral projection in the spherical panel,First outermost spiral arc started near Great Circle projection of y-axis; stopped before dashed back-hemisphere of y = 0,2026-08-04T08:46:00Z
AOG_P07_SPHERICAL_PROJECTION,ef8b7d652edea5227166e54ca1bf6e81a4c02afd0d78c9d793e615a2db6906f6,afb1df2172f081fa426f2f86c56912079116f6441ba64df367861d00375fddc4,AOG-LM-P07-SPIRAL-SPHERICAL,2,Salah-Eddin Gherbi,S06,8,1178.57464884,698.280804956,14,thick reciprocal-spiral projection in the spherical panel,First outermost spiral arc started near Great Circle projection of y-axis; stopped before dashed back-hemisphere of y = 0,2026-08-04T08:46:00Z
AOG_P07_SPHERICAL_PROJECTION,ef8b7d652edea5227166e54ca1bf6e81a4c02afd0d78c9d793e615a2db6906f6,afb1df2172f081fa426f2f86c56912079116f6441ba64df367861d00375fddc4,AOG-LM-P07-SPIRAL-SPHERICAL,2,Salah-Eddin Gherbi,S06,9,1177.59297481,693.372434792,14,thick reciprocal-spiral projection in the spherical panel,First outermost spiral arc started near Great Circle projection of y-axis; stopped before dashed back-hemisphere of y = 0,2026-08-04T08:46:00Z
AOG_P07_SPHERICAL_PROJECTION,ef8b7d652edea5227166e54ca1bf6e81a4c02afd0d78c9d793e615a2db6906f6,afb1df2172f081fa426f2f86c56912079116f6441ba64df367861d00375fddc4,AOG-LM-P07-SPIRAL-SPHERICAL,2,Salah-Eddin Gherbi,S06,10,1177.2003052,688.660399434,14,thick reciprocal-spiral projection in the spherical panel,First outermost spiral arc started near Great Circle projection of y-axis; stopped before dashed back-hemisphere of y = 0,2026-08-04T08:46:00Z
AOG_P07_SPHERICAL_PROJECTION,ef8b7d652edea5227166e54ca1bf6e81a4c02afd0d78c9d793e615a2db6906f6,afb1df2172f081fa426f2f86c56912079116f6441ba64df367861d00375fddc4,AOG-LM-P07-SPIRAL-SPHERICAL,2,Salah-Eddin Gherbi,S06,11,1177.2003052,683.555694464,14,thick reciprocal-spiral projection in the spherical panel,First outermost spiral arc started near Great Circle projection of y-axis; stopped before dashed back-hemisphere of y = 0,2026-08-04T08:46:00Z
AOG_P07_SPHERICAL_PROJECTION,ef8b7d652edea5227166e54ca1bf6e81a4c02afd0d78c9d793e615a2db6906f6,afb1df2172f081fa426f2f86c56912079116f6441ba64df367861d00375fddc4,AOG-LM-P07-SPIRAL-SPHERICAL,2,Salah-Eddin Gherbi,S06,12,1177.2003052,677.861985073,14,thick reciprocal-spiral projection in the spherical panel,First outermost spiral arc started near Great Circle projection of y-axis; stopped before dashed back-hemisphere of y = 0,2026-08-04T08:46:00Z
AOG_P07_SPHERICAL_PROJECTION,ef8b7d652edea5227166e54ca1bf6e81a4c02afd0d78c9d793e615a2db6906f6,afb1df2172f081fa426f2f86c56912079116f6441ba64df367861d00375fddc4,AOG-LM-P07-SPIRAL-SPHERICAL,2,Salah-Eddin Gherbi,S06,13,1177.39664,672.168275683,14,thick reciprocal-spiral projection in the spherical panel,First outermost spiral arc started near Great Circle projection of y-axis; stopped before dashed back-hemisphere of y = 0,2026-08-04T08:46:00Z
AOG_P07_SPHERICAL_PROJECTION,ef8b7d652edea5227166e54ca1bf6e81a4c02afd0d78c9d793e615a2db6906f6,afb1df2172f081fa426f2f86c56912079116f6441ba64df367861d00375fddc4,AOG-LM-P07-SPIRAL-SPHERICAL,2,Salah-Eddin Gherbi,S06,14,1177.78930962,667.456240326,14,thick reciprocal-spiral projection in the spherical panel,First outermost spiral arc started near Great Circle projection of y-axis; stopped before dashed back-hemisphere of y = 0,2026-08-04T08:46:00Z
AOG_P07_SPHERICAL_PROJECTION,ef8b7d652edea5227166e54ca1bf6e81a4c02afd0d78c9d793e615a2db6906f6,afb1df2172f081fa426f2f86c56912079116f6441ba64df367861d00375fddc4,AOG-LM-P07-SPIRAL-SPHERICAL,2,Salah-Eddin Gherbi,S06,15,1178.96731846,661.762530935,14,thick reciprocal-spiral projection in the spherical panel,First outermost spiral arc started near Great Circle projection of y-axis; stopped before dashed back-hemisphere of y = 0,2026-08-04T08:46:00Z
AOG_P07_SPHERICAL_PROJECTION,ef8b7d652edea5227166e54ca1bf6e81a4c02afd0d78c9d793e615a2db6906f6,afb1df2172f081fa426f2f86c56912079116f6441ba64df367861d00375fddc4,AOG-LM-P07-SPIRAL-SPHERICAL,2,Salah-Eddin Gherbi,S06,16,1180.1453273,656.461491158,14,thick reciprocal-spiral projection in the spherical panel,First outermost spiral arc started near Great Circle projection of y-axis; stopped before dashed back-hemisphere of y = 0,2026-08-04T08:46:00Z
AOG_P07_SPHERICAL_PROJECTION,ef8b7d652edea5227166e54ca1bf6e81a4c02afd0d78c9d793e615a2db6906f6,afb1df2172f081fa426f2f86c56912079116f6441ba64df367861d00375fddc4,AOG-LM-P07-SPIRAL-SPHERICAL,2,Salah-Eddin Gherbi,S06,17,1181.91234056,651.749455801,14,thick reciprocal-spiral projection in the spherical panel,First outermost spiral arc started near Great Circle projection of y-axis; stopped before dashed back-hemisphere of y = 0,2026-08-04T08:46:00Z
AOG_P07_SPHERICAL_PROJECTION,ef8b7d652edea5227166e54ca1bf6e81a4c02afd0d78c9d793e615a2db6906f6,afb1df2172f081fa426f2f86c56912079116f6441ba64df367861d00375fddc4,AOG-LM-P07-SPIRAL-SPHERICAL,2,Salah-Eddin Gherbi,S06,18,1183.48301901,647.430090056,14,thick reciprocal-spiral projection in the spherical panel,First outermost spiral arc started near Great Circle projection of y-axis; stopped before dashed back-hemisphere of y = 0,2026-08-04T08:46:00Z
AOG_P07_SPHERICAL_PROJECTION,ef8b7d652edea5227166e54ca1bf6e81a4c02afd0d78c9d793e615a2db6906f6,afb1df2172f081fa426f2f86c56912079116f6441ba64df367861d00375fddc4,AOG-LM-P07-SPIRAL-SPHERICAL,2,Salah-Eddin Gherbi,S06,19,1186.03537149,642.718054699,14,thick reciprocal-spiral projection in the spherical panel,First outermost spiral arc started near Great Circle projection of y-axis; stopped before dashed back-hemisphere of y = 0,2026-08-04T08:46:00Z
AOG_P07_SPHERICAL_PROJECTION,ef8b7d652edea5227166e54ca1bf6e81a4c02afd0d78c9d793e615a2db6906f6,afb1df2172f081fa426f2f86c56912079116f6441ba64df367861d00375fddc4,AOG-LM-P07-SPIRAL-SPHERICAL,2,Salah-Eddin Gherbi,S06,20,1187.99871956,638.595023761,14,thick reciprocal-spiral projection in the spherical panel,First outermost spiral arc started near Great Circle projection of y-axis; stopped before dashed back-hemisphere of y = 0,2026-08-04T08:46:00Z
AOG_P07_SPHERICAL_PROJECTION,ef8b7d652edea5227166e54ca1bf6e81a4c02afd0d78c9d793e615a2db6906f6,afb1df2172f081fa426f2f86c56912079116f6441ba64df367861d00375fddc4,AOG-LM-P07-SPIRAL-SPHERICAL,2,Salah-Eddin Gherbi,S06,21,1191.14007646,634.471992823,14,thick reciprocal-spiral projection in the spherical panel,First outermost spiral arc started near Great Circle projection of y-axis; stopped before dashed back-hemisphere of y = 0,2026-08-04T08:46:00Z
AOG_P07_SPHERICAL_PROJECTION,ef8b7d652edea5227166e54ca1bf6e81a4c02afd0d78c9d793e615a2db6906f6,afb1df2172f081fa426f2f86c56912079116f6441ba64df367861d00375fddc4,AOG-LM-P07-SPIRAL-SPHERICAL,2,Salah-Eddin Gherbi,S06,22,1193.88876376,630.937966305,14,thick reciprocal-spiral projection in the spherical panel,First outermost spiral arc started near Great Circle projection of y-axis; stopped before dashed back-hemisphere of y = 0,2026-08-04T08:46:00Z
AOG_P07_SPHERICAL_PROJECTION,ef8b7d652edea5227166e54ca1bf6e81a4c02afd0d78c9d793e615a2db6906f6,afb1df2172f081fa426f2f86c56912079116f6441ba64df367861d00375fddc4,AOG-LM-P07-SPIRAL-SPHERICAL,2,Salah-Eddin Gherbi,S06,23,1197.03012066,627.011270174,14,thick reciprocal-spiral projection in the spherical panel,First outermost spiral arc started near Great Circle projection of y-axis; stopped before dashed back-hemisphere of y = 0,2026-08-04T08:46:00Z
AOG_P07_SPHERICAL_PROJECTION,ef8b7d652edea5227166e54ca1bf6e81a4c02afd0d78c9d793e615a2db6906f6,afb1df2172f081fa426f2f86c56912079116f6441ba64df367861d00375fddc4,AOG-LM-P07-SPIRAL-SPHERICAL,2,Salah-Eddin Gherbi,S06,24,1199.58247315,623.869913269,14,thick reciprocal-spiral projection in the spherical panel,First outermost spiral arc started near Great Circle projection of y-axis; stopped before dashed back-hemisphere of y = 0,2026-08-04T08:46:00Z
AOG_P07_SPHERICAL_PROJECTION,ef8b7d652edea5227166e54ca1bf6e81a4c02afd0d78c9d793e615a2db6906f6,afb1df2172f081fa426f2f86c56912079116f6441ba64df367861d00375fddc4,AOG-LM-P07-SPIRAL-SPHERICAL,2,Salah-Eddin Gherbi,S06,25,1201.34948641,622.299234817,14,thick reciprocal-spiral projection in the spherical panel,First outermost spiral arc started near Great Circle projection of y-axis; stopped before dashed back-hemisphere of y = 0,2026-08-04T08:46:00Z
AOG_P07_SPHERICAL_PROJECTION,ef8b7d652edea5227166e54ca1bf6e81a4c02afd0d78c9d793e615a2db6906f6,afb1df2172f081fa426f2f86c56912079116f6441ba64df367861d00375fddc4,AOG-LM-P07-SPIRAL-SPHERICAL,2,Salah-Eddin Gherbi,S07,0,1207.46704992,616.446974163,14,thick reciprocal-spiral projection in the spherical panel,Second outermost spiral arc started near dashed back-hemisphere of y = 0; stopped before Great Circle projection of y-axis,2026-08-04T08:48:07Z
AOG_P07_SPHERICAL_PROJECTION,ef8b7d652edea5227166e54ca1bf6e81a4c02afd0d78c9d793e615a2db6906f6,afb1df2172f081fa426f2f86c56912079116f6441ba64df367861d00375fddc4,AOG-LM-P07-SPIRAL-SPHERICAL,2,Salah-Eddin Gherbi,S07,1,1210.5364174,614.108408467,14,thick reciprocal-spiral projection in the spherical panel,Second outermost spiral arc started near dashed back-hemisphere of y = 0; stopped before Great Circle projection of y-axis,2026-08-04T08:48:07Z
AOG_P07_SPHERICAL_PROJECTION,ef8b7d652edea5227166e54ca1bf6e81a4c02afd0d78c9d793e615a2db6906f6,afb1df2172f081fa426f2f86c56912079116f6441ba64df367861d00375fddc4,AOG-LM-P07-SPIRAL-SPHERICAL,2,Salah-Eddin Gherbi,S07,2,1214.62890736,611.916003127,14,thick reciprocal-spiral projection in the spherical panel,Second outermost spiral arc started near dashed back-hemisphere of y = 0; stopped before Great Circle projection of y-axis,2026-08-04T08:48:07Z
AOG_P07_SPHERICAL_PROJECTION,ef8b7d652edea5227166e54ca1bf6e81a4c02afd0d78c9d793e615a2db6906f6,afb1df2172f081fa426f2f86c56912079116f6441ba64df367861d00375fddc4,AOG-LM-P07-SPIRAL-SPHERICAL,2,Salah-Eddin Gherbi,S07,3,1217.8444352,610.015918499,14,thick reciprocal-spiral projection in the spherical panel,Second outermost spiral arc started near dashed back-hemisphere of y = 0; stopped before Great Circle projection of y-axis,2026-08-04T08:48:07Z
AOG_P07_SPHERICAL_PROJECTION,ef8b7d652edea5227166e54ca1bf6e81a4c02afd0d78c9d793e615a2db6906f6,afb1df2172f081fa426f2f86c56912079116f6441ba64df367861d00375fddc4,AOG-LM-P07-SPIRAL-SPHERICAL,2,Salah-Eddin Gherbi,S07,4,1221.93692516,608.846635651,14,thick reciprocal-spiral projection in the spherical panel,Second outermost spiral arc started near dashed back-hemisphere of y = 0; stopped before Great Circle projection of y-axis,2026-08-04T08:48:07Z
AOG_P07_SPHERICAL_PROJECTION,ef8b7d652edea5227166e54ca1bf6e81a4c02afd0d78c9d793e615a2db6906f6,afb1df2172f081fa426f2f86c56912079116f6441ba64df367861d00375fddc4,AOG-LM-P07-SPIRAL-SPHERICAL,2,Salah-Eddin Gherbi,S07,5,1225.44477371,607.385032091,14,thick reciprocal-spiral projection in the spherical panel,Second outermost spiral arc started near dashed back-hemisphere of y = 0; stopped before Great Circle projection of y-axis,2026-08-04T08:48:07Z
AOG_P07_SPHERICAL_PROJECTION,ef8b7d652edea5227166e54ca1bf6e81a4c02afd0d78c9d793e615a2db6906f6,afb1df2172f081fa426f2f86c56912079116f6441ba64df367861d00375fddc4,AOG-LM-P07-SPIRAL-SPHERICAL,2,Salah-Eddin Gherbi,S07,6,1229.39110332,605.484947463,14,thick reciprocal-spiral projection in the spherical panel,Second outermost spiral arc started near dashed back-hemisphere of y = 0; stopped before Great Circle projection of y-axis,2026-08-04T08:48:07Z
AOG_P07_SPHERICAL_PROJECTION,ef8b7d652edea5227166e54ca1bf6e81a4c02afd0d78c9d793e615a2db6906f6,afb1df2172f081fa426f2f86c56912079116f6441ba64df367861d00375fddc4,AOG-LM-P07-SPIRAL-SPHERICAL,2,Salah-Eddin Gherbi,S07,7,1234.06823471,604.315664615,14,thick reciprocal-spiral projection in the spherical panel,Second outermost spiral arc started near dashed back-hemisphere of y = 0; stopped before Great Circle projection of y-axis,2026-08-04T08:48:07Z
AOG_P07_SPHERICAL_PROJECTION,ef8b7d652edea5227166e54ca1bf6e81a4c02afd0d78c9d793e615a2db6906f6,afb1df2172f081fa426f2f86c56912079116f6441ba64df367861d00375fddc4,AOG-LM-P07-SPIRAL-SPHERICAL,2,Salah-Eddin Gherbi,S07,8,1238.45304539,603.000221411,14,thick reciprocal-spiral projection in the spherical panel,Second outermost spiral arc started near dashed back-hemisphere of y = 0; stopped before Great Circle projection of y-axis,2026-08-04T08:48:07Z
AOG_P07_SPHERICAL_PROJECTION,ef8b7d652edea5227166e54ca1bf6e81a4c02afd0d78c9d793e615a2db6906f6,afb1df2172f081fa426f2f86c56912079116f6441ba64df367861d00375fddc4,AOG-LM-P07-SPIRAL-SPHERICAL,2,Salah-Eddin Gherbi,S07,9,1243.13017678,601.830938563,14,thick reciprocal-spiral projection in the spherical panel,Second outermost spiral arc started near dashed back-hemisphere of y = 0; stopped before Great Circle projection of y-axis,2026-08-04T08:48:07Z
AOG_P07_SPHERICAL_PROJECTION,ef8b7d652edea5227166e54ca1bf6e81a4c02afd0d78c9d793e615a2db6906f6,afb1df2172f081fa426f2f86c56912079116f6441ba64df367861d00375fddc4,AOG-LM-P07-SPIRAL-SPHERICAL,2,Salah-Eddin Gherbi,S07,10,1248.3919496,601.684778207,14,thick reciprocal-spiral projection in the spherical panel,Second outermost spiral arc started near dashed back-hemisphere of y = 0; stopped before Great Circle projection of y-axis,2026-08-04T08:48:07Z
AOG_P07_SPHERICAL_PROJECTION,ef8b7d652edea5227166e54ca1bf6e81a4c02afd0d78c9d793e615a2db6906f6,afb1df2172f081fa426f2f86c56912079116f6441ba64df367861d00375fddc4,AOG-LM-P07-SPIRAL-SPHERICAL,2,Salah-Eddin Gherbi,S07,11,1253.65372241,601.538617851,14,thick reciprocal-spiral projection in the spherical panel,Second outermost spiral arc started near dashed back-hemisphere of y = 0; stopped before Great Circle projection of y-axis,2026-08-04T08:48:07Z
AOG_P07_SPHERICAL_PROJECTION,ef8b7d652edea5227166e54ca1bf6e81a4c02afd0d78c9d793e615a2db6906f6,afb1df2172f081fa426f2f86c56912079116f6441ba64df367861d00375fddc4,AOG-LM-P07-SPIRAL-SPHERICAL,2,Salah-Eddin Gherbi,S07,12,1258.62317452,601.977098919,14,thick reciprocal-spiral projection in the spherical panel,Second outermost spiral arc started near dashed back-hemisphere of y = 0; stopped before Great Circle projection of y-axis,2026-08-04T08:48:07Z
AOG_P07_SPHERICAL_PROJECTION,ef8b7d652edea5227166e54ca1bf6e81a4c02afd0d78c9d793e615a2db6906f6,afb1df2172f081fa426f2f86c56912079116f6441ba64df367861d00375fddc4,AOG-LM-P07-SPIRAL-SPHERICAL,2,Salah-Eddin Gherbi,S07,13,1264.61574911,602.415579987,14,thick reciprocal-spiral projection in the spherical panel,Second outermost spiral arc started near dashed back-hemisphere of y = 0; stopped before Great Circle projection of y-axis,2026-08-04T08:48:07Z
AOG_P07_SPHERICAL_PROJECTION,ef8b7d652edea5227166e54ca1bf6e81a4c02afd0d78c9d793e615a2db6906f6,afb1df2172f081fa426f2f86c56912079116f6441ba64df367861d00375fddc4,AOG-LM-P07-SPIRAL-SPHERICAL,2,Salah-Eddin Gherbi,S07,14,1270.16984264,603.000221411,14,thick reciprocal-spiral projection in the spherical panel,Second outermost spiral arc started near dashed back-hemisphere of y = 0; stopped before Great Circle projection of y-axis,2026-08-04T08:48:07Z
AOG_P07_SPHERICAL_PROJECTION,ef8b7d652edea5227166e54ca1bf6e81a4c02afd0d78c9d793e615a2db6906f6,afb1df2172f081fa426f2f86c56912079116f6441ba64df367861d00375fddc4,AOG-LM-P07-SPIRAL-SPHERICAL,2,Salah-Eddin Gherbi,S07,15,1274.84697403,603.731023191,14,thick reciprocal-spiral projection in the spherical panel,Second outermost spiral arc started near dashed back-hemisphere of y = 0; stopped before Great Circle projection of y-axis,2026-08-04T08:48:07Z
AOG_P07_SPHERICAL_PROJECTION,ef8b7d652edea5227166e54ca1bf6e81a4c02afd0d78c9d793e615a2db6906f6,afb1df2172f081fa426f2f86c56912079116f6441ba64df367861d00375fddc4,AOG-LM-P07-SPIRAL-SPHERICAL,2,Salah-Eddin Gherbi,S07,16,1279.81642614,604.900306039,14,thick reciprocal-spiral projection in the spherical panel,Second outermost spiral arc started near dashed back-hemisphere of y = 0; stopped before Great Circle projection of y-axis,2026-08-04T08:48:07Z
AOG_P07_SPHERICAL_PROJECTION,ef8b7d652edea5227166e54ca1bf6e81a4c02afd0d78c9d793e615a2db6906f6,afb1df2172f081fa426f2f86c56912079116f6441ba64df367861d00375fddc4,AOG-LM-P07-SPIRAL-SPHERICAL,2,Salah-Eddin Gherbi,S07,17,1284.63971789,606.361909599,14,thick reciprocal-spiral projection in the spherical panel,Second outermost spiral arc started near dashed back-hemisphere of y = 0; stopped before Great Circle projection of y-axis,2026-08-04T08:48:07Z
AOG_P07_SPHERICAL_PROJECTION,ef8b7d652edea5227166e54ca1bf6e81a4c02afd0d78c9d793e615a2db6906f6,afb1df2172f081fa426f2f86c56912079116f6441ba64df367861d00375fddc4,AOG-LM-P07-SPIRAL-SPHERICAL,2,Salah-Eddin Gherbi,S07,18,1288.87836821,608.115833871,14,thick reciprocal-spiral projection in the spherical panel,Second outermost spiral arc started near dashed back-hemisphere of y = 0; stopped before Great Circle projection of y-axis,2026-08-04T08:48:07Z
AOG_P07_SPHERICAL_PROJECTION,ef8b7d652edea5227166e54ca1bf6e81a4c02afd0d78c9d793e615a2db6906f6,afb1df2172f081fa426f2f86c56912079116f6441ba64df367861d00375fddc4,AOG-LM-P07-SPIRAL-SPHERICAL,2,Salah-Eddin Gherbi,S07,19,1291.94773569,610.162078855,14,thick reciprocal-spiral projection in the spherical panel,Second outermost spiral arc started near dashed back-hemisphere of y = 0; stopped before Great Circle projection of y-axis,2026-08-04T08:48:07Z
AOG_P07_SPHERICAL_PROJECTION,ef8b7d652edea5227166e54ca1bf6e81a4c02afd0d78c9d793e615a2db6906f6,afb1df2172f081fa426f2f86c56912079116f6441ba64df367861d00375fddc4,AOG-LM-P07-SPIRAL-SPHERICAL,2,Salah-Eddin Gherbi,S07,20,1296.18638601,612.646804907,14,thick reciprocal-spiral projection in the spherical panel,Second outermost spiral arc started near dashed back-hemisphere of y = 0; stopped before Great Circle projection of y-axis,2026-08-04T08:48:07Z
AOG_P07_SPHERICAL_PROJECTION,ef8b7d652edea5227166e54ca1bf6e81a4c02afd0d78c9d793e615a2db6906f6,afb1df2172f081fa426f2f86c56912079116f6441ba64df367861d00375fddc4,AOG-LM-P07-SPIRAL-SPHERICAL,2,Salah-Eddin Gherbi,S07,21,1300.42503633,615.277691315,14,thick reciprocal-spiral projection in the spherical panel,Second outermost spiral arc started near dashed back-hemisphere of y = 0; stopped before Great Circle projection of y-axis,2026-08-04T08:48:07Z
AOG_P07_SPHERICAL_PROJECTION,ef8b7d652edea5227166e54ca1bf6e81a4c02afd0d78c9d793e615a2db6906f6,afb1df2172f081fa426f2f86c56912079116f6441ba64df367861d00375fddc4,AOG-LM-P07-SPIRAL-SPHERICAL,2,Salah-Eddin Gherbi,S07,22,1303.78672452,617.908577723,14,thick reciprocal-spiral projection in the spherical panel,Second outermost spiral arc started near dashed back-hemisphere of y = 0; stopped before Great Circle projection of y-axis,2026-08-04T08:48:07Z
AOG_P07_SPHERICAL_PROJECTION,ef8b7d652edea5227166e54ca1bf6e81a4c02afd0d78c9d793e615a2db6906f6,afb1df2172f081fa426f2f86c56912079116f6441ba64df367861d00375fddc4,AOG-LM-P07-SPIRAL-SPHERICAL,2,Salah-Eddin Gherbi,S07,23,1307.14841271,620.539464131,14,thick reciprocal-spiral projection in the spherical panel,Second outermost spiral arc started near dashed back-hemisphere of y = 0; stopped before Great Circle projection of y-axis,2026-08-04T08:48:07Z
AOG_P07_SPHERICAL_PROJECTION,ef8b7d652edea5227166e54ca1bf6e81a4c02afd0d78c9d793e615a2db6906f6,afb1df2172f081fa426f2f86c56912079116f6441ba64df367861d00375fddc4,AOG-LM-P07-SPIRAL-SPHERICAL,2,Salah-Eddin Gherbi,S07,24,1310.65626125,622.878029826,14,thick reciprocal-spiral projection in the spherical panel,Second outermost spiral arc started near dashed back-hemisphere of y = 0; stopped before Great Circle projection of y-axis,2026-08-04T08:48:07Z
AOG_P07_SPHERICAL_PROJECTION,ef8b7d652edea5227166e54ca1bf6e81a4c02afd0d78c9d793e615a2db6906f6,afb1df2172f081fa426f2f86c56912079116f6441ba64df367861d00375fddc4,AOG-LM-P07-SPIRAL-SPHERICAL,2,Salah-Eddin Gherbi,S07,25,1313.43330802,624.92427481,14,thick reciprocal-spiral projection in the spherical panel,Second outermost spiral arc started near dashed back-hemisphere of y = 0; stopped before Great Circle projection of y-axis,2026-08-04T08:48:07Z
AOG_P07_SPHERICAL_PROJECTION,ef8b7d652edea5227166e54ca1bf6e81a4c02afd0d78c9d793e615a2db6906f6,afb1df2172f081fa426f2f86c56912079116f6441ba64df367861d00375fddc4,AOG-LM-P07-SPIRAL-SPHERICAL,2,Salah-Eddin Gherbi,S07,26,1315.91803407,627.11668015,14,thick reciprocal-spiral projection in the spherical panel,Second outermost spiral arc started near dashed back-hemisphere of y = 0; stopped before Great Circle projection of y-axis,2026-08-04T08:48:07Z
AOG_P07_SPHERICAL_PROJECTION,ef8b7d652edea5227166e54ca1bf6e81a4c02afd0d78c9d793e615a2db6906f6,afb1df2172f081fa426f2f86c56912079116f6441ba64df367861d00375fddc4,AOG-LM-P07-SPIRAL-SPHERICAL,2,Salah-Eddin Gherbi,S07,27,1319.71820332,630.186047626,14,thick reciprocal-spiral projection in the spherical panel,Second outermost spiral arc started near dashed back-hemisphere of y = 0; stopped before Great Circle projection of y-axis,2026-08-04T08:48:07Z
AOG_P07_SPHERICAL_PROJECTION,ef8b7d652edea5227166e54ca1bf6e81a4c02afd0d78c9d793e615a2db6906f6,afb1df2172f081fa426f2f86c56912079116f6441ba64df367861d00375fddc4,AOG-LM-P07-SPIRAL-SPHERICAL,2,Salah-Eddin Gherbi,S07,28,1322.34908973,633.109254746,14,thick reciprocal-spiral projection in the spherical panel,Second outermost spiral arc started near dashed back-hemisphere of y = 0; stopped before Great Circle projection of y-axis,2026-08-04T08:48:07Z
AOG_P07_SPHERICAL_PROJECTION,ef8b7d652edea5227166e54ca1bf6e81a4c02afd0d78c9d793e615a2db6906f6,afb1df2172f081fa426f2f86c56912079116f6441ba64df367861d00375fddc4,AOG-LM-P07-SPIRAL-SPHERICAL,2,Salah-Eddin Gherbi,S07,29,1324.54149507,635.88630151,14,thick reciprocal-spiral projection in the spherical panel,Second outermost spiral arc started near dashed back-hemisphere of y = 0; stopped before Great Circle projection of y-axis,2026-08-04T08:48:07Z
AOG_P07_SPHERICAL_PROJECTION,ef8b7d652edea5227166e54ca1bf6e81a4c02afd0d78c9d793e615a2db6906f6,afb1df2172f081fa426f2f86c56912079116f6441ba64df367861d00375fddc4,AOG-LM-P07-SPIRAL-SPHERICAL,2,Salah-Eddin Gherbi,S07,30,1327.17238148,638.371027562,14,thick reciprocal-spiral projection in the spherical panel,Second outermost spiral arc started near dashed back-hemisphere of y = 0; stopped before Great Circle projection of y-axis,2026-08-04T08:48:07Z
AOG_P07_SPHERICAL_PROJECTION,ef8b7d652edea5227166e54ca1bf6e81a4c02afd0d78c9d793e615a2db6906f6,afb1df2172f081fa426f2f86c56912079116f6441ba64df367861d00375fddc4,AOG-LM-P07-SPIRAL-SPHERICAL,2,Salah-Eddin Gherbi,S07,31,1329.36478682,640.709593258,14,thick reciprocal-spiral projection in the spherical panel,Second outermost spiral arc started near dashed back-hemisphere of y = 0; stopped before Great Circle projection of y-axis,2026-08-04T08:48:07Z
AOG_P07_SPHERICAL_PROJECTION,ef8b7d652edea5227166e54ca1bf6e81a4c02afd0d78c9d793e615a2db6906f6,afb1df2172f081fa426f2f86c56912079116f6441ba64df367861d00375fddc4,AOG-LM-P07-SPIRAL-SPHERICAL,2,Salah-Eddin Gherbi,S07,32,1331.70335252,643.486640022,14,thick reciprocal-spiral projection in the spherical panel,Second outermost spiral arc started near dashed back-hemisphere of y = 0; stopped before Great Circle projection of y-axis,2026-08-04T08:48:07Z
AOG_P07_SPHERICAL_PROJECTION,ef8b7d652edea5227166e54ca1bf6e81a4c02afd0d78c9d793e615a2db6906f6,afb1df2172f081fa426f2f86c56912079116f6441ba64df367861d00375fddc4,AOG-LM-P07-SPIRAL-SPHERICAL,2,Salah-Eddin Gherbi,S07,33,1333.16495608,645.532885006,14,thick reciprocal-spiral projection in the spherical panel,Second outermost spiral arc started near dashed back-hemisphere of y = 0; stopped before Great Circle projection of y-axis,2026-08-04T08:48:07Z
AOG_P07_SPHERICAL_PROJECTION,ef8b7d652edea5227166e54ca1bf6e81a4c02afd0d78c9d793e615a2db6906f6,afb1df2172f081fa426f2f86c56912079116f6441ba64df367861d00375fddc4,AOG-LM-P07-SPIRAL-SPHERICAL,2,Salah-Eddin Gherbi,S08,0,1338.65866574,654.056455223,14,thick reciprocal-spiral projection in the spherical panel,First long end spiral started near Great Circle projection of y-axis; stopped before the white marker dot,2026-08-04T08:49:26Z
AOG_P07_SPHERICAL_PROJECTION,ef8b7d652edea5227166e54ca1bf6e81a4c02afd0d78c9d793e615a2db6906f6,afb1df2172f081fa426f2f86c56912079116f6441ba64df367861d00375fddc4,AOG-LM-P07-SPIRAL-SPHERICAL,2,Salah-Eddin Gherbi,S08,1,1340.7310887,657.372331956,14,thick reciprocal-spiral projection in the spherical panel,First long end spiral started near Great Circle projection of y-axis; stopped before the white marker dot,2026-08-04T08:49:26Z
AOG_P07_SPHERICAL_PROJECTION,ef8b7d652edea5227166e54ca1bf6e81a4c02afd0d78c9d793e615a2db6906f6,afb1df2172f081fa426f2f86c56912079116f6441ba64df367861d00375fddc4,AOG-LM-P07-SPIRAL-SPHERICAL,2,Salah-Eddin Gherbi,S08,2,1343.21799625,660.895450985,14,thick reciprocal-spiral projection in the spherical panel,First long end spiral started near Great Circle projection of y-axis; stopped before the white marker dot,2026-08-04T08:49:26Z
AOG_P07_SPHERICAL_PROJECTION,ef8b7d652edea5227166e54ca1bf6e81a4c02afd0d78c9d793e615a2db6906f6,afb1df2172f081fa426f2f86c56912079116f6441ba64df367861d00375fddc4,AOG-LM-P07-SPIRAL-SPHERICAL,2,Salah-Eddin Gherbi,S08,3,1345.9121461,665.247539197,14,thick reciprocal-spiral projection in the spherical panel,First long end spiral started near Great Circle projection of y-axis; stopped before the white marker dot,2026-08-04T08:49:26Z
AOG_P07_SPHERICAL_PROJECTION,ef8b7d652edea5227166e54ca1bf6e81a4c02afd0d78c9d793e615a2db6906f6,afb1df2172f081fa426f2f86c56912079116f6441ba64df367861d00375fddc4,AOG-LM-P07-SPIRAL-SPHERICAL,2,Salah-Eddin Gherbi,S08,4,1348.60629594,669.806869705,14,thick reciprocal-spiral projection in the spherical panel,First long end spiral started near Great Circle projection of y-axis; stopped before the white marker dot,2026-08-04T08:49:26Z
AOG_P07_SPHERICAL_PROJECTION,ef8b7d652edea5227166e54ca1bf6e81a4c02afd0d78c9d793e615a2db6906f6,afb1df2172f081fa426f2f86c56912079116f6441ba64df367861d00375fddc4,AOG-LM-P07-SPIRAL-SPHERICAL,2,Salah-Eddin Gherbi,S08,5,1351.30044579,674.158957917,14,thick reciprocal-spiral projection in the spherical panel,First long end spiral started near Great Circle projection of y-axis; stopped before the white marker dot,2026-08-04T08:49:26Z
AOG_P07_SPHERICAL_PROJECTION,ef8b7d652edea5227166e54ca1bf6e81a4c02afd0d78c9d793e615a2db6906f6,afb1df2172f081fa426f2f86c56912079116f6441ba64df367861d00375fddc4,AOG-LM-P07-SPIRAL-SPHERICAL,2,Salah-Eddin Gherbi,S08,6,1354.40908023,679.340015312,14,thick reciprocal-spiral projection in the spherical panel,First long end spiral started near Great Circle projection of y-axis; stopped before the white marker dot,2026-08-04T08:49:26Z
AOG_P07_SPHERICAL_PROJECTION,ef8b7d652edea5227166e54ca1bf6e81a4c02afd0d78c9d793e615a2db6906f6,afb1df2172f081fa426f2f86c56912079116f6441ba64df367861d00375fddc4,AOG-LM-P07-SPIRAL-SPHERICAL,2,Salah-Eddin Gherbi,S08,7,1357.10323007,685.142799595,14,thick reciprocal-spiral projection in the spherical panel,First long end spiral started near Great Circle projection of y-axis; stopped before the white marker dot,2026-08-04T08:49:26Z
AOG_P07_SPHERICAL_PROJECTION,ef8b7d652edea5227166e54ca1bf6e81a4c02afd0d78c9d793e615a2db6906f6,afb1df2172f081fa426f2f86c56912079116f6441ba64df367861d00375fddc4,AOG-LM-P07-SPIRAL-SPHERICAL,2,Salah-Eddin Gherbi,S08,8,1359.79737992,689.494887807,14,thick reciprocal-spiral projection in the spherical panel,First long end spiral started near Great Circle projection of y-axis; stopped before the white marker dot,2026-08-04T08:49:26Z
AOG_P07_SPHERICAL_PROJECTION,ef8b7d652edea5227166e54ca1bf6e81a4c02afd0d78c9d793e615a2db6906f6,afb1df2172f081fa426f2f86c56912079116f6441ba64df367861d00375fddc4,AOG-LM-P07-SPIRAL-SPHERICAL,2,Salah-Eddin Gherbi,S08,9,1361.86980287,694.054218315,14,thick reciprocal-spiral projection in the spherical panel,First long end spiral started near Great Circle projection of y-axis; stopped before the white marker dot,2026-08-04T08:49:26Z
AOG_P07_SPHERICAL_PROJECTION,ef8b7d652edea5227166e54ca1bf6e81a4c02afd0d78c9d793e615a2db6906f6,afb1df2172f081fa426f2f86c56912079116f6441ba64df367861d00375fddc4,AOG-LM-P07-SPIRAL-SPHERICAL,2,Salah-Eddin Gherbi,S08,10,1364.97843731,699.23527571,14,thick reciprocal-spiral projection in the spherical panel,First long end spiral started near Great Circle projection of y-axis; stopped before the white marker dot,2026-08-04T08:49:26Z
AOG_P07_SPHERICAL_PROJECTION,ef8b7d652edea5227166e54ca1bf6e81a4c02afd0d78c9d793e615a2db6906f6,afb1df2172f081fa426f2f86c56912079116f6441ba64df367861d00375fddc4,AOG-LM-P07-SPIRAL-SPHERICAL,2,Salah-Eddin Gherbi,S08,11,1366.63637568,704.416333106,14,thick reciprocal-spiral projection in the spherical panel,First long end spiral started near Great Circle projection of y-axis; stopped before the white marker dot,2026-08-04T08:49:26Z
AOG_P07_SPHERICAL_PROJECTION,ef8b7d652edea5227166e54ca1bf6e81a4c02afd0d78c9d793e615a2db6906f6,afb1df2172f081fa426f2f86c56912079116f6441ba64df367861d00375fddc4,AOG-LM-P07-SPIRAL-SPHERICAL,2,Salah-Eddin Gherbi,S08,12,1369.33052552,709.182905909,14,thick reciprocal-spiral projection in the spherical panel,First long end spiral started near Great Circle projection of y-axis; stopped before the white marker dot,2026-08-04T08:49:26Z
AOG_P07_SPHERICAL_PROJECTION,ef8b7d652edea5227166e54ca1bf6e81a4c02afd0d78c9d793e615a2db6906f6,afb1df2172f081fa426f2f86c56912079116f6441ba64df367861d00375fddc4,AOG-LM-P07-SPIRAL-SPHERICAL,2,Salah-Eddin Gherbi,S08,13,1372.02467537,714.985690192,14,thick reciprocal-spiral projection in the spherical panel,First long end spiral started near Great Circle projection of y-axis; stopped before the white marker dot,2026-08-04T08:49:26Z
AOG_P07_SPHERICAL_PROJECTION,ef8b7d652edea5227166e54ca1bf6e81a4c02afd0d78c9d793e615a2db6906f6,afb1df2172f081fa426f2f86c56912079116f6441ba64df367861d00375fddc4,AOG-LM-P07-SPIRAL-SPHERICAL,2,Salah-Eddin Gherbi,S08,14,1374.09709833,719.959505292,14,thick reciprocal-spiral projection in the spherical panel,First long end spiral started near Great Circle projection of y-axis; stopped before the white marker dot,2026-08-04T08:49:26Z
AOG_P07_SPHERICAL_PROJECTION,ef8b7d652edea5227166e54ca1bf6e81a4c02afd0d78c9d793e615a2db6906f6,afb1df2172f081fa426f2f86c56912079116f6441ba64df367861d00375fddc4,AOG-LM-P07-SPIRAL-SPHERICAL,2,Salah-Eddin Gherbi,S08,15,1375.75503669,725.140562687,14,thick reciprocal-spiral projection in the spherical panel,First long end spiral started near Great Circle projection of y-axis; stopped before the white marker dot,2026-08-04T08:49:26Z
AOG_P07_SPHERICAL_PROJECTION,ef8b7d652edea5227166e54ca1bf6e81a4c02afd0d78c9d793e615a2db6906f6,afb1df2172f081fa426f2f86c56912079116f6441ba64df367861d00375fddc4,AOG-LM-P07-SPIRAL-SPHERICAL,2,Salah-Eddin Gherbi,S08,16,1378.03470195,729.699893195,14,thick reciprocal-spiral projection in the spherical panel,First long end spiral started near Great Circle projection of y-axis; stopped before the white marker dot,2026-08-04T08:49:26Z
AOG_P07_SPHERICAL_PROJECTION,ef8b7d652edea5227166e54ca1bf6e81a4c02afd0d78c9d793e615a2db6906f6,afb1df2172f081fa426f2f86c56912079116f6441ba64df367861d00375fddc4,AOG-LM-P07-SPIRAL-SPHERICAL,2,Salah-Eddin Gherbi,S08,17,1379.69264031,734.673708294,14,thick reciprocal-spiral projection in the spherical panel,First long end spiral started near Great Circle projection of y-axis; stopped before the white marker dot,2026-08-04T08:49:26Z
AOG_P07_SPHERICAL_PROJECTION,ef8b7d652edea5227166e54ca1bf6e81a4c02afd0d78c9d793e615a2db6906f6,afb1df2172f081fa426f2f86c56912079116f6441ba64df367861d00375fddc4,AOG-LM-P07-SPIRAL-SPHERICAL,2,Salah-Eddin Gherbi,S08,18,1382.17954786,740.269250281,14,thick reciprocal-spiral projection in the spherical panel,First long end spiral started near Great Circle projection of y-axis; stopped before the white marker dot,2026-08-04T08:49:26Z
AOG_P07_SPHERICAL_PROJECTION,ef8b7d652edea5227166e54ca1bf6e81a4c02afd0d78c9d793e615a2db6906f6,afb1df2172f081fa426f2f86c56912079116f6441ba64df367861d00375fddc4,AOG-LM-P07-SPIRAL-SPHERICAL,2,Salah-Eddin Gherbi,S08,19,1385.08094001,746.072034564,14,thick reciprocal-spiral projection in the spherical panel,First long end spiral started near Great Circle projection of y-axis; stopped before the white marker dot,2026-08-04T08:49:26Z
AOG_P07_SPHERICAL_PROJECTION,ef8b7d652edea5227166e54ca1bf6e81a4c02afd0d78c9d793e615a2db6906f6,afb1df2172f081fa426f2f86c56912079116f6441ba64df367861d00375fddc4,AOG-LM-P07-SPIRAL-SPHERICAL,2,Salah-Eddin Gherbi,S08,20,1387.36060526,752.289303439,14,thick reciprocal-spiral projection in the spherical panel,First long end spiral started near Great Circle projection of y-axis; stopped before the white marker dot,2026-08-04T08:49:26Z
AOG_P07_SPHERICAL_PROJECTION,ef8b7d652edea5227166e54ca1bf6e81a4c02afd0d78c9d793e615a2db6906f6,afb1df2172f081fa426f2f86c56912079116f6441ba64df367861d00375fddc4,AOG-LM-P07-SPIRAL-SPHERICAL,2,Salah-Eddin Gherbi,S08,21,1389.22578592,757.884845426,14,thick reciprocal-spiral projection in the spherical panel,First long end spiral started near Great Circle projection of y-axis; stopped before the white marker dot,2026-08-04T08:49:26Z
AOG_P07_SPHERICAL_PROJECTION,ef8b7d652edea5227166e54ca1bf6e81a4c02afd0d78c9d793e615a2db6906f6,afb1df2172f081fa426f2f86c56912079116f6441ba64df367861d00375fddc4,AOG-LM-P07-SPIRAL-SPHERICAL,2,Salah-Eddin Gherbi,S08,22,1391.09096658,763.480387413,14,thick reciprocal-spiral projection in the spherical panel,First long end spiral started near Great Circle projection of y-axis; stopped before the white marker dot,2026-08-04T08:49:26Z
AOG_P07_SPHERICAL_PROJECTION,ef8b7d652edea5227166e54ca1bf6e81a4c02afd0d78c9d793e615a2db6906f6,afb1df2172f081fa426f2f86c56912079116f6441ba64df367861d00375fddc4,AOG-LM-P07-SPIRAL-SPHERICAL,2,Salah-Eddin Gherbi,S08,23,1392.95614725,769.283171695,14,thick reciprocal-spiral projection in the spherical panel,First long end spiral started near Great Circle projection of y-axis; stopped before the white marker dot,2026-08-04T08:49:26Z
AOG_P07_SPHERICAL_PROJECTION,ef8b7d652edea5227166e54ca1bf6e81a4c02afd0d78c9d793e615a2db6906f6,afb1df2172f081fa426f2f86c56912079116f6441ba64df367861d00375fddc4,AOG-LM-P07-SPIRAL-SPHERICAL,2,Salah-Eddin Gherbi,S08,24,1393.78511643,774.049744499,14,thick reciprocal-spiral projection in the spherical panel,First long end spiral started near Great Circle projection of y-axis; stopped before the white marker dot,2026-08-04T08:49:26Z
AOG_P07_SPHERICAL_PROJECTION,ef8b7d652edea5227166e54ca1bf6e81a4c02afd0d78c9d793e615a2db6906f6,afb1df2172f081fa426f2f86c56912079116f6441ba64df367861d00375fddc4,AOG-LM-P07-SPIRAL-SPHERICAL,2,Salah-Eddin Gherbi,S09,0,1396.92131409,789.057860707,14,thick reciprocal-spiral projection in the spherical panel,Second segment of long end spiral (short) started near white marker dot; stopped before the curve x = 1 near UCLR node,2026-08-04T08:50:35Z
AOG_P07_SPHERICAL_PROJECTION,ef8b7d652edea5227166e54ca1bf6e81a4c02afd0d78c9d793e615a2db6906f6,afb1df2172f081fa426f2f86c56912079116f6441ba64df367861d00375fddc4,AOG-LM-P07-SPIRAL-SPHERICAL,2,Salah-Eddin Gherbi,S09,1,1397.59321543,790.829236962,14,thick reciprocal-spiral projection in the spherical panel,Second segment of long end spiral (short) started near white marker dot; stopped before the curve x = 1 near UCLR node,2026-08-04T08:50:35Z
AOG_P07_SPHERICAL_PROJECTION,ef8b7d652edea5227166e54ca1bf6e81a4c02afd0d78c9d793e615a2db6906f6,afb1df2172f081fa426f2f86c56912079116f6441ba64df367861d00375fddc4,AOG-LM-P07-SPIRAL-SPHERICAL,2,Salah-Eddin Gherbi,S09,2,1398.14295289,792.844940976,14,thick reciprocal-spiral projection in the spherical panel,Second segment of long end spiral (short) started near white marker dot; stopped before the curve x = 1 near UCLR node,2026-08-04T08:50:35Z
AOG_P07_SPHERICAL_PROJECTION,ef8b7d652edea5227166e54ca1bf6e81a4c02afd0d78c9d793e615a2db6906f6,afb1df2172f081fa426f2f86c56912079116f6441ba64df367861d00375fddc4,AOG-LM-P07-SPIRAL-SPHERICAL,2,Salah-Eddin Gherbi,S09,3,1398.75377229,794.494153351,14,thick reciprocal-spiral projection in the spherical panel,Second segment of long end spiral (short) started near white marker dot; stopped before the curve x = 1 near UCLR node,2026-08-04T08:50:35Z
AOG_P07_SPHERICAL_PROJECTION,ef8b7d652edea5227166e54ca1bf6e81a4c02afd0d78c9d793e615a2db6906f6,afb1df2172f081fa426f2f86c56912079116f6441ba64df367861d00375fddc4,AOG-LM-P07-SPIRAL-SPHERICAL,2,Salah-Eddin Gherbi,S09,4,1399.36459169,796.326611546,14,thick reciprocal-spiral projection in the spherical panel,Second segment of long end spiral (short) started near white marker dot; stopped before the curve x = 1 near UCLR node,2026-08-04T08:50:35Z
AOG_P07_SPHERICAL_PROJECTION,ef8b7d652edea5227166e54ca1bf6e81a4c02afd0d78c9d793e615a2db6906f6,afb1df2172f081fa426f2f86c56912079116f6441ba64df367861d00375fddc4,AOG-LM-P07-SPIRAL-SPHERICAL,2,Salah-Eddin Gherbi,S09,5,1399.97541108,798.647725259,14,thick reciprocal-spiral projection in the spherical panel,Second segment of long end spiral (short) started near white marker dot; stopped before the curve x = 1 near UCLR node,2026-08-04T08:50:35Z
AOG_P07_SPHERICAL_PROJECTION,ef8b7d652edea5227166e54ca1bf6e81a4c02afd0d78c9d793e615a2db6906f6,afb1df2172f081fa426f2f86c56912079116f6441ba64df367861d00375fddc4,AOG-LM-P07-SPIRAL-SPHERICAL,2,Salah-Eddin Gherbi,S09,6,1400.83055824,801.76290419,14,thick reciprocal-spiral projection in the spherical panel,Second segment of long end spiral (short) started near white marker dot; stopped before the curve x = 1 near UCLR node,2026-08-04T08:50:35Z
AOG_P07_SPHERICAL_PROJECTION,ef8b7d652edea5227166e54ca1bf6e81a4c02afd0d78c9d793e615a2db6906f6,afb1df2172f081fa426f2f86c56912079116f6441ba64df367861d00375fddc4,AOG-LM-P07-SPIRAL-SPHERICAL,2,Salah-Eddin Gherbi,S09,7,1401.74678734,803.656444324,14,thick reciprocal-spiral projection in the spherical panel,Second segment of long end spiral (short) started near white marker dot; stopped before the curve x = 1 near UCLR node,2026-08-04T08:50:35Z
AOG_P07_SPHERICAL_PROJECTION,ef8b7d652edea5227166e54ca1bf6e81a4c02afd0d78c9d793e615a2db6906f6,afb1df2172f081fa426f2f86c56912079116f6441ba64df367861d00375fddc4,AOG-LM-P07-SPIRAL-SPHERICAL,2,Salah-Eddin Gherbi,S09,8,1402.28701347,806.145009812,14,thick reciprocal-spiral projection in the spherical panel,Second segment of long end spiral (short) started near white marker dot; stopped before the curve x = 1 near UCLR node,2026-08-04T08:50:35Z
AOG_P07_SPHERICAL_PROJECTION,ef8b7d652edea5227166e54ca1bf6e81a4c02afd0d78c9d793e615a2db6906f6,afb1df2172f081fa426f2f86c56912079116f6441ba64df367861d00375fddc4,AOG-LM-P07-SPIRAL-SPHERICAL,2,Salah-Eddin Gherbi,S09,9,1403.13779763,809.122754378,14,thick reciprocal-spiral projection in the spherical panel,Second segment of long end spiral (short) started near white marker dot; stopped before the curve x = 1 near UCLR node,2026-08-04T08:50:35Z
AOG_P07_SPHERICAL_PROJECTION,ef8b7d652edea5227166e54ca1bf6e81a4c02afd0d78c9d793e615a2db6906f6,afb1df2172f081fa426f2f86c56912079116f6441ba64df367861d00375fddc4,AOG-LM-P07-SPIRAL-SPHERICAL,2,Salah-Eddin Gherbi,S09,10,1403.56318971,811.391512143,14,thick reciprocal-spiral projection in the spherical panel,Second segment of long end spiral (short) started near white marker dot; stopped before the curve x = 1 near UCLR node,2026-08-04T08:50:35Z
AOG_P07_SPHERICAL_PROJECTION,ef8b7d652edea5227166e54ca1bf6e81a4c02afd0d78c9d793e615a2db6906f6,afb1df2172f081fa426f2f86c56912079116f6441ba64df367861d00375fddc4,AOG-LM-P07-SPIRAL-SPHERICAL,2,Salah-Eddin Gherbi,S10,0,1404.95339284,820.144379599,14,thick reciprocal-spiral projection in the spherical panel,Last long end spiral started near the curve x = 1 and UCLR node; stopped before Great Circle projection of y = 0 (x-axis) and lower right node.,2026-08-04T08:52:39Z
AOG_P07_SPHERICAL_PROJECTION,ef8b7d652edea5227166e54ca1bf6e81a4c02afd0d78c9d793e615a2db6906f6,afb1df2172f081fa426f2f86c56912079116f6441ba64df367861d00375fddc4,AOG-LM-P07-SPIRAL-SPHERICAL,2,Salah-Eddin Gherbi,S10,1,1405.81726599,825.039660776,14,thick reciprocal-spiral projection in the spherical panel,Last long end spiral started near the curve x = 1 and UCLR node; stopped before Great Circle projection of y = 0 (x-axis) and lower right node.,2026-08-04T08:52:39Z
AOG_P07_SPHERICAL_PROJECTION,ef8b7d652edea5227166e54ca1bf6e81a4c02afd0d78c9d793e615a2db6906f6,afb1df2172f081fa426f2f86c56912079116f6441ba64df367861d00375fddc4,AOG-LM-P07-SPIRAL-SPHERICAL,2,Salah-Eddin Gherbi,S10,2,1406.96909686,830.222899669,14,thick reciprocal-spiral projection in the spherical panel,Last long end spiral started near the curve x = 1 and UCLR node; stopped before Great Circle projection of y = 0 (x-axis) and lower right node.,2026-08-04T08:52:39Z
AOG_P07_SPHERICAL_PROJECTION,ef8b7d652edea5227166e54ca1bf6e81a4c02afd0d78c9d793e615a2db6906f6,afb1df2172f081fa426f2f86c56912079116f6441ba64df367861d00375fddc4,AOG-LM-P07-SPIRAL-SPHERICAL,2,Salah-Eddin Gherbi,S10,3,1408.40888544,835.406138563,14,thick reciprocal-spiral projection in the spherical panel,Last long end spiral started near the curve x = 1 and UCLR node; stopped before Great Circle projection of y = 0 (x-axis) and lower right node.,2026-08-04T08:52:39Z
AOG_P07_SPHERICAL_PROJECTION,ef8b7d652edea5227166e54ca1bf6e81a4c02afd0d78c9d793e615a2db6906f6,afb1df2172f081fa426f2f86c56912079116f6441ba64df367861d00375fddc4,AOG-LM-P07-SPIRAL-SPHERICAL,2,Salah-Eddin Gherbi,S10,4,1409.5607163,841.165292888,14,thick reciprocal-spiral projection in the spherical panel,Last long end spiral started near the curve x = 1 and UCLR node; stopped before Great Circle projection of y = 0 (x-axis) and lower right node.,2026-08-04T08:52:39Z
AOG_P07_SPHERICAL_PROJECTION,ef8b7d652edea5227166e54ca1bf6e81a4c02afd0d78c9d793e615a2db6906f6,afb1df2172f081fa426f2f86c56912079116f6441ba64df367861d00375fddc4,AOG-LM-P07-SPIRAL-SPHERICAL,2,Salah-Eddin Gherbi,S10,5,1410.42458945,846.636489498,14,thick reciprocal-spiral projection in the spherical panel,Last long end spiral started near the curve x = 1 and UCLR node; stopped before Great Circle projection of y = 0 (x-axis) and lower right node.,2026-08-04T08:52:39Z
AOG_P07_SPHERICAL_PROJECTION,ef8b7d652edea5227166e54ca1bf6e81a4c02afd0d78c9d793e615a2db6906f6,afb1df2172f081fa426f2f86c56912079116f6441ba64df367861d00375fddc4,AOG-LM-P07-SPIRAL-SPHERICAL,2,Salah-Eddin Gherbi,S10,6,1411.57642032,852.68360154,14,thick reciprocal-spiral projection in the spherical panel,Last long end spiral started near the curve x = 1 and UCLR node; stopped before Great Circle projection of y = 0 (x-axis) and lower right node.,2026-08-04T08:52:39Z
AOG_P07_SPHERICAL_PROJECTION,ef8b7d652edea5227166e54ca1bf6e81a4c02afd0d78c9d793e615a2db6906f6,afb1df2172f081fa426f2f86c56912079116f6441ba64df367861d00375fddc4,AOG-LM-P07-SPIRAL-SPHERICAL,2,Salah-Eddin Gherbi,S10,7,1413.59212433,860.45845988,14,thick reciprocal-spiral projection in the spherical panel,Last long end spiral started near the curve x = 1 and UCLR node; stopped before Great Circle projection of y = 0 (x-axis) and lower right node.,2026-08-04T08:52:39Z
AOG_P07_SPHERICAL_PROJECTION,ef8b7d652edea5227166e54ca1bf6e81a4c02afd0d78c9d793e615a2db6906f6,afb1df2172f081fa426f2f86c56912079116f6441ba64df367861d00375fddc4,AOG-LM-P07-SPIRAL-SPHERICAL,2,Salah-Eddin Gherbi,S10,8,1414.16803977,867.657402787,14,thick reciprocal-spiral projection in the spherical panel,Last long end spiral started near the curve x = 1 and UCLR node; stopped before Great Circle projection of y = 0 (x-axis) and lower right node.,2026-08-04T08:52:39Z
AOG_P07_SPHERICAL_PROJECTION,ef8b7d652edea5227166e54ca1bf6e81a4c02afd0d78c9d793e615a2db6906f6,afb1df2172f081fa426f2f86c56912079116f6441ba64df367861d00375fddc4,AOG-LM-P07-SPIRAL-SPHERICAL,2,Salah-Eddin Gherbi,S10,9,1415.03191291,873.992472545,14,thick reciprocal-spiral projection in the spherical panel,Last long end spiral started near the curve x = 1 and UCLR node; stopped before Great Circle projection of y = 0 (x-axis) and lower right node.,2026-08-04T08:52:39Z
AOG_P07_SPHERICAL_PROJECTION,ef8b7d652edea5227166e54ca1bf6e81a4c02afd0d78c9d793e615a2db6906f6,afb1df2172f081fa426f2f86c56912079116f6441ba64df367861d00375fddc4,AOG-LM-P07-SPIRAL-SPHERICAL,2,Salah-Eddin Gherbi,S10,10,1415.60782835,880.039584587,14,thick reciprocal-spiral projection in the spherical panel,Last long end spiral started near the curve x = 1 and UCLR node; stopped before Great Circle projection of y = 0 (x-axis) and lower right node.,2026-08-04T08:52:39Z
AOG_P07_SPHERICAL_PROJECTION,ef8b7d652edea5227166e54ca1bf6e81a4c02afd0d78c9d793e615a2db6906f6,afb1df2172f081fa426f2f86c56912079116f6441ba64df367861d00375fddc4,AOG-LM-P07-SPIRAL-SPHERICAL,2,Salah-Eddin Gherbi,S10,11,1416.4717015,886.950569778,14,thick reciprocal-spiral projection in the spherical panel,Last long end spiral started near the curve x = 1 and UCLR node; stopped before Great Circle projection of y = 0 (x-axis) and lower right node.,2026-08-04T08:52:39Z
AOG_P07_SPHERICAL_PROJECTION,ef8b7d652edea5227166e54ca1bf6e81a4c02afd0d78c9d793e615a2db6906f6,afb1df2172f081fa426f2f86c56912079116f6441ba64df367861d00375fddc4,AOG-LM-P07-SPIRAL-SPHERICAL,2,Salah-Eddin Gherbi,S10,12,1416.75965921,894.725428118,14,thick reciprocal-spiral projection in the spherical panel,Last long end spiral started near the curve x = 1 and UCLR node; stopped before Great Circle projection of y = 0 (x-axis) and lower right node.,2026-08-04T08:52:39Z
AOG_P07_SPHERICAL_PROJECTION,ef8b7d652edea5227166e54ca1bf6e81a4c02afd0d78c9d793e615a2db6906f6,afb1df2172f081fa426f2f86c56912079116f6441ba64df367861d00375fddc4,AOG-LM-P07-SPIRAL-SPHERICAL,2,Salah-Eddin Gherbi,S10,13,1417.04761693,901.060497876,14,thick reciprocal-spiral projection in the spherical panel,Last long end spiral started near the curve x = 1 and UCLR node; stopped before Great Circle projection of y = 0 (x-axis) and lower right node.,2026-08-04T08:52:39Z
AOG_P07_SPHERICAL_PROJECTION,ef8b7d652edea5227166e54ca1bf6e81a4c02afd0d78c9d793e615a2db6906f6,afb1df2172f081fa426f2f86c56912079116f6441ba64df367861d00375fddc4,AOG-LM-P07-SPIRAL-SPHERICAL,2,Salah-Eddin Gherbi,S10,14,1417.62353236,907.395567635,14,thick reciprocal-spiral projection in the spherical panel,Last long end spiral started near the curve x = 1 and UCLR node; stopped before Great Circle projection of y = 0 (x-axis) and lower right node.,2026-08-04T08:52:39Z
AOG_P07_SPHERICAL_PROJECTION,ef8b7d652edea5227166e54ca1bf6e81a4c02afd0d78c9d793e615a2db6906f6,afb1df2172f081fa426f2f86c56912079116f6441ba64df367861d00375fddc4,AOG-LM-P07-SPIRAL-SPHERICAL,2,Salah-Eddin Gherbi,S10,15,1418.19944779,915.458383691,14,thick reciprocal-spiral projection in the spherical panel,Last long end spiral started near the curve x = 1 and UCLR node; stopped before Great Circle projection of y = 0 (x-axis) and lower right node.,2026-08-04T08:52:39Z
AOG_P07_SPHERICAL_PROJECTION,ef8b7d652edea5227166e54ca1bf6e81a4c02afd0d78c9d793e615a2db6906f6,afb1df2172f081fa426f2f86c56912079116f6441ba64df367861d00375fddc4,AOG-LM-P07-SPIRAL-SPHERICAL,2,Salah-Eddin Gherbi,S10,16,1418.19944779,923.233242031,14,thick reciprocal-spiral projection in the spherical panel,Last long end spiral started near the curve x = 1 and UCLR node; stopped before Great Circle projection of y = 0 (x-axis) and lower right node.,2026-08-04T08:52:39Z
AOG_P07_SPHERICAL_PROJECTION,ef8b7d652edea5227166e54ca1bf6e81a4c02afd0d78c9d793e615a2db6906f6,afb1df2172f081fa426f2f86c56912079116f6441ba64df367861d00375fddc4,AOG-LM-P07-SPIRAL-SPHERICAL,2,Salah-Eddin Gherbi,S10,17,1419.35127866,931.008100371,14,thick reciprocal-spiral projection in the spherical panel,Last long end spiral started near the curve x = 1 and UCLR node; stopped before Great Circle projection of y = 0 (x-axis) and lower right node.,2026-08-04T08:52:39Z
AOG_P07_SPHERICAL_PROJECTION,ef8b7d652edea5227166e54ca1bf6e81a4c02afd0d78c9d793e615a2db6906f6,afb1df2172f081fa426f2f86c56912079116f6441ba64df367861d00375fddc4,AOG-LM-P07-SPIRAL-SPHERICAL,2,Salah-Eddin Gherbi,S10,18,1418.77536323,938.495000994,14,thick reciprocal-spiral projection in the spherical panel,Last long end spiral started near the curve x = 1 and UCLR node; stopped before Great Circle projection of y = 0 (x-axis) and lower right node.,2026-08-04T08:52:39Z
AOG_P07_SPHERICAL_PROJECTION,ef8b7d652edea5227166e54ca1bf6e81a4c02afd0d78c9d793e615a2db6906f6,afb1df2172f081fa426f2f86c56912079116f6441ba64df367861d00375fddc4,AOG-LM-P07-SPIRAL-SPHERICAL,2,Salah-Eddin Gherbi,S10,19,1419.35127866,946.55781705,14,thick reciprocal-spiral projection in the spherical panel,Last long end spiral started near the curve x = 1 and UCLR node; stopped before Great Circle projection of y = 0 (x-axis) and lower right node.,2026-08-04T08:52:39Z
AOG_P07_SPHERICAL_PROJECTION,ef8b7d652edea5227166e54ca1bf6e81a4c02afd0d78c9d793e615a2db6906f6,afb1df2172f081fa426f2f86c56912079116f6441ba64df367861d00375fddc4,AOG-LM-P07-SPIRAL-SPHERICAL,2,Salah-Eddin Gherbi,S10,20,1419.06332094,954.620633106,14,thick reciprocal-spiral projection in the spherical panel,Last long end spiral started near the curve x = 1 and UCLR node; stopped before Great Circle projection of y = 0 (x-axis) and lower right node.,2026-08-04T08:52:39Z
AOG_P07_SPHERICAL_PROJECTION,ef8b7d652edea5227166e54ca1bf6e81a4c02afd0d78c9d793e615a2db6906f6,afb1df2172f081fa426f2f86c56912079116f6441ba64df367861d00375fddc4,AOG-LM-P07-SPIRAL-SPHERICAL,2,Salah-Eddin Gherbi,S10,21,1419.35127866,962.395491446,14,thick reciprocal-spiral projection in the spherical panel,Last long end spiral started near the curve x = 1 and UCLR node; stopped before Great Circle projection of y = 0 (x-axis) and lower right node.,2026-08-04T08:52:39Z
AOG_P07_SPHERICAL_PROJECTION,ef8b7d652edea5227166e54ca1bf6e81a4c02afd0d78c9d793e615a2db6906f6,afb1df2172f081fa426f2f86c56912079116f6441ba64df367861d00375fddc4,AOG-LM-P07-SPIRAL-SPHERICAL,2,Salah-Eddin Gherbi,S10,22,1420.21515181,969.306476637,14,thick reciprocal-spiral projection in the spherical panel,Last long end spiral started near the curve x = 1 and UCLR node; stopped before Great Circle projection of y = 0 (x-axis) and lower right node.,2026-08-04T08:52:39Z
AOG_P07_SPHERICAL_PROJECTION,ef8b7d652edea5227166e54ca1bf6e81a4c02afd0d78c9d793e615a2db6906f6,afb1df2172f081fa426f2f86c56912079116f6441ba64df367861d00375fddc4,AOG-LM-P07-SPIRAL-SPHERICAL,2,Salah-Eddin Gherbi,S10,23,1420.50310952,975.065630963,14,thick reciprocal-spiral projection in the spherical panel,Last long end spiral started near the curve x = 1 and UCLR node; stopped before Great Circle projection of y = 0 (x-axis) and lower right node.,2026-08-04T08:52:39Z
AOG_P07_SPHERICAL_PROJECTION,ef8b7d652edea5227166e54ca1bf6e81a4c02afd0d78c9d793e615a2db6906f6,afb1df2172f081fa426f2f86c56912079116f6441ba64df367861d00375fddc4,AOG-LM-P07-SPIRAL-SPHERICAL,2,Salah-Eddin Gherbi,S10,24,1421.07902496,981.112743005,14,thick reciprocal-spiral projection in the spherical panel,Last long end spiral started near the curve x = 1 and UCLR node; stopped before Great Circle projection of y = 0 (x-axis) and lower right node.,2026-08-04T08:52:39Z
