log10_k_x,k_x,r_x,plus_frozen_yaxis_normal_residual_deg,minus_frozen_yaxis_normal_residual_deg
-3.000000000000,0.001,1000,52.181005175642,52.283484445276
-2.995000000000,0.001011579454259898,988.5530946569392,52.180411952668,52.284077875286
-2.990000000000,0.001023292992280754,977.2372209558113,52.179811861726,52.284678178087
-2.985000000000,0.001035142166679344,966.0508789898131,52.179204823319,52.285285433288
-2.980000000000,0.0010471285480509,954.9925860214358,52.178590757026,52.285899721424
-2.975000000000,0.001059253725177289,944.0608762859235,52.177969581501,52.286521123960
-2.970000000000,0.001071519305237606,933.2543007969914,52.177341214452,52.287149723308
-2.965000000000,0.001083926914021204,922.5714271547629,52.176705572638,52.287785602831
-2.960000000000,0.001096478196143185,912.0108393559096,52.176062571854,52.288428846863
-2.955000000000,0.001109174815262401,901.571137605957,52.175412126918,52.289079540711
-2.950000000000,0.001122018454301963,891.2509381337459,52.174754151667,52.289737770672
-2.945000000000,0.001135010815672315,881.0488730080139,52.174088558938,52.290403624045
-2.940000000000,0.001148153621496883,870.9635899560806,52.173415260561,52.291077189137
-2.935000000000,0.001161448613840343,860.9937521846008,52.172734167345,52.291758555280
-2.930000000000,0.001174897554939529,851.1380382023768,52.172045189066,52.292447812843
-2.925000000000,0.001188502227437019,841.3951416451947,52.171348234459,52.293145053240
-2.920000000000,0.001202264434617413,831.7637711026709,52.170643211202,52.293850368944
-2.915000000000,0.001216186000646368,822.2426499470712,52.169930025903,52.294563853502
-2.910000000000,0.001230268770812381,812.8305161640994,52.169208584092,52.295285601543
-2.905000000000,0.001244514611771386,803.5261221856168,52.168478790204,52.296015708793
-2.900000000000,0.001258925411794167,794.3282347242813,52.167740547570,52.296754272088
-2.895000000000,0.001273503081016662,785.2356346100719,52.166993758403,52.297501389386
-2.890000000000,0.001288249551693134,776.247116628692,52.166238323782,52.298257159781
-2.885000000000,0.0013031667784523,767.3614893618186,52.165474143645,52.299021683513
-2.880000000000,0.001318256738556408,758.5775750291835,52.164701116770,52.299795061986
-2.875000000000,0.001333521432163324,749.8942093324558,52.163919140765,52.300577397780
-2.870000000000,0.001348962882591653,741.3102413009177,52.163128112053,52.301368794660
-2.865000000000,0.001364583136588924,732.8245331389044,52.162327925860,52.302169357598
-2.860000000000,0.001380384264602885,724.4359600749898,52.161518476198,52.302979192780
-2.855000000000,0.001396368361055938,716.143410212902,52.160699655855,52.303798407623
-2.850000000000,0.001412537544622754,707.9457843841381,52.159871356377,52.304627110790
-2.845000000000,0.001428893958511102,699.8419960022738,52.159033468057,52.305465412203
-2.840000000000,0.001445439770745928,691.8309709189363,52.158185879918,52.306313423056
-2.835000000000,0.001462177174456718,683.9116472814293,52.157328479699,52.307171255836
-2.830000000000,0.001479108388168207,676.0829753919819,52.156461153842,52.308039024329
-2.825000000000,0.001496235656094433,668.3439175686149,52.155583787474,52.308916843644
-2.820000000000,0.001513561248436209,660.6934480075957,52.154696264393,52.309804830222
-2.815000000000,0.00153108746168203,653.1305526474723,52.153798467055,52.310703101854
-2.810000000000,0.001548816618912481,645.6542290346556,52.152890276554,52.311611777696
-2.805000000000,0.001566751070108149,638.2634861905489,52.151971572610,52.312530978286
-2.800000000000,0.001584893192461114,630.957344480193,52.151042233552,52.313460825558
-2.795000000000,0.001603245390690042,623.7348354824192,52.150102136301,52.314401442861
-2.790000000000,0.00162181009735893,616.5950018614823,52.149151156355,52.315352954974
-2.785000000000,0.001640589773199539,609.5368972401694,52.148189167772,52.316315488119
-2.780000000000,0.001659586907437561,602.5595860743575,52.147216043152,52.317289169985
-2.775000000000,0.001678804018122561,595.6621435290103,52.146231653624,52.318274129739
-2.770000000000,0.001698243652461744,588.843655355589,52.145235868825,52.319270498047
-2.765000000000,0.001717908387157588,582.1032177708715,52.144228556885,52.320278407088
-2.760000000000,0.001737800828749376,575.4399373371567,52.143209584408,52.321297990573
-2.755000000000,0.001757923613958693,568.8529308438412,52.142178816456,52.322329383766
-2.750000000000,0.001778279410038923,562.3413251903492,52.141136116530,52.323372723496
-2.745000000000,0.001798870915128787,555.9042572704037,52.140081346554,52.324428148180
-2.740000000000,0.001819700858609983,549.5408738576248,52.139014366854,52.325495797838
-2.735000000000,0.001840772001468956,543.250331492433,52.137935036140,52.326575814114
-2.730000000000,0.001862087136662868,537.0317963702527,52.136843211490,52.327668340296
-2.725000000000,0.0018836490894898,530.8844442309885,52.135738748328,52.328773521331
-2.720000000000,0.001905460717963248,524.8074602497724,52.134621500407,52.329891503846
-2.715000000000,0.001927524913190937,518.8000389289609,52.133491319788,52.331022436170
-2.710000000000,0.001949844599758046,512.8613839913647,52.132348056822,52.332166468351
-2.705000000000,0.001972422736114853,506.9907082747045,52.131191560130,52.333323752175
-2.700000000000,0.001995262314968879,501.1872336272725,52.130021676581,52.334494441191
-2.695000000000,0.002018366363681562,495.4501908047901,52.128838251276,52.335678690724
-2.690000000000,0.00204173794466953,489.7788193684461,52.127641127522,52.336876657905
-2.685000000000,0.002065380155810529,484.1723675840993,52.126430146818,52.338088501682
-2.680000000000,0.002089296130854039,478.6300923226386,52.125205148827,52.339314382850
-2.675000000000,0.002113489039836648,473.1512589614803,52.123965971360,52.340554464066
-2.670000000000,0.002137962089502233,467.7351412871981,52.122712450352,52.341808909873
-2.665000000000,0.00216271852372702,462.3810213992603,52.121444419843,52.343077886724
-2.660000000000,0.002187761623949552,457.0881896148751,52.120161711951,52.344361563000
-2.655000000000,0.002213094709605639,451.8559443749222,52.118864156857,52.345660109035
-2.650000000000,0.00223872113856834,446.6835921509631,52.117551582777,52.346973697138
-2.645000000000,0.00226464430759306,441.5704473533125,52.116223815940,52.348302501617
-2.640000000000,0.002290867652767772,436.5158322401661,52.114880680569,52.349646698802
-2.635000000000,0.00231739464996848,431.519076827765,52.113521998852,52.351006467064
-2.630000000000,0.002344228815319923,426.5795188015926,52.112147590923,52.352381986847
-2.625000000000,0.002371373705661655,421.6965034285822,52.110757274838,52.353773440685
-2.620000000000,0.00239883291901949,416.8693834703355,52.109350866549,52.355181013229
-2.615000000000,0.002426610095082414,412.0975190973304,52.107928179879,52.356604891272
-2.610000000000,0.002454708915685031,407.3802778041126,52.106489026502,52.358045263774
-2.605000000000,0.00248313310529557,402.7170343254591,52.105033215913,52.359502321885
-2.600000000000,0.002511886431509579,398.1071705534974,52.103560555406,52.360976258972
-2.595000000000,0.002540972705549306,393.5500754557772,52.102070850048,52.362467270646
-2.590000000000,0.002570395782768865,389.0451449942805,52.100563902653,52.363975554785
-2.585000000000,0.002600159563165272,384.5917820453535,52.099039513756,52.365501311563
-2.580000000000,0.002630267991895381,380.1893963205613,52.097497481586,52.367044743476
-2.575000000000,0.002660725059798808,375.8374042884444,52.095937602041,52.368606055368
-2.570000000000,0.002691534803926917,371.5352290971724,52.094359668661,52.370185454459
-2.565000000000,0.002722701308077913,367.2823004980846,52.092763472599,52.371783150373
-2.560000000000,0.002754228703338166,363.0780547701014,52.091148802596,52.373399355165
-2.555000000000,0.002786121168629769,358.9219346450054,52.089515444949,52.375034283349
-2.550000000000,0.002818382931264455,354.8133892335753,52.087863183489,52.376688151930
-2.545000000000,0.00285101826750391,350.7518739525679,52.086191799548,52.378361180428
-2.540000000000,0.002884031503126605,346.7368504525317,52.084501071929,52.380053590909
-2.535000000000,0.002917427014001166,342.7677865464505,52.082790776884,52.381765608016
-2.530000000000,0.002951209226666387,338.8441561392024,52.081060688075,52.383497458999
-2.525000000000,0.00298538261891796,334.9654391578276,52.079310576552,52.385249373742
-2.520000000000,0.003019951720402016,331.1311214825911,52.077540210720,52.387021584797
-2.515000000000,0.003054921113215512,327.3406948788383,52.075749356307,52.388814327414
-2.510000000000,0.003090295432513592,323.5936569296281,52.073937776334,52.390627839573
-2.505000000000,0.003126079367123956,319.8895109691397,52.072105231087,52.392462362013
-2.500000000000,0.003162277660168379,316.2277660168379,52.070251478080,52.394318138268
-2.495000000000,0.003198895109691397,312.6079367123956,52.068376272029,52.396195414695
-2.490000000000,0.003235936569296281,309.0295432513592,52.066479364813,52.398094440512
-2.485000000000,0.003273406948788383,305.4921113215512,52.064560505448,52.400015467827
-2.480000000000,0.003311311214825911,301.9951720402016,52.062619440049,52.401958751674
-2.475000000000,0.003349654391578276,298.538261891796,52.060655911801,52.403924550045
-2.470000000000,0.003388441561392027,295.1209226666384,52.058669660921,52.405913123927
-2.465000000000,0.003427677865464505,291.7427014001166,52.056660424625,52.407924737334
-2.460000000000,0.003467368504525317,288.4031503126606,52.054627937097,52.409959657345
-2.455000000000,0.00350751873952568,285.101826750391,52.052571929448,52.412018154136
-2.450000000000,0.003548133892335753,281.8382931264455,52.050492129685,52.414100501020
-2.445000000000,0.003589219346450053,278.612116862977,52.048388262677,52.416206974482
-2.440000000000,0.003630780547701014,275.4228703338166,52.046260050111,52.418337854213
-2.435000000000,0.003672823004980846,272.2701308077913,52.044107210463,52.420493423152
-2.430000000000,0.003715352290971728,269.1534803926914,52.041929458959,52.422673967522
-2.425000000000,0.003758374042884443,266.0725059798809,52.039726507536,52.424879776866
-2.420000000000,0.003801893963205613,263.0267991895382,52.037498064804,52.427111144088
-2.415000000000,0.003845917820453535,260.0159563165272,52.035243836012,52.429368365492
-2.410000000000,0.003890451449942805,257.0395782768865,52.032963523002,52.431651740820
-2.405000000000,0.003935500754557773,254.0972705549306,52.030656824179,52.433961573294
-2.400000000000,0.003981071705534973,251.1886431509579,52.028323434461,52.436298169654
-2.395000000000,0.004027170343254591,248.313310529557,52.025963045249,52.438661840203
-2.390000000000,0.004073802778041126,245.4708915685031,52.023575344379,52.441052898842
-2.385000000000,0.004120975190973304,242.6610095082414,52.021160016084,52.443471663118
-2.380000000000,0.004168693834703355,239.883291901949,52.018716740955,52.445918454265
-2.375000000000,0.004216965034285823,237.1373705661655,52.016245195893,52.448393597244
-2.370000000000,0.004265795188015926,234.4228815319923,52.013745054072,52.450897420788
-2.365000000000,0.00431519076827765,231.739464996848,52.011215984895,52.453430257448
-2.360000000000,0.004365158322401661,229.0867652767772,52.008657653949,52.455992443635
-2.355000000000,0.004415704473533125,226.4644307593059,52.006069722961,52.458584319664
-2.350000000000,0.00446683592150963,223.872113856834,52.003451849756,52.461206229802
-2.345000000000,0.004518559443749226,221.3094709605637,52.000803688212,52.463858522314
-2.340000000000,0.004570881896148752,218.7761623949552,51.998124888211,52.466541549507
-2.335000000000,0.004623810213992603,216.271852372702,51.995415095596,52.469255667778
-2.330000000000,0.004677351412871981,213.7962089502232,51.992673952126,52.472001237663
-2.325000000000,0.004731512589614803,211.3489039836648,51.989901095426,52.474778623884
-2.320000000000,0.004786300923226385,208.9296130854039,51.987096158941,52.477588195398
-2.315000000000,0.004841723675840994,206.5380155810529,51.984258771887,52.480430325446
-2.310000000000,0.004897788193684461,204.173794466953,51.981388559204,52.483305391602
-2.305000000000,0.004954501908047905,201.836636368156,51.978485141507,52.486213775827
-2.300000000000,0.005011872336272725,199.5262314968879,51.975548135033,52.489155864515
-2.295000000000,0.005069907082747045,197.2422736114853,51.972577151596,52.492132048549
-2.290000000000,0.005128613839913648,194.9844599758046,51.969571798531,52.495142723349
-2.285000000000,0.005188000389289609,192.7524913190937,51.966531678647,52.498188288930
-2.280000000000,0.005248074602497723,190.5460717963248,51.963456390172,52.501269149951
-2.275000000000,0.005308844442309885,188.36490894898,51.960345526701,52.504385715770
-2.270000000000,0.005370317963702527,186.2087136662868,51.957198677144,52.507538400503
-2.265000000000,0.005432503314924331,184.0772001468956,51.954015425673,52.510727623071
-2.260000000000,0.005495408738576248,181.9700858609983,51.950795351664,52.513953807264
-2.255000000000,0.005559042572704037,179.8870915128788,51.947538029646,52.517217381793
-2.250000000000,0.005623413251903491,177.8279410038923,51.944243029243,52.520518780350
-2.245000000000,0.005688529308438413,175.7923613958693,51.940909915118,52.523858441664
-2.240000000000,0.005754399373371567,173.7800828749376,51.937538246917,52.527236809560
-2.235000000000,0.005821032177708716,171.7908387157588,51.934127579211,52.530654333019
-2.230000000000,0.00588843655355589,169.8243652461744,51.930677461440,52.534111466240
-2.225000000000,0.005956621435290103,167.8804018122561,51.927187437849,52.537608668694
-2.220000000000,0.00602559586074358,165.958690743756,51.923657047433,52.541146405193
-2.215000000000,0.006095368972401693,164.0589773199539,51.920085823876,52.544725145950
-2.210000000000,0.006165950018614822,162.181009735893,51.916473295489,52.548345366639
-2.205000000000,0.006237348354824191,160.3245390690042,51.912818985149,52.552007548461
-2.200000000000,0.00630957344480193,158.4893192461114,51.909122410239,52.555712178208
-2.195000000000,0.00638263486190549,156.6751070108149,51.905383082580,52.559459748330
-2.190000000000,0.006456542290346556,154.8816618912481,51.901600508372,52.563250756997
-2.185000000000,0.006531305526474723,153.108746168203,51.897774188129,52.567085708169
-2.180000000000,0.006606934480075964,151.3561248436207,51.893903616611,52.570965111660
-2.175000000000,0.006683439175686149,149.6235656094433,51.889988282762,52.574889483212
-2.170000000000,0.006760829753919818,147.9108388168207,51.886027669640,52.578859344556
-2.165000000000,0.006839116472814293,146.2177174456718,51.882021254353,52.582875223491
-2.160000000000,0.006918309709189363,144.5439770745928,51.877968507989,52.586937653946
-2.155000000000,0.006998419960022731,142.8893958511104,51.873868895546,52.591047176057
-2.150000000000,0.00707945784384138,141.2537544622754,51.869721875867,52.595204336237
-2.145000000000,0.00716143410212902,139.6368361055938,51.865526901564,52.599409687252
-2.140000000000,0.007244359600749898,138.0384264602885,51.861283418950,52.603663788289
-2.135000000000,0.007328245331389044,136.4583136588924,51.856990867967,52.607967205038
-2.130000000000,0.007413102413009177,134.8962882591653,51.852648682113,52.612320509762
-2.125000000000,0.007498942093324558,133.3521432163324,51.848256288367,52.616724281379
-2.120000000000,0.007585775750291836,131.8256738556407,51.843813107118,52.621179105533
-2.115000000000,0.007673614893618186,130.31667784523,51.839318552084,52.625685574679
-2.110000000000,0.00776247116628692,128.8249551693133,51.834772030243,52.630244288157
-2.105000000000,0.007852356346100719,127.3503081016662,51.830172941751,52.634855852276
-2.100000000000,0.007943282347242814,125.8925411794167,51.825520679865,52.639520880395
-2.095000000000,0.008035261221856178,124.4514611771384,51.820814630867,52.644239993001
-2.090000000000,0.008128305161640995,123.0268770812381,51.816054173982,52.649013817798
-2.085000000000,0.008222426499470713,121.6186000646368,51.811238681296,52.653842989785
-2.080000000000,0.008317637711026709,120.2264434617413,51.806367517679,52.658728151348
-2.075000000000,0.008413951416451947,118.8502227437019,51.801440040702,52.663669952340
-2.070000000000,0.008511380382023767,117.4897554939529,51.796455600549,52.668669050171
-2.065000000000,0.008609937521846007,116.1448613840343,51.791413539938,52.673726109896
-2.060000000000,0.008709635899560805,114.8153621496883,51.786313194036,52.678841804302
-2.055000000000,0.008810488730080147,113.5010815672314,51.781153890369,52.684016814002
-2.050000000000,0.008912509381337459,112.2018454301963,51.775934948739,52.689251827522
-2.045000000000,0.00901571137605957,110.9174815262401,51.770655681135,52.694547541398
-2.040000000000,0.009120108393559097,109.6478196143185,51.765315391643,52.699904660263
-2.035000000000,0.009225714271547629,108.3926914021204,51.759913376356,52.705323896949
-2.030000000000,0.009332543007969905,107.1519305237607,51.754448923288,52.710805972575
-2.025000000000,0.009440608762859235,105.9253725177289,51.748921312275,52.716351616649
-2.020000000000,0.009549925860214359,104.71285480509,51.743329814887,52.721961567166
-2.015000000000,0.009660508789898131,103.5142166679344,51.737673694333,52.727636570701
-2.010000000000,0.009772372209558112,102.3292992280754,51.731952205364,52.733377382517
-2.005000000000,0.009885530946569391,101.1579454259898,51.726164594181,52.739184766659
-2.000000000000,0.01,100,51.720310098336,52.745059496062
-1.995000000000,0.01011579454259899,98.85530946569386,51.714387946633,52.751002352653
-1.990000000000,0.01023292992280754,97.72372209558107,51.708397359029,52.757014127453
-1.985000000000,0.01035142166679344,96.60508789898131,51.702337546535,52.763095620687
-1.980000000000,0.010471285480509,95.49925860214358,51.696207711116,52.769247641889
-1.975000000000,0.01059253725177289,94.40608762859236,51.690007045584,52.775471010011
-1.970000000000,0.01071519305237606,93.3254300796991,51.683734733498,52.781766553534
-1.965000000000,0.01083926914021203,92.25714271547633,51.677389949059,52.788135110578
-1.960000000000,0.01096478196143185,91.20108393559097,51.670971857004,52.794577529012
-1.955000000000,0.01109174815262401,90.15711376059571,51.664479612496,52.801094666575
-1.950000000000,0.01122018454301964,89.12509381337455,51.657912361022,52.807687390981
-1.945000000000,0.01135010815672315,88.10488730080142,51.651269238276,52.814356580045
-1.940000000000,0.01148153621496883,87.09635899560804,51.644549370056,52.821103121793
-1.935000000000,0.01161448613840343,86.09937521846007,51.637751872147,52.827927914586
-1.930000000000,0.0117489755493953,85.11380382023764,51.630875850210,52.834831867239
-1.925000000000,0.01188502227437018,84.13951416451951,51.623920399668,52.841815899141
-1.920000000000,0.01202264434617413,83.17637711026708,51.616884605588,52.848880940383
-1.915000000000,0.01216186000646368,82.22426499470713,51.609767542570,52.856027931877
-1.910000000000,0.01230268770812382,81.28305161640991,51.602568274623,52.863257825486
-1.905000000000,0.01244514611771385,80.35261221856173,51.595285855049,52.870571584152
-1.900000000000,0.01258925411794167,79.43282347242813,51.587919326322,52.877970182020
-1.895000000000,0.01273503081016662,78.52356346100719,51.580467719965,52.885454604576
-1.890000000000,0.01288249551693134,77.62471166286916,51.572930056428,52.893025848774
-1.885000000000,0.01303166778452299,76.73614893618189,51.565305344966,52.900684923171
-1.880000000000,0.01318256738556407,75.85775750291836,51.557592583508,52.908432848062
-1.875000000000,0.01333521432163324,74.98942093324558,51.549790758533,52.916270655618
-1.870000000000,0.01348962882591654,74.13102413009173,51.541898844940,52.924199390023
-1.865000000000,0.01364583136588924,73.28245331389041,51.533915805923,52.932220107614
-1.860000000000,0.01380384264602885,72.44359600749898,51.525840592832,52.940333877025
-1.855000000000,0.01396368361055938,71.6143410212902,51.517672145047,52.948541779327
-1.850000000000,0.01412537544622755,70.79457843841377,51.509409389839,52.956844908174
-1.845000000000,0.01428893958511103,69.98419960022734,51.501051242238,52.965244369950
-1.840000000000,0.01445439770745927,69.18309709189366,51.492596604896,52.973741283917
-1.835000000000,0.01462177174456718,68.39116472814293,51.484044367947,52.982336782366
-1.830000000000,0.01479108388168207,67.60829753919819,51.475393408865,52.991032010766
-1.825000000000,0.01496235656094434,66.83439175686145,51.466642592331,52.999828127922
-1.820000000000,0.01513561248436208,66.06934480075961,51.457790770079,53.008726306126
-1.815000000000,0.0153108746168203,65.31305526474722,51.448836780762,53.017727731313
-1.810000000000,0.01548816618912481,64.56542290346556,51.439779449799,53.026833603228
-1.805000000000,0.01566751070108149,63.82634861905485,51.430617589230,53.036045135576
-1.800000000000,0.01584893192461113,63.09573444801933,51.421349997571,53.045363556191
-1.795000000000,0.01603245390690042,62.37348354824191,51.411975459656,53.054790107202
-1.790000000000,0.0162181009735893,61.65950018614822,51.402492746491,53.064326045191
-1.785000000000,0.0164058977319954,60.9536897240169,51.392900615098,53.073972641371
-1.780000000000,0.01659586907437561,60.25595860743578,51.383197808363,53.083731181750
-1.775000000000,0.01678804018122561,59.56621435290103,51.373383054873,53.093602967302
-1.770000000000,0.01698243652461744,58.8843655355589,51.363455068764,53.103589314149
-1.765000000000,0.01717908387157589,58.21032177708712,51.353412549557,53.113691553727
-1.760000000000,0.01737800828749375,57.54399373371569,51.343254181999,53.123911032972
-1.755000000000,0.01757923613958693,56.88529308438413,51.332978635897,53.134249114495
-1.750000000000,0.01778279410038923,56.2341325190349,51.322584565957,53.144707176767
-1.745000000000,0.01798870915128788,55.59042572704034,51.312070611613,53.155286614301
-1.740000000000,0.01819700858609984,54.95408738576245,51.301435396861,53.165988837842
-1.735000000000,0.01840772001468956,54.3250331492433,51.290677530089,53.176815274551
-1.730000000000,0.01862087136662868,53.70317963702527,51.279795603906,53.187767368199
-1.725000000000,0.01883649089489801,53.08844442309882,51.268788194967,53.198846579358
-1.720000000000,0.01905460717963247,52.48074602497726,51.257653863796,53.210054385596
-1.715000000000,0.01927524913190936,51.88000389289612,51.246391154614,53.221392281675
-1.710000000000,0.01949844599758046,51.28613839913648,51.234998595159,53.232861779752
-1.705000000000,0.01972422736114854,50.69907082747044,51.223474696500,53.244464409575
-1.700000000000,0.0199526231496888,50.11872336272722,51.211817952863,53.256201718694
-1.695000000000,0.02018366363681561,49.54501908047903,51.200026841440,53.268075272663
-1.690000000000,0.02041737944669529,48.97788193684462,51.188099822208,53.280086655249
-1.685000000000,0.02065380155810529,48.41723675840994,51.176035337739,53.292237468644
-1.680000000000,0.0208929613085404,47.86300923226383,51.163831813010,53.304529333678
-1.675000000000,0.02113489039836646,47.31512589614805,51.151487655213,53.316963890034
-1.670000000000,0.02137962089502233,46.77351412871981,51.139001253561,53.329542796469
-1.665000000000,0.0216271852372702,46.23810213992603,51.126370979093,53.342267731030
-1.660000000000,0.02187761623949553,45.70881896148749,51.113595184479,53.355140391280
-1.655000000000,0.02213094709605638,45.18559443749224,51.100672203815,53.368162494524
-1.650000000000,0.0223872113856834,44.66835921509631,51.087600352432,53.381335778035
-1.645000000000,0.02264644307593059,44.15704473533125,51.074377926685,53.394661999287
-1.640000000000,0.02290867652767773,43.65158322401659,51.061003203750,53.408142936186
-1.635000000000,0.02317394649968478,43.15190768277652,51.047474441421,53.421780387306
-1.630000000000,0.02344228815319923,42.65795188015926,51.033789877900,53.435576172131
-1.625000000000,0.02371373705661655,42.16965034285823,51.019947731585,53.449532131290
-1.620000000000,0.02398832919019491,41.68693834703353,51.005946200858,53.463650126806
-1.615000000000,0.02426610095082415,41.20975190973302,50.991783463873,53.477932042341
-1.610000000000,0.02454708915685031,40.73802778041126,50.977457678338,53.492379783441
-1.605000000000,0.0248313310529557,40.27170343254591,50.962966981297,53.506995277795
-1.600000000000,0.02511886431509581,39.81071705534971,50.948309488910,53.521780475485
-1.595000000000,0.02540972705549305,39.35500754557774,50.933483296231,53.536737349243
-1.590000000000,0.02570395782768863,38.90451449942807,50.918486476984,53.551867894714
-1.585000000000,0.02600159563165272,38.45917820453536,50.903317083337,53.567174130717
-1.580000000000,0.02630267991895381,38.01893963205612,50.887973145672,53.582658099512
-1.575000000000,0.0266072505979881,37.58374042884441,50.872452672358,53.598321867068
-1.570000000000,0.02691534803926915,37.15352290971726,50.856753649517,53.614167523336
-1.565000000000,0.02722701308077913,36.72823004980846,50.840874040790,53.630197182520
-1.560000000000,0.02754228703338166,36.30780547701014,50.824811787101,53.646412983361
-1.555000000000,0.02786121168629771,35.89219346450052,50.808564806420,53.662817089412
-1.550000000000,0.02818382931264454,35.48133892335755,50.792130993521,53.679411689323
-1.545000000000,0.0285101826750391,35.0751873952568,50.775508219741,53.696198997128
-1.540000000000,0.02884031503126606,34.67368504525317,50.758694332736,53.713181252537
-1.535000000000,0.02917427014001167,34.27677865464503,50.741687156234,53.730360721224
-1.530000000000,0.02951209226666385,33.88441561392026,50.724484489787,53.747739695126
-1.525000000000,0.0298538261891796,33.49654391578276,50.707084108523,53.765320492742
-1.520000000000,0.03019951720402016,33.11311214825911,50.689483762890,53.783105459434
-1.515000000000,0.03054921113215514,32.73406948788381,50.671681178406,53.801096967731
-1.510000000000,0.0309029543251359,32.35936569296283,50.653674055398,53.819297417641
-1.505000000000,0.03126079367123956,31.98895109691397,50.635460068750,53.837709236959
-1.500000000000,0.03162277660168379,31.6227766016838,50.617036867637,53.856334881587
-1.495000000000,0.03198895109691399,31.26079367123954,50.598402075268,53.875176835843
-1.490000000000,0.03235936569296283,30.90295432513591,50.579553288618,53.894237612793
-1.485000000000,0.03273406948788383,30.54921113215512,50.560488078164,53.913519754568
-1.480000000000,0.03311311214825911,30.19951720402016,50.541203987619,53.933025832696
-1.475000000000,0.03349654391578278,29.85382618917959,50.521698533657,53.952758448430
-1.470000000000,0.03388441561392026,29.51209226666386,50.501969205648,53.972720233087
-1.465000000000,0.03427677865464505,29.17427014001166,50.482013465378,53.992913848381
-1.460000000000,0.03467368504525317,28.84031503126606,50.461828746779,54.013341986770
-1.455000000000,0.03507518739525679,28.5101826750391,50.441412455650,54.034007371795
-1.450000000000,0.03548133892335755,28.18382931264453,50.420761969374,54.054912758433
-1.445000000000,0.03589219346450052,27.86121168629771,50.399874636646,54.076060933444
-1.440000000000,0.03630780547701014,27.54228703338166,50.378747777181,54.097454715731
-1.435000000000,0.03672823004980846,27.22701308077913,50.357378681435,54.119096956695
-1.430000000000,0.03715352290971726,26.91534803926915,50.335764610319,54.140990540598
-1.425000000000,0.03758374042884442,26.6072505979881,50.313902794908,54.163138384928
-1.420000000000,0.03801893963205612,26.30267991895382,50.291790436156,54.185543440770
-1.415000000000,0.03845917820453535,26.00159563165272,50.269424704601,54.208208693174
-1.410000000000,0.03890451449942807,25.70395782768863,50.246802740074,54.231137161537
-1.405000000000,0.03935500754557775,25.40972705549305,50.223921651407,54.254331899977
-1.400000000000,0.03981071705534973,25.1188643150958,50.200778516132,54.277795997717
-1.395000000000,0.04027170343254591,24.8313310529557,50.177370380191,54.301532579477
-1.390000000000,0.04073802778041128,24.5470891568503,50.153694257632,54.325544805854
-1.385000000000,0.04120975190973302,24.26610095082415,50.129747130309,54.349835873726
-1.380000000000,0.04168693834703355,23.9883291901949,50.105525947586,54.374409016640
-1.375000000000,0.04216965034285822,23.71373705661655,50.081027626029,54.399267505221
-1.370000000000,0.04265795188015928,23.44228815319921,50.056249049106,54.424414647567
-1.365000000000,0.04315190768277653,23.17394649968479,50.031187066881,54.449853789666
-1.360000000000,0.04365158322401661,22.90867652767772,50.005838495705,54.475588315800
-1.355000000000,0.04415704473533125,22.64644307593059,49.980200117916,54.501621648964
-1.350000000000,0.04466835921509633,22.38721138568339,49.954268681524,54.527957251280
-1.345000000000,0.04518559443749224,22.13094709605637,49.928040899908,54.554598624425
-1.340000000000,0.04570881896148752,21.87761623949552,49.901513451503,54.581549310048
-1.335000000000,0.04623810213992603,21.6271852372702,49.874682979489,54.608812890207
-1.330000000000,0.04677351412871981,21.37962089502232,49.847546091484,54.636392987794
-1.325000000000,0.04731512589614805,21.13489039836647,49.820099359231,54.664293266975
-1.320000000000,0.04786300923226382,20.8929613085404,49.792339318283,54.692517433628
-1.315000000000,0.04841723675840994,20.65380155810529,49.764262467695,54.721069235782
-1.310000000000,0.04897788193684462,20.4173794466953,49.735865269709,54.749952464068
-1.305000000000,0.04954501908047903,20.18366363681561,49.707144149443,54.779170952164
-1.300000000000,0.05011872336272722,19.9526231496888,49.678095494578,54.808728577250
-1.295000000000,0.05069907082747045,19.72422736114853,49.648715655042,54.838629260458
-1.290000000000,0.05128613839913648,19.49844599758045,49.619000942703,54.868876967340
-1.285000000000,0.05188000389289612,19.27524913190936,49.588947631054,54.899475708321
-1.280000000000,0.05248074602497726,19.05460717963247,49.558551954901,54.930429539168
-1.275000000000,0.05308844442309885,18.836490894898,49.527810110051,54.961742561459
-1.270000000000,0.05370317963702527,18.62087136662868,49.496718253005,54.993418923052
-1.265000000000,0.05432503314924333,18.40772001468955,49.465272500646,55.025462818559
-1.260000000000,0.05495408738576246,18.19700858609983,49.433468929930,55.057878489827
-1.255000000000,0.05559042572704037,17.98870915128787,49.401303577582,55.090670226411
-1.250000000000,0.05623413251903491,17.78279410038923,49.368772439785,55.123842366063
-1.245000000000,0.05688529308438416,17.57923613958692,49.335871471879,55.157399295214
-1.240000000000,0.05754399373371569,17.37800828749375,49.302596588057,55.191345449463
-1.235000000000,0.05821032177708716,17.17908387157588,49.268943661067,55.225685314068
-1.230000000000,0.0588843655355589,16.98243652461744,49.234908521908,55.260423424437
-1.225000000000,0.05956621435290106,16.7880401812256,49.200486959537,55.295564366627
-1.220000000000,0.06025595860743578,16.5958690743756,49.165674720574,55.331112777836
-1.215000000000,0.06095368972401694,16.40589773199539,49.130467509013,55.367073346910
-1.210000000000,0.06165950018614822,16.2181009735893,49.094860985929,55.403450814840
-1.205000000000,0.06237348354824192,16.03245390690042,49.058850769196,55.440249975265
-1.200000000000,0.06309573444801933,15.84893192461113,49.022432433207,55.477475674983
-1.195000000000,0.06382634861905485,15.6675107010815,48.985601508592,55.515132814454
-1.190000000000,0.06456542290346556,15.48816618912481,48.948353481945,55.553226348308
-1.185000000000,0.06531305526474723,15.3108746168203,48.910683795558,55.591761285861
-1.180000000000,0.06606934480075961,15.13561248436208,48.872587847149,55.630742691622
-1.175000000000,0.06683439175686146,14.96235656094434,48.834060989609,55.670175685807
-1.170000000000,0.06760829753919818,14.79108388168207,48.795098530739,55.710065444851
-1.165000000000,0.06839116472814293,14.62177174456718,48.755695733009,55.750417201929
-1.160000000000,0.06918309709189366,14.45439770745927,48.715847813304,55.791236247462
-1.155000000000,0.06998419960022735,14.28893958511103,48.675549942695,55.832527929641
-1.150000000000,0.0707945784384138,14.12537544622754,48.634797246202,55.874297654938
-1.145000000000,0.0716143410212902,13.96368361055938,48.593584802570,55.916550888622
-1.140000000000,0.07244359600749903,13.80384264602884,48.551907644055,55.959293155280
-1.135000000000,0.07328245331389041,13.64583136588925,48.509760756212,56.002530039326
-1.130000000000,0.07413102413009177,13.48962882591653,48.467139077693,56.046267185517
-1.125000000000,0.07498942093324558,13.33521432163324,48.424037500054,56.090510299472
-1.120000000000,0.0758577575029184,13.18256738556407,48.380450867573,56.135265148178
-1.115000000000,0.0767361489361819,13.03166778452299,48.336373977072,56.180537560508
-1.110000000000,0.07762471166286919,12.88249551693134,48.291801577757,56.226333427723
-1.105000000000,0.07852356346100718,12.73503081016662,48.246728371057,56.272658703988
-1.100000000000,0.07943282347242818,12.58925411794167,48.201149010488,56.319519406873
-1.095000000000,0.08035261221856173,12.44514611771385,48.155058101516,56.366921617856
-1.090000000000,0.08128305161640995,12.30268770812381,48.108450201435,56.414871482824
-1.085000000000,0.08222426499470713,12.16186000646368,48.061319819269,56.463375212571
-1.080000000000,0.08317637711026708,12.02264434617413,48.013661415665,56.512439083291
-1.075000000000,0.08413951416451952,11.88502227437018,47.965469402824,56.562069437065
-1.070000000000,0.08511380382023763,11.7489755493953,47.916738144426,56.612272682350
-1.065000000000,0.08609937521846008,11.61448613840343,47.867461955587,56.663055294456
-1.060000000000,0.08709635899560805,11.48153621496883,47.817635102816,56.714423816023
-1.055000000000,0.08810488730080142,11.35010815672315,47.767251804000,56.766384857493
-1.050000000000,0.08912509381337455,11.22018454301963,47.716306228405,56.818945097570
-1.045000000000,0.09015711376059571,11.09174815262401,47.664792496685,56.872111283677
-1.040000000000,0.09120108393559097,10.96478196143185,47.612704680925,56.925890232411
-1.035000000000,0.09225714271547633,10.83926914021203,47.560036804690,56.980288829983
-1.030000000000,0.0933254300796991,10.71519305237607,47.506782843102,57.035314032653
-1.025000000000,0.09440608762859236,10.59253725177289,47.452936722934,57.090972867158
-1.020000000000,0.09549925860214359,10.471285480509,47.398492322733,57.147272431127
-1.015000000000,0.09660508789898135,10.35142166679344,47.343443472955,57.204219893493
-1.010000000000,0.09772372209558107,10.23292992280754,47.287783956134,57.261822494888
-1.005000000000,0.0988553094656939,10.11579454259898,47.231507507072,57.320087548030
-1.000000000000,0.1,10,47.174607813052,57.379022438102
-0.995000000000,0.1011579454259898,9.885530946569391,47.117078514086,57.438634623109
-0.990000000000,0.1023292992280755,9.772372209558101,47.058913203179,57.498931634236
-0.985000000000,0.1035142166679344,9.660508789898131,47.000105426639,57.559921076183
-0.980000000000,0.10471285480509,9.549925860214358,46.940648684397,57.621610627483
-0.975000000000,0.1059253725177289,9.440608762859236,46.880536430379,57.684008040819
-0.970000000000,0.1071519305237607,9.332543007969905,46.819762072893,57.747121143308
-0.965000000000,0.1083926914021204,9.225714271547629,46.758318975064,57.810957836782
-0.960000000000,0.1096478196143185,9.120108393559097,46.696200455297,57.875526098046
-0.955000000000,0.1109174815262401,9.015711376059571,46.633399787773,57.940833979115
-0.950000000000,0.1122018454301963,8.912509381337458,46.569910202999,58.006889607439
-0.945000000000,0.1135010815672315,8.810488730080138,46.505724888376,58.073701186099
-0.940000000000,0.1148153621496883,8.709635899560805,46.440836988826,58.141276993994
-0.935000000000,0.1161448613840343,8.609937521846007,46.375239607450,58.209625385991
-0.930000000000,0.1174897554939529,8.511380382023768,46.308925806241,58.278754793065
-0.925000000000,0.1188502227437019,8.413951416451948,46.241888606830,58.348673722408
-0.920000000000,0.1202264434617413,8.317637711026709,46.174120991288,58.419390757517
-0.915000000000,0.1216186000646368,8.222426499470712,46.105615902977,58.490914558248
-0.910000000000,0.1230268770812381,8.128305161640995,46.036366247449,58.563253860855
-0.905000000000,0.1244514611771386,8.035261221856169,45.966364893399,58.636417477986
-0.900000000000,0.1258925411794168,7.943282347242813,45.895604673675,58.710414298664
-0.895000000000,0.1273503081016662,7.852356346100717,45.824078386339,58.785253288224
-0.890000000000,0.1288249551693134,7.76247116628692,45.751778795791,58.860943488226
-0.885000000000,0.13031667784523,7.673614893618186,45.678698633956,58.937494016329
-0.880000000000,0.1318256738556407,7.585775750291837,45.604830601530,59.014914066138
-0.875000000000,0.1333521432163324,7.498942093324558,45.530167369290,59.093212907001
-0.870000000000,0.1348962882591653,7.413102413009176,45.454701579474,59.172399883783
-0.865000000000,0.1364583136588925,7.328245331389037,45.378425847234,59.252484416592
-0.860000000000,0.1380384264602885,7.244359600749899,45.301332762153,59.333476000463
-0.855000000000,0.1396368361055938,7.16143410212902,45.223414889843,59.415384205006
-0.850000000000,0.1412537544622754,7.079457843841381,45.144664773619,59.498218674005
-0.845000000000,0.1428893958511104,6.998419960022731,45.065074936250,59.581989124973
-0.840000000000,0.1445439770745928,6.918309709189363,44.984637881795,59.666705348658
-0.835000000000,0.1462177174456718,6.839116472814292,44.903346097524,59.752377208502
-0.830000000000,0.1479108388168207,6.760829753919819,44.821192055929,59.839014640050
-0.825000000000,0.1496235656094434,6.683439175686142,44.738168216818,59.926627650299
-0.820000000000,0.1513561248436209,6.606934480075958,44.654267029512,60.015226317004
-0.815000000000,0.153108746168203,6.531305526474723,44.569480935136,60.104820787918
-0.810000000000,0.1548816618912481,6.456542290346556,44.483802369010,60.195421279974
-0.805000000000,0.1566751070108149,6.382634861905489,44.397223763138,60.287038078414
-0.800000000000,0.1584893192461114,6.30957344480193,44.309737548816,60.379681535848
-0.795000000000,0.1603245390690042,6.237348354824191,44.221336159340,60.473362071250
-0.790000000000,0.162181009735893,6.165950018614822,44.132012032829,60.568090168890
-0.785000000000,0.1640589773199539,6.095368972401694,44.041757615170,60.663876377191
-0.780000000000,0.1659586907437561,6.025595860743575,43.950565363079,60.760731307522
-0.775000000000,0.1678804018122561,5.956621435290104,43.858427747290,60.858665632915
-0.770000000000,0.1698243652461744,5.88843655355589,43.765337255870,60.957690086698
-0.765000000000,0.1717908387157588,5.821032177708716,43.671286397670,61.057815461067
-0.760000000000,0.1737800828749376,5.754399373371567,43.576267705911,61.159052605556
-0.755000000000,0.1757923613958693,5.688529308438413,43.480273741906,61.261412425444
-0.750000000000,0.1778279410038923,5.62341325190349,43.383297098937,61.364905880061
-0.745000000000,0.1798870915128787,5.559042572704037,43.285330406274,61.469543981015
-0.740000000000,0.1819700858609984,5.495408738576242,43.186366333350,61.575337790324
-0.735000000000,0.1840772001468956,5.432503314924331,43.086397594096,61.682298418455
-0.730000000000,0.1862087136662867,5.370317963702528,42.985416951435,61.790437022269
-0.725000000000,0.18836490894898,5.308844442309885,42.883417221949,61.899764802863
-0.720000000000,0.1905460717963248,5.248074602497723,42.780391280717,62.010293003316
-0.715000000000,0.1927524913190937,5.188000389289609,42.676332066328,62.122032906323
-0.710000000000,0.1949844599758045,5.128613839913648,42.571232586085,62.234995831732
-0.705000000000,0.1972422736114853,5.069907082747044,42.465085921383,62.349193133961
-0.700000000000,0.1995262314968881,5.011872336272719,42.357885233295,62.464636199308
-0.695000000000,0.2018366363681562,4.9545019080479,42.249623768352,62.581336443144
-0.690000000000,0.204173794466953,4.897788193684461,42.140294864520,62.699305306984
-0.685000000000,0.2065380155810529,4.841723675840994,42.029891957399,62.818554255442
-0.680000000000,0.2089296130854039,4.786300923226386,41.918408586626,62.939094773060
-0.675000000000,0.2113489039836648,4.731512589614803,41.805838402511,63.060938361002
-0.670000000000,0.2137962089502232,4.677351412871981,41.692175172891,63.184096533630
-0.665000000000,0.216271852372702,4.623810213992603,41.577412790220,63.308580814936
-0.660000000000,0.2187761623949552,4.570881896148752,41.461545278901,63.434402734841
-0.655000000000,0.2213094709605639,4.518559443749222,41.344566802862,63.561573825357
-0.650000000000,0.223872113856834,4.46683592150963,41.226471673384,63.690105616604
-0.645000000000,0.2264644307593059,4.415704473533125,41.107254357186,63.820009632680
-0.640000000000,0.2290867652767772,4.365158322401661,40.986909484775,63.951297387386
-0.635000000000,0.231739464996848,4.31519076827765,40.865431859072,64.083980379800
-0.630000000000,0.2344228815319923,4.265795188015925,40.742816464311,64.218070089692
-0.625000000000,0.2371373705661655,4.216965034285822,40.619058475221,64.353577972786
-0.620000000000,0.239883291901949,4.168693834703355,40.494153266507,64.490515455865
-0.615000000000,0.2426610095082417,4.1209751909733,40.368096422622,64.628893931704
-0.610000000000,0.2454708915685031,4.073802778041126,40.240883747849,64.768724753850
-0.605000000000,0.248313310529557,4.027170343254591,40.112511276691,64.910019231225
-0.600000000000,0.251188643150958,3.981071705534973,39.982975284584,65.052788622562
-0.595000000000,0.2540972705549306,3.935500754557772,39.852272298936,65.197044130668
-0.590000000000,0.2570395782768864,3.890451449942805,39.720399110492,65.342796896513
-0.585000000000,0.2600159563165272,3.845917820453536,39.587352785054,65.490057993140
-0.580000000000,0.2630267991895381,3.801893963205613,39.453130675531,65.638838419399
-0.575000000000,0.2660725059798811,3.758374042884439,39.317730434357,65.789149093492
-0.570000000000,0.2691534803926917,3.715352290971724,39.181150026266,65.941000846346
-0.565000000000,0.2722701308077913,3.672823004980846,39.043387741433,66.094404414787
-0.560000000000,0.2754228703338166,3.630780547701014,38.904442208995,66.249370434543
-0.555000000000,0.2786121168629769,3.589219346450053,38.764312410954,66.405909433049
-0.550000000000,0.2818382931264455,3.548133892335753,38.622997696463,66.564031822061
-0.545000000000,0.285101826750391,3.507518739525679,38.480497796523,66.723747890090
-0.540000000000,0.2884031503126606,3.467368504525317,38.336812839067,66.885067794638
-0.535000000000,0.2917427014001166,3.427677865464505,38.191943364465,67.048001554242
-0.530000000000,0.2951209226666387,3.388441561392024,38.045890341440,67.212559040330
-0.525000000000,0.298538261891796,3.349654391578276,37.898655183409,67.378749968886
-0.520000000000,0.3019951720402016,3.311311214825911,37.750239765254,67.546583891917
-0.515000000000,0.3054921113215512,3.273406948788383,37.600646440521,67.716070188738
-0.510000000000,0.3090295432513592,3.235936569296281,37.449878059072,67.887218057059
-0.505000000000,0.3126079367123956,3.198895109691397,37.297937985170,68.060036503887
-0.500000000000,0.3162277660168379,3.162277660168379,37.144830116021,68.234534336241
-0.495000000000,0.3198895109691397,3.126079367123956,36.990558900775,68.410720151683
-0.490000000000,0.3235936569296284,3.090295432513589,36.835129359985,68.588602328654
-0.485000000000,0.3273406948788383,3.054921113215512,36.678547105525,68.768189016649
-0.480000000000,0.3311311214825911,3.019951720402016,36.520818360986,68.949488126194
-0.475000000000,0.3349654391578276,2.98538261891796,36.361949982537,69.132507318664
-0.470000000000,0.3388441561392028,2.951209226666384,36.201949480263,69.317253995918
-0.465000000000,0.3427677865464505,2.917427014001166,36.040825039975,69.503735289780
-0.460000000000,0.3467368504525317,2.884031503126606,35.878585545506,69.691958051347
-0.455000000000,0.350751873952568,2.85101826750391,35.715240601475,69.881928840149
-0.450000000000,0.3548133892335757,2.818382931264452,35.550800556537,70.073653913151
-0.445000000000,0.3589219346450053,2.786121168629769,35.385276527107,70.267139213621
-0.440000000000,0.3630780547701014,2.754228703338166,35.218680421562,70.462390359848
-0.435000000000,0.3672823004980846,2.722701308077913,35.051024964913,70.659412633741
-0.430000000000,0.3715352290971724,2.691534803926917,34.882323723948,70.858210969299
-0.425000000000,0.3758374042884443,2.660725059798809,34.712591132840,71.058789940968
-0.420000000000,0.3801893963205613,2.630267991895381,34.541842519216,71.261153751900
-0.415000000000,0.3845917820453535,2.600159563165272,34.370094130668,71.465306222104
-0.410000000000,0.3890451449942805,2.570395782768864,34.197363161717,71.671250776529
-0.405000000000,0.3935500754557776,2.540972705549304,34.023667781201,71.878990433058
-0.400000000000,0.3981071705534973,2.51188643150958,33.849027160083,72.088527790451
-0.395000000000,0.4027170343254591,2.483133105295571,33.673461499671,72.299865016231
-0.390000000000,0.4073802778041126,2.454708915685031,33.496992060220,72.513003834538
-0.385000000000,0.4120975190973304,2.426610095082415,33.319641189903,72.727945513957
-0.380000000000,0.4168693834703355,2.39883291901949,33.141432354148,72.944690855335
-0.375000000000,0.4216965034285822,2.371373705661656,32.962390165281,73.163240179611
-0.370000000000,0.4265795188015926,2.344228815319922,32.782540412493,73.383593315656
-0.365000000000,0.4315190768277655,2.317394649968477,32.601910092061,73.605749588159
-0.360000000000,0.4365158322401661,2.290867652767772,32.420527437830,73.829707805567
-0.355000000000,0.4415704473533125,2.26464430759306,32.238421951885,74.055466248088
-0.350000000000,0.446683592150963,2.23872113856834,32.055624435408,74.283022655792
-0.345000000000,0.4518559443749226,2.213094709605636,31.872167019643,74.512374216819
-0.340000000000,0.4570881896148752,2.187761623949552,31.688083196962,74.743517555711
-0.335000000000,0.4623810213992604,2.16271852372702,31.503407851938,74.976448721895
-0.330000000000,0.4677351412871981,2.137962089502233,31.318177292409,75.211163178331
-0.325000000000,0.4731512589614807,2.113489039836645,31.132429280439,75.447655790352
-0.320000000000,0.4786300923226385,2.089296130854039,30.946203063135,75.685920814714
-0.315000000000,0.4841723675840994,2.065380155810529,30.759539403234,75.925951888874
-0.310000000000,0.4897788193684461,2.04173794466953,30.572480609377,76.167742020532
-0.305000000000,0.49545019080479,2.018366363681562,30.385070566000,76.411283577445
-0.300000000000,0.5011872336272725,1.995262314968879,30.197354762739,76.656568277539
-0.295000000000,0.5069907082747045,1.972422736114853,30.009380323249,76.903587179358
-0.290000000000,0.5128613839913648,1.949844599758045,29.821196033332,77.152330672850
-0.285000000000,0.518800038928961,1.927524913190936,29.632852368252,77.402788470531
-0.280000000000,0.5248074602497729,1.905460717963246,29.444401519121,77.654949599052
-0.275000000000,0.5308844442309885,1.8836490894898,29.255897418209,77.908802391180
-0.270000000000,0.5370317963702527,1.862087136662868,29.067395763037,78.164334478227
-0.265000000000,0.5432503314924331,1.840772001468956,28.878954039101,78.421532782964
-0.260000000000,0.5495408738576248,1.819700858609983,28.690631541051,78.680383513009
-0.255000000000,0.5559042572704037,1.798870915128787,28.502489392152,78.940872154759
-0.250000000000,0.5623413251903491,1.778279410038923,28.314590561833,79.202983467853
-0.245000000000,0.5688529308438414,1.757923613958693,28.126999881121,79.466701480211
-0.240000000000,0.5754399373371573,1.737800828749374,27.939784055741,79.732009483664
-0.235000000000,0.5821032177708716,1.717908387157588,27.753011676658,79.998890030206
-0.230000000000,0.588843655355589,1.698243652461744,27.566753227801,80.267324928880
-0.225000000000,0.5956621435290104,1.678804018122561,27.381081090733,80.537295243336
-0.220000000000,0.6025595860743581,1.65958690743756,27.196069545976,80.808781290062
-0.215000000000,0.6095368972401694,1.640589773199539,27.011794770713,81.081762637333
-0.210000000000,0.6165950018614822,1.62181009735893,26.828334832565,81.356218104877
-0.205000000000,0.6237348354824191,1.603245390690042,26.645769679125,81.632125764294
-0.200000000000,0.6309573444801936,1.584893192461113,26.464181122932,81.909462940235
-0.195000000000,0.638263486190549,1.566751070108148,26.283652821524,82.188206212364
-0.190000000000,0.6456542290346556,1.548816618912481,26.104270252246,82.468331418121
-0.185000000000,0.6531305526474723,1.53108746168203,25.926120681419,82.749813656294
-0.180000000000,0.6606934480075958,1.513561248436209,25.749293127521,83.032627291417
-0.175000000000,0.6683439175686149,1.496235656094433,25.573878317993,83.316745959021
-0.170000000000,0.6760829753919819,1.479108388168207,25.399968639276,83.602142571714
-0.165000000000,0.6839116472814293,1.462177174456718,25.227658079705,83.888789326139
-0.160000000000,0.6918309709189363,1.445439770745928,25.057042164858,84.176657710794
-0.155000000000,0.6998419960022738,1.428893958511102,24.888217884993,84.465718514722
-0.150000000000,0.707945784384138,1.412537544622754,24.721283614171,84.755941837086
-0.145000000000,0.716143410212902,1.396368361055938,24.556339020720,85.047297097619
-0.140000000000,0.7244359600749899,1.380384264602885,24.393484968682,85.339753047965
-0.135000000000,0.7328245331389045,1.364583136588924,24.232823409911,85.633277783887
-0.130000000000,0.7413102413009177,1.348962882591653,24.074457266530,85.927838758365
-0.125000000000,0.7498942093324559,1.333521432163324,23.918490303470,86.223402795561
-0.120000000000,0.7585775750291835,1.318256738556407,23.765026990874,86.519936105648
-0.115000000000,0.7673614893618194,1.303166778452299,23.614172356177,86.817404300500
-0.110000000000,0.7762471166286919,1.288249551693134,23.466031825749,87.115772410221
-0.105000000000,0.7852356346100718,1.273503081016662,23.320711056026,87.415004900511
-0.100000000000,0.7943282347242814,1.258925411794168,23.178315754156,87.715065690844
-0.095000000000,0.8035261221856177,1.244514611771384,23.038951488228,88.015918173449
-0.090000000000,0.8128305161640995,1.230268770812381,22.902723487279,88.317525233063
-0.085000000000,0.8222426499470712,1.216186000646368,22.769736431332,88.619849267449
-0.080000000000,0.8317637711026709,1.202264434617413,22.640094231845,88.922852208645
-0.075000000000,0.8413951416451956,1.188502227437018,22.513899803053,89.226495544921
-0.070000000000,0.8511380382023768,1.174897554939529,22.391254824785,89.530740343414
-0.065000000000,0.8609937521846007,1.161448613840343,22.272259497481,89.835547273420
-0.060000000000,0.8709635899560805,1.148153621496883,22.157012290236,89.859123369696
-0.055000000000,0.8810488730080137,1.135010815672316,22.045609682835,89.553311640006
-0.050000000000,0.8912509381337459,1.122018454301963,21.938145902861,89.247057915971
-0.045000000000,0.9015711376059571,1.109174815262401,21.834712659091,88.940402874874
-0.040000000000,0.9120108393559097,1.096478196143185,21.735398872492,88.633387466775
-0.035000000000,0.9225714271547628,1.083926914021204,21.640290406277,88.326052888034
-0.030000000000,0.9332543007969915,1.071519305237606,21.549469796551,88.018440554425
-0.025000000000,0.9440608762859236,1.059253725177289,21.463015985202,87.710592073898
-0.020000000000,0.9549925860214359,1.0471285480509,21.381004056744,87.402549219027
-0.015000000000,0.9660508789898131,1.035142166679344,21.303504980907,87.094353899186
-0.010000000000,0.9772372209558111,1.023292992280754,21.230585362803,86.786048132496
-0.005000000000,0.9885530946569391,1.011579454259898,21.162307202530,86.477674017595
0.000000000000,1,1,21.098727666076,86.169273705269
0.005000000000,1.011579454259898,0.988553094656939,21.039898869363,85.860889369996
0.010000000000,1.023292992280755,0.9772372209558101,20.985867677241,85.552563181442
0.015000000000,1.035142166679344,0.9660508789898131,20.936675519156,85.244337275968
0.020000000000,1.0471285480509,0.9549925860214359,20.892358223117,84.936253728178
0.025000000000,1.059253725177289,0.9440608762859236,20.852945869509,84.628354522569
0.030000000000,1.071519305237607,0.9332543007969905,20.818462666079,84.320681525322
0.035000000000,1.083926914021204,0.9225714271547629,20.788926845341,84.013276456279
0.040000000000,1.096478196143185,0.9120108393559097,20.764350585388,83.706180861151
0.045000000000,1.109174815262401,0.9015711376059571,20.744739954936,83.399436084013
0.050000000000,1.122018454301964,0.8912509381337449,20.730094883197,83.093083240105
0.055000000000,1.135010815672316,0.8810488730080137,20.720409154930,82.787163189010
0.060000000000,1.148153621496883,0.8709635899560806,20.715670430814,82.481716508228
0.065000000000,1.161448613840343,0.8609937521846007,20.715860293011,82.176783467201
0.070000000000,1.17489755493953,0.8511380382023759,20.720954315587,81.872404001815
0.075000000000,1.188502227437019,0.8413951416451947,20.730922159178,81.568617689436
0.080000000000,1.202264434617413,0.8317637711026709,20.745727689120,81.265463724491
0.085000000000,1.216186000646368,0.8222426499470713,20.765329115992,80.962980894651
0.090000000000,1.230268770812381,0.8128305161640995,20.789679157377,80.661207557637
0.095000000000,1.244514611771386,0.8035261221856169,20.818725219436,80.360181618678
0.100000000000,1.258925411794168,0.7943282347242813,20.852409596749,80.059940508666
0.105000000000,1.273503081016662,0.7852356346100718,20.890669688759,79.760521163012
0.110000000000,1.288249551693134,0.7762471166286919,20.933438231021,79.461960001251
0.115000000000,1.3031667784523,0.7673614893618186,20.980643539414,79.164292907402
0.120000000000,1.318256738556407,0.7585775750291835,21.032209765396,78.867555211118
0.125000000000,1.333521432163324,0.7498942093324559,21.088057160379,78.571781669637
0.130000000000,1.348962882591653,0.7413102413009177,21.148102347263,78.277006450548
0.135000000000,1.364583136588925,0.7328245331389037,21.212258597248,77.983263115406
0.140000000000,1.380384264602885,0.7244359600749899,21.280436110026,77.690584604184
0.145000000000,1.396368361055938,0.716143410212902,21.352542295563,77.399003220589
0.150000000000,1.412537544622754,0.7079457843841381,21.428482055755,77.108550618251
0.155000000000,1.428893958511104,0.6998419960022731,21.508158064306,76.819257787784
0.160000000000,1.445439770745928,0.6918309709189363,21.591471043349,76.531155044728
0.165000000000,1.462177174456718,0.6839116472814293,21.678320035385,76.244272018377
0.170000000000,1.479108388168207,0.6760829753919818,21.768602669280,75.958637641493
0.175000000000,1.496235656094434,0.6683439175686142,21.862215419186,75.674280140902
0.180000000000,1.513561248436209,0.6606934480075958,21.959053855382,75.391227028970
0.185000000000,1.53108746168203,0.6531305526474723,22.059012886152,75.109505095961
0.190000000000,1.548816618912481,0.6456542290346555,22.161986989980,74.829140403261
0.195000000000,1.56675107010815,0.6382634861905483,22.267870437445,74.550158277466
0.200000000000,1.584893192461114,0.630957344480193,22.376557502330,74.272583305320
0.205000000000,1.603245390690042,0.6237348354824191,22.487942661579,73.996439329503
0.210000000000,1.62181009735893,0.6165950018614822,22.601920783861,73.721749445235
0.215000000000,1.640589773199539,0.6095368972401694,22.718387306565,73.448535997710
0.220000000000,1.659586907437561,0.6025595860743574,22.837238401193,73.176820580316
0.225000000000,1.678804018122561,0.5956621435290103,22.958371127164,72.906624033646
0.230000000000,1.698243652461744,0.5888436553555889,23.081683574150,72.637966445275
0.235000000000,1.717908387157588,0.5821032177708716,23.207074993106,72.370867150280
0.240000000000,1.737800828749376,0.5754399373371567,23.334445916247,72.105344732487
0.245000000000,1.757923613958693,0.5688529308438413,23.463698266244,71.841417026433
0.250000000000,1.778279410038923,0.5623413251903491,23.594735454980,71.579101119998
0.255000000000,1.798870915128787,0.5559042572704037,23.727462472233,71.318413357716
0.260000000000,1.819700858609984,0.5495408738576243,23.861785964686,71.059369344718
0.265000000000,1.840772001468956,0.5432503314924331,23.997614305673,70.801983951294
0.270000000000,1.862087136662868,0.5370317963702527,24.134857656112,70.546271318046
0.275000000000,1.8836490894898,0.5308844442309885,24.273428017059,70.292244861617
0.280000000000,1.905460717963248,0.5248074602497723,24.413239274349,70.039917280961
0.285000000000,1.927524913190937,0.518800038928961,24.554207235774,69.789300564133
0.290000000000,1.949844599758046,0.5128613839913648,24.696249661241,69.540405995575
0.295000000000,1.972422736114853,0.5069907082747045,24.839286286389,69.293244163875
0.300000000000,1.995262314968881,0.501187233627272,24.983238840064,69.047824969973
0.305000000000,2.018366363681562,0.4954501908047901,25.128031056121,68.804157635780
0.310000000000,2.04173794466953,0.4897788193684461,25.273588679948,68.562250713207
0.315000000000,2.065380155810529,0.4841723675840994,25.419839470117,68.322112093552
0.320000000000,2.089296130854041,0.478630092322638,25.566713195567,68.083749017244
0.325000000000,2.113489039836648,0.4731512589614802,25.714141628667,67.847168083907
0.330000000000,2.137962089502233,0.4677351412871981,25.862058534539,67.612375262722
0.335000000000,2.16271852372702,0.4623810213992604,26.010399656963,67.379375903066
0.340000000000,2.187761623949552,0.4570881896148752,26.159102701188,67.148174745407
0.345000000000,2.213094709605639,0.4518559443749222,26.308107313960,66.918775932427
0.350000000000,2.23872113856834,0.4466835921509631,26.457355061046,66.691183020347
0.355000000000,2.26464430759306,0.4415704473533125,26.606789402521,66.465398990454
0.360000000000,2.290867652767772,0.4365158322401661,26.756355666076,66.241426260775
0.365000000000,2.31739464996848,0.431519076827765,26.906001018583,66.019266697911
0.370000000000,2.344228815319923,0.4265795188015925,27.055674436125,65.798921628986
0.375000000000,2.371373705661655,0.4216965034285823,27.205326672717,65.580391853707
0.380000000000,2.39883291901949,0.4168693834703355,27.354910227881,65.363677656506
0.385000000000,2.426610095082417,0.41209751909733,27.504379313276,65.148778818756
0.390000000000,2.454708915685031,0.4073802778041126,27.653689818529,64.935694631034
0.395000000000,2.483133105295571,0.4027170343254591,27.802799276420,64.724423905418
0.400000000000,2.51188643150958,0.3981071705534973,27.951666827563,64.514964987806
0.405000000000,2.540972705549307,0.3935500754557772,28.100253184708,64.307315770230
0.410000000000,2.570395782768865,0.3890451449942804,28.248520596774,64.101473703167
0.415000000000,2.600159563165272,0.3845917820453535,28.396432812723,63.897435807812
0.420000000000,2.630267991895381,0.3801893963205613,28.543955045373,63.695198688323
0.425000000000,2.660725059798811,0.3758374042884439,28.691053935230,63.494758544004
0.430000000000,2.691534803926917,0.3715352290971723,28.837697514427,63.296111181423
0.435000000000,2.722701308077913,0.3672823004980846,28.983855170834,63.099252026459
0.440000000000,2.754228703338166,0.3630780547701014,29.129497612403,62.904176136254
0.445000000000,2.786121168629772,0.358921934645005,29.274596831814,62.710878211071
0.450000000000,2.818382931264455,0.3548133892335753,29.419126071456,62.519352606041
0.455000000000,2.85101826750391,0.3507518739525679,29.563059788815,62.329593342798
0.460000000000,2.884031503126606,0.3467368504525317,29.706373622280,62.141594120978
0.465000000000,2.917427014001166,0.3427677865464505,29.849044357418,61.955348329599
0.470000000000,2.951209226666387,0.3388441561392024,29.991049893758,61.770849058288
0.475000000000,2.98538261891796,0.3349654391578276,30.132369212083,61.588089108360
0.480000000000,3.019951720402016,0.3311311214825911,30.272982342280,61.407061003756
0.485000000000,3.054921113215512,0.3273406948788383,30.412870331756,61.227757001806
0.490000000000,3.090295432513592,0.3235936569296281,30.552015214436,61.050169103835
0.495000000000,3.126079367123956,0.3198895109691397,30.690399980352,60.874289065597
0.500000000000,3.16227766016838,0.3162277660168379,30.828008545849,60.700108407535
0.505000000000,3.198895109691397,0.3126079367123956,30.964825724402,60.527618424866
0.510000000000,3.235936569296284,0.3090295432513589,31.100837198052,60.356810197480
0.515000000000,3.273406948788383,0.3054921113215512,31.236029489471,60.187674599656
0.520000000000,3.311311214825911,0.3019951720402016,31.370389934656,60.020202309593
0.525000000000,3.349654391578276,0.2985382618917961,31.503906656247,59.854383818754
0.530000000000,3.388441561392027,0.2951209226666384,31.636568537482,59.690209441011
0.535000000000,3.427677865464505,0.2917427014001166,31.768365196764,59.527669321608
0.540000000000,3.467368504525317,0.2884031503126606,31.899286962865,59.366753445924
0.545000000000,3.507518739525679,0.285101826750391,32.029324850738,59.207451648042
0.550000000000,3.548133892335757,0.2818382931264452,32.158470537950,59.049753619130
0.555000000000,3.589219346450053,0.2786121168629769,32.286716341709,58.893648915617
0.560000000000,3.630780547701014,0.2754228703338166,32.414055196506,58.739126967183
0.565000000000,3.672823004980846,0.2722701308077913,32.540480632341,58.586177084554
0.570000000000,3.715352290971728,0.2691534803926914,32.665986753530,58.434788467095
0.575000000000,3.758374042884443,0.2660725059798809,32.790568218096,58.284950210220
0.580000000000,3.801893963205613,0.2630267991895381,32.914220217719,58.136651312605
0.585000000000,3.845917820453535,0.2600159563165272,33.036938458249,57.989880683214
0.590000000000,3.890451449942805,0.2570395782768864,33.158719140759,57.844627148127
0.595000000000,3.935500754557776,0.2540972705549304,33.279558943143,57.700879457195
0.600000000000,3.981071705534973,0.251188643150958,33.399455002233,57.558626290493
0.605000000000,4.027170343254591,0.248313310529557,33.518404896444,57.417856264604
0.610000000000,4.073802778041126,0.2454708915685031,33.636406628911,57.278557938708
0.615000000000,4.120975190973304,0.2426610095082414,33.753458611134,57.140719820500
0.620000000000,4.168693834703355,0.239883291901949,33.869559647099,57.004330371931
0.625000000000,4.216965034285822,0.2371373705661655,33.984708917883,56.869378014765
0.630000000000,4.265795188015925,0.2344228815319923,34.098905966711,56.735851135974
0.635000000000,4.315190768277654,0.2317394649968477,34.212150684476,56.603738092955
0.640000000000,4.365158322401661,0.2290867652767772,34.324443295696,56.473027218588
0.645000000000,4.415704473533125,0.2264644307593059,34.435784344906,56.343706826118
0.650000000000,4.46683592150963,0.223872113856834,34.546174683468,56.215765213891
0.655000000000,4.518559443749226,0.2213094709605636,34.655615456796,56.089190669912
0.660000000000,4.570881896148752,0.2187761623949552,34.764108091978,55.963971476266
0.665000000000,4.623810213992603,0.216271852372702,34.871654285794,55.840095913370
0.670000000000,4.677351412871981,0.2137962089502232,34.978255993108,55.717552264088
0.675000000000,4.731512589614808,0.2113489039836645,35.083915415635,55.596328817688
0.680000000000,4.786300923226385,0.2089296130854039,35.188634991069,55.476413873663
0.685000000000,4.841723675840994,0.2065380155810529,35.292417382563,55.357795745407
0.690000000000,4.897788193684462,0.2041737944669529,35.395265468547,55.240462763751
0.695000000000,4.954501908047906,0.201836636368156,35.497182332882,55.124403280371
0.700000000000,5.011872336272725,0.1995262314968879,35.598171255341,55.009605671056
0.705000000000,5.069907082747044,0.1972422736114853,35.698235702396,54.896058338855
0.710000000000,5.128613839913648,0.1949844599758045,35.797379318321,54.783749717088
0.715000000000,5.188000389289609,0.1927524913190937,35.895605916582,54.672668272245
0.720000000000,5.248074602497728,0.1905460717963247,35.992919471529,54.562802506759
0.725000000000,5.308844442309884,0.18836490894898,36.089324110356,54.454140961661
0.730000000000,5.370317963702527,0.1862087136662868,36.184824105339,54.346672219124
0.735000000000,5.432503314924331,0.1840772001468956,36.279423866346,54.240384904898
0.740000000000,5.495408738576248,0.1819700858609982,36.373127933587,54.135267690631
0.745000000000,5.559042572704037,0.1798870915128787,36.465940970636,54.031309296086
0.750000000000,5.623413251903491,0.1778279410038923,36.557867757674,53.928498491261
0.755000000000,5.688529308438413,0.1757923613958693,36.648913184981,53.826824098404
0.760000000000,5.754399373371572,0.1737800828749375,36.739082246652,53.726274993932
0.765000000000,5.821032177708716,0.1717908387157588,36.828380034536,53.626840110256
0.770000000000,5.88843655355589,0.1698243652461744,36.916811732383,53.528508437517
0.775000000000,5.956621435290104,0.1678804018122561,37.004382610209,53.431269025228
0.780000000000,6.025595860743581,0.165958690743756,37.091098018858,53.335110983834
0.785000000000,6.095368972401694,0.1640589773199539,37.176963384756,53.240023486188
0.790000000000,6.165950018614822,0.162181009735893,37.261984204865,53.145995768942
0.795000000000,6.237348354824191,0.1603245390690042,37.346166041811,53.053017133866
0.800000000000,6.309573444801936,0.1584893192461113,37.429514519192,52.961076949081
0.805000000000,6.38263486190549,0.1566751070108149,37.512035317067,52.870164650230
0.810000000000,6.456542290346556,0.1548816618912481,37.593734167599,52.780269741565
0.815000000000,6.531305526474723,0.153108746168203,37.674616850873,52.691381796976
0.820000000000,6.606934480075965,0.1513561248436207,37.754689190859,52.603490460943
0.825000000000,6.683439175686149,0.1496235656094433,37.833957051540,52.516585449430
0.830000000000,6.760829753919819,0.1479108388168207,37.912426333173,52.430656550714
0.835000000000,6.839116472814292,0.1462177174456718,37.990102968705,52.345693626151
0.840000000000,6.918309709189363,0.1445439770745928,38.066992920317,52.261686610887
0.845000000000,6.998419960022738,0.1428893958511102,38.143102176112,52.178625514510
0.850000000000,7.07945784384138,0.1412537544622754,38.218436746920,52.096500421649
0.855000000000,7.16143410212902,0.1396368361055938,38.293002663238,52.015301492518
0.860000000000,7.244359600749899,0.1380384264602885,38.366805972287,51.935018963409
0.865000000000,7.328245331389044,0.1364583136588924,38.439852735185,51.855643147142
0.870000000000,7.413102413009177,0.1348962882591653,38.512149024236,51.777164433455
0.875000000000,7.498942093324558,0.1333521432163324,38.583700920324,51.699573289363
0.880000000000,7.585775750291836,0.1318256738556408,38.654514510421,51.622860259461
0.885000000000,7.673614893618193,0.1303166778452299,38.724595885189,51.547015966194
0.890000000000,7.76247116628692,0.1288249551693134,38.793951136683,51.472031110076
0.895000000000,7.852356346100718,0.1273503081016662,38.862586356154,51.397896469883
0.900000000000,7.943282347242813,0.1258925411794168,38.930507631942,51.324602902795
0.905000000000,8.035261221856176,0.1244514611771385,38.997721047454,51.252141344509
0.910000000000,8.128305161640995,0.1230268770812381,39.064232679236,51.180502809318
0.915000000000,8.222426499470712,0.1216186000646368,39.130048595125,51.109678390153
0.920000000000,8.317637711026709,0.1202264434617413,39.195174852480,51.039659258594
0.925000000000,8.413951416451956,0.1188502227437018,39.259617496490,50.970436664852
0.930000000000,8.511380382023768,0.1174897554939529,39.323382558569,50.902001937716
0.935000000000,8.609937521846007,0.1161448613840343,39.386476054804,50.834346484484
0.940000000000,8.709635899560805,0.1148153621496883,39.448903984489,50.767461790848
0.945000000000,8.810488730080147,0.1135010815672314,39.510672328724,50.701339420775
0.950000000000,8.912509381337459,0.1122018454301963,39.571787049072,50.635971016341
0.955000000000,9.015711376059571,0.1109174815262401,39.632254086288,50.571348297562
0.960000000000,9.120108393559097,0.1096478196143185,39.692079359101,50.507463062186
0.965000000000,9.225714271547638,0.1083926914021203,39.751268763068,50.444307185473
0.970000000000,9.332543007969914,0.1071519305237606,39.809828169465,50.381872619952
0.975000000000,9.440608762859236,0.1059253725177289,39.867763424252,50.320151395154
0.980000000000,9.549925860214358,0.10471285480509,39.925080347080,50.259135617335
0.985000000000,9.660508789898131,0.1035142166679344,39.981784730352,50.198817469172
0.990000000000,9.772372209558112,0.1023292992280754,40.037882338333,50.139189209450
0.995000000000,9.885530946569391,0.1011579454259898,40.093378906308,50.080243172724
1.000000000000,10,0.1,40.148280139783,50.021971768976
1.005000000000,10.11579454259898,0.09885530946569392,40.202591713736,49.964367483250
1.010000000000,10.23292992280754,0.09772372209558113,40.256319271904,49.907422875274
1.015000000000,10.35142166679343,0.0966050878989814,40.309468426117,49.851130579074
1.020000000000,10.47128548050901,0.09549925860214349,40.362044755664,49.795483302568
1.025000000000,10.5925372517729,0.09440608762859226,40.414053806705,49.740473827158
1.030000000000,10.71519305237607,0.09332543007969904,40.465501091713,49.686095007300
1.035000000000,10.83926914021204,0.09225714271547629,40.516392088960,49.632339770071
1.040000000000,10.96478196143185,0.09120108393559095,40.566732242023,49.579201114729
1.045000000000,11.09174815262401,0.09015711376059571,40.616526959339,49.526672112252
1.050000000000,11.22018454301963,0.08912509381337459,40.665781613778,49.474745904882
1.055000000000,11.35010815672314,0.08810488730080146,40.714501542256,49.423415705654
1.060000000000,11.48153621496884,0.08709635899560796,40.762692045371,49.372674797915
1.065000000000,11.61448613840344,0.08609937521845999,40.810358387068,49.322516534844
1.070000000000,11.7489755493953,0.0851138038202376,40.857505794335,49.272934338959
1.075000000000,11.88502227437019,0.08413951416451947,40.904139456922,49.223921701621
1.080000000000,12.02264434617413,0.08317637711026708,40.950264527081,49.175472182533
1.085000000000,12.16186000646368,0.08222426499470713,40.995886119341,49.127579409229
1.090000000000,12.30268770812381,0.08128305161640996,41.041009310292,49.080237076567
1.095000000000,12.44514611771384,0.08035261221856177,41.085639138404,49.033438946210
1.100000000000,12.58925411794166,0.07943282347242821,41.129780603861,48.987178846107
1.105000000000,12.73503081016663,0.0785235634610071,41.173438668412,48.941450669970
1.110000000000,12.88249551693135,0.07762471166286911,41.216618255249,48.896248376747
1.115000000000,13.031667784523,0.07673614893618186,41.259324248904,48.851565990093
1.120000000000,13.18256738556407,0.07585775750291836,41.301561495153,48.807397597841
1.125000000000,13.33521432163324,0.07498942093324558,41.343334800952,48.763737351464
1.130000000000,13.48962882591653,0.07413102413009177,41.384648934379,48.720579465544
1.135000000000,13.64583136588924,0.07328245331389045,41.425508624597,48.677918217233
1.140000000000,13.80384264602884,0.07244359600749906,41.465918561832,48.635747945716
1.145000000000,13.96368361055939,0.07161434102129012,41.505883397363,48.594063051672
1.150000000000,14.12537544622755,0.07079457843841373,41.545407743528,48.552857996734
1.155000000000,14.28893958511104,0.06998419960022731,41.584496173745,48.512127302951
1.160000000000,14.45439770745928,0.06918309709189362,41.623153222542,48.471865552247
1.165000000000,14.62177174456718,0.06839116472814293,41.661383385603,48.432067385879
1.170000000000,14.79108388168207,0.06760829753919818,41.699191119822,48.392727503903
1.175000000000,14.96235656094433,0.0668343917568615,41.736580843372,48.353840664628
1.180000000000,15.13561248436207,0.06606934480075964,41.773556935786,48.315401684084
1.185000000000,15.31087461682032,0.06531305526474716,41.810123738038,48.277405435480
1.190000000000,15.48816618912483,0.06456542290346549,41.846285552649,48.239846848670
1.195000000000,15.6675107010815,0.06382634861905483,41.882046643791,48.202720909617
1.200000000000,15.84893192461114,0.0630957344480193,41.917411237401,48.166022659861
1.205000000000,16.03245390690042,0.06237348354824191,41.952383521313,48.129747195982
1.210000000000,16.2181009735893,0.06165950018614822,41.986967645386,48.093889669076
1.215000000000,16.40589773199539,0.06095368972401694,42.021167721643,48.058445284222
1.220000000000,16.5958690743756,0.06025595860743582,42.054987824426,48.023409299958
1.225000000000,16.78804018122559,0.0595662143529011,42.088431990546,47.988777027754
1.230000000000,16.98243652461746,0.05888436553555884,42.121504219446,47.954543831492
1.235000000000,17.17908387157589,0.0582103217770871,42.154208473368,47.920705126944
1.240000000000,17.37800828749376,0.05754399373371567,42.186548677530,47.887256381258
1.245000000000,17.57923613958693,0.05688529308438413,42.218528720304,47.854193112440
1.250000000000,17.78279410038923,0.0562341325190349,42.250152453399,47.821510888844
1.255000000000,17.98870915128787,0.05559042572704037,42.281423692055,47.789205328659
1.260000000000,18.19700858609983,0.05495408738576248,42.312346215235,47.757272099407
1.265000000000,18.40772001468954,0.05432503314924336,42.342923765823,47.725706917439
1.270000000000,18.62087136662869,0.05370317963702521,42.373160050834,47.694505547430
1.275000000000,18.83649089489802,0.05308844442309879,42.403058741614,47.663663801886
1.280000000000,19.05460717963248,0.05248074602497722,42.432623474056,47.633177540648
1.285000000000,19.27524913190937,0.0518800038928961,42.461857848812,47.603042670399
1.290000000000,19.49844599758045,0.05128613839913648,42.490765431515,47.573255144182
1.295000000000,19.72422736114854,0.05069907082747044,42.519349752994,47.543810960906
1.300000000000,19.95262314968879,0.05011872336272725,42.547614309506,47.514706164874
1.305000000000,20.1836636368156,0.04954501908047906,42.575562562956,47.485936845301
1.310000000000,20.41737944669532,0.04897788193684456,42.603197941128,47.457499135838
1.315000000000,20.65380155810531,0.04841723675840989,42.630523837920,47.429389214104
1.320000000000,20.89296130854041,0.0478630092322638,42.657543613573,47.401603301219
1.325000000000,21.13489039836648,0.04731512589614803,42.684260594907,47.374137661338
1.330000000000,21.37962089502232,0.04677351412871981,42.710678075564,47.346988601191
1.335000000000,21.6271852372702,0.04623810213992603,42.736799316237,47.320152469629
1.340000000000,21.87761623949552,0.04570881896148751,42.762627544922,47.293625657169
1.345000000000,22.13094709605636,0.04518559443749227,42.788165957148,47.267404595545
1.350000000000,22.38721138568342,0.04466835921509626,42.813417716231,47.241485757264
1.355000000000,22.64644307593062,0.04415704473533121,42.838385953510,47.215865655162
1.360000000000,22.90867652767775,0.04365158322401656,42.863073768594,47.190540841967
1.365000000000,23.1739464996848,0.04315190768277651,42.887484229609,47.165507909866
1.370000000000,23.44228815319923,0.04265795188015926,42.911620373445,47.140763490071
1.375000000000,23.71373705661655,0.04216965034285822,42.935485206000,47.116304252397
1.380000000000,23.9883291901949,0.04168693834703355,42.959081702428,47.092126904835
1.385000000000,24.26610095082414,0.04120975190973304,42.982412807391,47.068228193133
1.390000000000,24.54708915685029,0.0407380277804113,43.005481435299,47.044604900383
1.395000000000,24.83133105295573,0.04027170343254587,43.028290470566,47.021253846608
1.400000000000,25.11886431509582,0.03981071705534969,43.050842767854,46.998171888352
1.405000000000,25.40972705549306,0.03935500754557773,43.073141152320,46.975355918280
1.410000000000,25.70395782768865,0.03890451449942805,43.095188419869,46.952802864772
1.415000000000,26.00159563165272,0.03845917820453535,43.116987337397,46.930509691533
1.420000000000,26.30267991895381,0.03801893963205612,43.138540643039,46.908473397194
1.425000000000,26.60725059798808,0.03758374042884444,43.159851046419,46.886691014927
1.430000000000,26.91534803926914,0.03715352290971728,43.180921228895,46.865159612055
1.435000000000,27.22701308077916,0.03672823004980842,43.201753843804,46.843876289677
1.440000000000,27.54228703338169,0.0363078054770101,43.222351516710,46.822838182282
1.445000000000,27.86121168629772,0.0358921934645005,43.242716845648,46.802042457383
1.450000000000,28.18382931264455,0.03548133892335753,43.262852401367,46.781486315138
1.455000000000,28.5101826750391,0.03507518739525679,43.282760727577,46.761166987990
1.460000000000,28.84031503126606,0.03467368504525317,43.302444341189,46.741081740298
1.465000000000,29.17427014001166,0.03427677865464505,43.321905732557,46.721227867984
1.470000000000,29.51209226666384,0.03388441561392028,43.341147365720,46.701602698168
1.475000000000,29.85382618917963,0.03349654391578272,43.360171678645,46.682203588824
1.480000000000,30.19951720402019,0.03311311214825908,43.378981083460,46.663027928427
1.485000000000,30.54921113215515,0.03273406948788379,43.397577966697,46.644073135608
1.490000000000,30.90295432513592,0.03235936569296281,43.415964689528,46.625336658811
1.495000000000,31.26079367123956,0.03198895109691397,43.434143587999,46.606815975958
1.500000000000,31.62277660168379,0.03162277660168379,43.452116973269,46.588508594112
1.505000000000,31.98895109691397,0.03126079367123956,43.469887131840,46.570412049146
1.510000000000,32.35936569296281,0.03090295432513592,43.487456325790,46.552523905415
1.515000000000,32.73406948788379,0.03054921113215515,43.504826793006,46.534841755432
1.520000000000,33.11311214825915,0.03019951720402013,43.522000747413,46.517363219548
1.525000000000,33.49654391578279,0.02985382618917957,43.538980379204,46.500085945632
1.530000000000,33.88441561392028,0.02951209226666384,43.555767855064,46.483007608759
1.535000000000,34.27677865464505,0.02917427014001166,43.572365318400,46.466125910898
1.540000000000,34.67368504525317,0.02884031503126606,43.588774889563,46.449438580603
1.545000000000,35.0751873952568,0.0285101826750391,43.604998666073,46.432943372714
1.550000000000,35.48133892335753,0.02818382931264455,43.621038722840,46.416638068049
1.555000000000,35.8921934645005,0.02786121168629772,43.636897112386,46.400520473112
1.560000000000,36.30780547701018,0.02754228703338163,43.652575865062,46.384588419794
1.565000000000,36.7282300498085,0.0272270130807791,43.668076989266,46.368839765086
1.570000000000,37.15352290971728,0.02691534803926914,43.683402471660,46.353272390785
1.575000000000,37.58374042884443,0.02660725059798809,43.698554277386,46.337884203217
1.580000000000,38.01893963205612,0.02630267991895381,43.713534350277,46.322673132947
1.585000000000,38.45917820453536,0.02600159563165272,43.728344613068,46.307637134504
1.590000000000,38.90451449942805,0.02570395782768865,43.742986967609,46.292774186107
1.595000000000,39.35500754557772,0.02540972705549307,43.757463295072,46.278082289388
1.600000000000,39.81071705534978,0.02511886431509577,43.771775456157,46.263559469124
1.605000000000,40.27170343254595,0.02483133105295568,43.785925291303,46.249203772971
1.610000000000,40.7380277804113,0.02454708915685029,43.799914620883,46.235013271201
1.615000000000,41.20975190973304,0.02426610095082414,43.813745245414,46.220986056438
1.620000000000,41.68693834703355,0.0239883291901949,43.827418945756,46.207120243401
1.625000000000,42.16965034285823,0.02371373705661655,43.840937483311,46.193413968653
1.630000000000,42.65795188015925,0.02344228815319923,43.854302600219,46.179865390341
1.635000000000,43.1519076827765,0.02317394649968479,43.867516019556,46.166472687953
1.640000000000,43.65158322401656,0.02290867652767775,43.880579445531,46.153234062069
1.645000000000,44.1570447353313,0.02264644307593057,43.893494563675,46.140147734116
1.650000000000,44.66835921509634,0.02238721138568338,43.906263041034,46.127211946130
1.655000000000,45.18559443749226,0.02213094709605637,43.918886526360,46.114424960514
1.660000000000,45.70881896148752,0.02187761623949552,43.931366650299,46.101785059804
1.665000000000,46.23810213992603,0.0216271852372702,43.943705025577,46.089290546435
1.670000000000,46.77351412871981,0.02137962089502233,43.955903247185,46.076939742511
1.675000000000,47.31512589614803,0.02113489039836648,43.967962892564,46.064730989580
1.680000000000,47.86300923226381,0.02089296130854041,43.979885521787,46.052662648402
1.685000000000,48.41723675840999,0.02065380155810527,43.991672677739,46.040733098732
1.690000000000,48.97788193684466,0.02041737944669528,44.003325886295,46.028940739098
1.695000000000,49.54501908047905,0.0201836636368156,44.014846656499,46.017283986583
1.700000000000,50.11872336272725,0.01995262314968879,44.026236480740,46.005761276610
1.705000000000,50.69907082747044,0.01972422736114854,44.037496834926,45.994371062729
1.710000000000,51.28613839913648,0.01949844599758046,44.048629178654,45.983111816407
1.715000000000,51.88000389289609,0.01927524913190937,44.059634955385,45.971982026821
1.720000000000,52.48074602497723,0.01905460717963248,44.070515592614,45.960980200648
1.725000000000,53.0884444230989,0.01883649089489798,44.081272502035,45.950104861869
1.730000000000,53.70317963702533,0.01862087136662866,44.091907079709,45.939354551562
1.735000000000,54.32503314924336,0.01840772001468954,44.102420706229,45.928727827705
1.740000000000,54.95408738576248,0.01819700858609983,44.112814746884,45.918223264983
1.745000000000,55.59042572704037,0.01798870915128787,44.123090551823,45.907839454589
1.750000000000,56.23413251903491,0.01778279410038923,44.133249456211,45.897575004035
1.755000000000,56.88529308438413,0.01757923613958693,44.143292780392,45.887428536961
1.760000000000,57.54399373371567,0.01737800828749376,44.153221830045,45.877398692950
1.765000000000,58.2103217770871,0.0171790838715759,44.163037896341,45.867484127339
1.770000000000,58.88436553555896,0.01698243652461743,44.172742256095,45.857683511040
1.775000000000,59.56621435290109,0.01678804018122559,44.182336171925,45.847995530356
1.780000000000,60.25595860743581,0.0165958690743756,44.191820892397,45.838418886802
1.785000000000,60.95368972401694,0.01640589773199539,44.201197652180,45.828952296931
1.790000000000,61.65950018614822,0.0162181009735893,44.210467672192,45.819594492155
1.795000000000,62.37348354824191,0.01603245390690042,44.219632159751,45.810344218577
1.800000000000,63.0957344480193,0.01584893192461114,44.228692308716,45.801200236815
1.805000000000,63.82634861905483,0.0156675107010815,44.237649299638,45.792161321838
1.810000000000,64.56542290346563,0.0154881661891248,44.246504299895,45.783226262795
1.815000000000,65.31305526474729,0.01531087461682029,44.255258463843,45.774393862854
1.820000000000,66.06934480075964,0.01513561248436207,44.263912932949,45.765662939035
1.825000000000,66.83439175686149,0.01496235656094433,44.272468835933,45.757032322053
1.830000000000,67.60829753919819,0.01479108388168207,44.280927288908,45.748500856153
1.835000000000,68.39116472814293,0.01462177174456718,44.289289395512,45.740067398961
1.840000000000,69.18309709189363,0.01445439770745928,44.297556247045,45.731730821320
1.845000000000,69.98419960022731,0.01428893958511104,44.305728922603,45.723490007141
1.850000000000,70.79457843841388,0.01412537544622753,44.313808489210,45.715343853250
1.855000000000,71.61434102129027,0.01396368361055936,44.321796001950,45.707291269236
1.860000000000,72.44359600749905,0.01380384264602884,44.329692504093,45.699331177306
1.865000000000,73.28245331389044,0.01364583136588924,44.337499027229,45.691462512136
1.870000000000,74.13102413009177,0.01348962882591653,44.345216591391,45.683684220726
1.875000000000,74.98942093324558,0.01333521432163324,44.352846205181,45.675995262256
1.880000000000,75.85775750291836,0.01318256738556407,44.360388865897,45.668394607947
1.885000000000,76.73614893618186,0.013031667784523,44.367845559654,45.660881240919
1.890000000000,77.62471166286912,0.01288249551693135,44.375217261508,45.653454156052
1.895000000000,78.52356346100726,0.0127350308101666,44.382504935574,45.646112359850
1.900000000000,79.43282347242821,0.01258925411794166,44.389709535148,45.638854870306
1.905000000000,80.35261221856177,0.01244514611771384,44.396832002827,45.631680716770
1.910000000000,81.28305161640995,0.01230268770812381,44.403873270619,45.624588939813
1.915000000000,82.22426499470713,0.01216186000646368,44.410834260069,45.617578591100
1.920000000000,83.17637711026708,0.01202264434617413,44.417715882365,45.610648733258
1.925000000000,84.13951416451947,0.01188502227437019,44.424519038455,45.603798439754
1.930000000000,85.11380382023759,0.0117489755493953,44.431244619163,45.597026794760
1.935000000000,86.09937521846017,0.01161448613840341,44.437893505292,45.590332893039
1.940000000000,87.09635899560814,0.01148153621496882,44.444466567743,45.583715839812
1.945000000000,88.10488730080147,0.01135010815672314,44.450964667617,45.577174750645
1.950000000000,89.12509381337459,0.01122018454301963,44.457388656327,45.570708751322
1.955000000000,90.15711376059571,0.01109174815262401,44.463739375703,45.564316977731
1.960000000000,91.20108393559097,0.01096478196143185,44.470017658098,45.557998575742
1.965000000000,92.25714271547629,0.01083926914021204,44.476224326491,45.551752701096
1.970000000000,93.32543007969905,0.01071519305237607,44.482360194594,45.545578519287
1.975000000000,94.40608762859246,0.01059253725177288,44.488426066951,45.539475205450
1.980000000000,95.49925860214368,0.01047128548050899,44.494422739040,45.533441944246
1.985000000000,96.60508789898141,0.01035142166679343,44.500350997374,45.527477929758
1.990000000000,97.72372209558111,0.01023292992280754,44.506211619600,45.521582365374
1.995000000000,98.85530946569391,0.01011579454259898,44.512005374596,45.515754463682
2.000000000000,100,0.01,44.517733022568,45.509993446366
2.005000000000,101.1579454259898,0.009885530946569391,44.523395315149,45.504298544096
2.010000000000,102.3292992280754,0.009772372209558112,44.528992995489,45.498668996425
2.015000000000,103.5142166679343,0.009660508789898142,44.534526798355,45.493104051686
2.020000000000,104.7128548050901,0.00954992586021435,44.539997450217,45.487602966891
2.025000000000,105.925372517729,0.009440608762859227,44.545405669347,45.482165007629
2.030000000000,107.1519305237607,0.009332543007969906,44.550752165905,45.476789447966
2.035000000000,108.3926914021204,0.009225714271547628,44.556037642031,45.471475570349
2.040000000000,109.6478196143185,0.009120108393559097,44.561262791935,45.466222665506
2.045000000000,110.9174815262401,0.00901571137605957,44.566428301982,45.461030032350
2.050000000000,112.2018454301963,0.008912509381337459,44.571534850784,45.455896977887
2.055000000000,113.5010815672314,0.008810488730080146,44.576583109282,45.450822817117
2.060000000000,114.8153621496884,0.008709635899560796,44.581573740834,45.445806872947
2.065000000000,116.1448613840344,0.008609937521845999,44.586507401296,45.440848476095
2.070000000000,117.489755493953,0.008511380382023759,44.591384739110,45.435946965001
2.075000000000,118.8502227437019,0.008413951416451947,44.596206395384,45.431101685738
2.080000000000,120.2264434617413,0.008317637711026709,44.600973003975,45.426311991920
2.085000000000,121.6186000646368,0.008222426499470711,44.605685191568,45.421577244619
2.090000000000,123.0268770812381,0.008128305161640995,44.610343577758,45.416896812278
2.095000000000,124.4514611771384,0.008035261221856178,44.614948775128,45.412270070621
2.100000000000,125.8925411794169,0.007943282347242805,44.619501389327,45.407696402574
2.105000000000,127.3503081016663,0.00785235634610071,44.624002019150,45.403175198178
2.110000000000,128.8249551693135,0.007762471166286912,44.628451256609,45.398705854507
2.115000000000,130.31667784523,0.007673614893618186,44.632849687016,45.394287775590
2.120000000000,131.8256738556407,0.007585775750291837,44.637197889052,45.389920372324
2.125000000000,133.3521432163324,0.007498942093324559,44.641496434845,45.385603062399
2.130000000000,134.8962882591653,0.007413102413009178,44.645745890041,45.381335270219
2.135000000000,136.4583136588924,0.007328245331389044,44.649946813877,45.377116426822
2.140000000000,138.0384264602884,0.007244359600749906,44.654099759253,45.372945969806
2.145000000000,139.6368361055939,0.007161434102129012,44.658205272805,45.368823343249
2.150000000000,141.2537544622755,0.007079457843841373,44.662263894969,45.364747997638
2.155000000000,142.8893958511104,0.00699841996002273,44.666276160059,45.360719389792
2.160000000000,144.5439770745928,0.006918309709189363,44.670242596329,45.356736982791
2.165000000000,146.2177174456718,0.006839116472814292,44.674163726043,45.352800245901
2.170000000000,147.9108388168207,0.006760829753919818,44.678040065544,45.348908654503
2.175000000000,149.6235656094433,0.006683439175686148,44.681872125317,45.345061690025
2.180000000000,151.3561248436207,0.006606934480075965,44.685660410058,45.341258839866
2.185000000000,153.1087461682032,0.006531305526474716,44.689405418736,45.337499597333
2.190000000000,154.8816618912483,0.006456542290346549,44.693107644660,45.333783461570
2.195000000000,156.675107010815,0.006382634861905482,44.696767575542,45.330109937489
2.200000000000,158.4893192461114,0.006309573444801929,44.700385693557,45.326478535706
2.205000000000,160.3245390690042,0.006237348354824191,44.703962475410,45.322888772474
2.210000000000,162.181009735893,0.006165950018614822,44.707498392393,45.319340169614
2.215000000000,164.0589773199539,0.006095368972401694,44.710993910448,45.315832254459
2.220000000000,165.958690743756,0.006025595860743581,44.714449490228,45.312364559782
2.225000000000,167.8804018122562,0.005956621435290098,44.717865587155,45.308936623736
2.230000000000,169.8243652461746,0.005888436553555884,44.721242651479,45.305547989794
2.235000000000,171.790838715759,0.005821032177708709,44.724581128337,45.302198206684
2.240000000000,173.7800828749376,0.005754399373371567,44.727881457810,45.298886828329
2.245000000000,175.7923613958693,0.005688529308438413,44.731144074980,45.295613413789
2.250000000000,177.8279410038923,0.005623413251903491,44.734369409985,45.292377527200
2.255000000000,179.8870915128787,0.005559042572704038,44.737557888077,45.289178737713
2.260000000000,181.9700858609983,0.005495408738576248,44.740709929678,45.286016619443
2.265000000000,184.0772001468954,0.005432503314924336,44.743825950428,45.282890751402
2.270000000000,186.2087136662869,0.005370317963702522,44.746906361247,45.279800717450
2.275000000000,188.3649089489802,0.00530884444230988,44.749951568383,45.276746106237
2.280000000000,190.5460717963248,0.005248074602497723,44.752961973467,45.273726511145
2.285000000000,192.7524913190937,0.00518800038928961,44.755937973564,45.270741530236
2.290000000000,194.9844599758046,0.005128613839913648,44.758879961224,45.267790766198
2.295000000000,197.2422736114853,0.005069907082747045,44.761788324534,45.264873826289
2.300000000000,199.5262314968879,0.005011872336272725,44.764663447170,45.261990322287
2.305000000000,201.836636368156,0.004954501908047905,44.767505708442,45.259139870437
2.310000000000,204.1737944669532,0.004897788193684457,44.770315483347,45.256322091398
2.315000000000,206.5380155810531,0.004841723675840989,44.773093142619,45.253536610193
2.320000000000,208.9296130854041,0.004786300923226381,44.775839052773,45.250783056159
2.325000000000,211.3489039836648,0.004731512589614803,44.778553576154,45.248061062898
2.330000000000,213.7962089502232,0.004677351412871981,44.781237070987,45.245370268224
2.335000000000,216.271852372702,0.004623810213992604,44.783889891420,45.242710314118
2.340000000000,218.7761623949552,0.004570881896148752,44.786512387571,45.240080846680
2.345000000000,221.3094709605637,0.004518559443749226,44.789104905575,45.237481516078
2.350000000000,223.8721138568342,0.004466835921509626,44.791667787627,45.234911976505
2.355000000000,226.4644307593062,0.00441570447353312,44.794201372029,45.232371886129
2.360000000000,229.0867652767775,0.004365158322401657,44.796705993230,45.229860907050
2.365000000000,231.739464996848,0.00431519076827765,44.799181981875,45.227378705253
2.370000000000,234.4228815319923,0.004265795188015926,44.801629664843,45.224924950564
2.375000000000,237.1373705661655,0.004216965034285823,44.804049365294,45.222499316604
2.380000000000,239.883291901949,0.004168693834703355,44.806441402706,45.220101480749
2.385000000000,242.6610095082414,0.004120975190973305,44.808806092921,45.217731124081
2.390000000000,245.4708915685029,0.00407380277804113,44.811143748186,45.215387931350
2.395000000000,248.3133105295573,0.004027170343254586,44.813454677190,45.213071590930
2.400000000000,251.1886431509582,0.003981071705534969,44.815739185108,45.210781794776
2.405000000000,254.0972705549306,0.003935500754557773,44.817997573639,45.208518238387
2.410000000000,257.0395782768865,0.003890451449942805,44.820230141047,45.206280620757
2.415000000000,260.0159563165272,0.003845917820453536,44.822437182197,45.204068644345
2.420000000000,263.0267991895382,0.003801893963205612,44.824618988595,45.201882015025
2.425000000000,266.0725059798809,0.003758374042884443,44.826775848429,45.199720442055
2.430000000000,269.1534803926914,0.003715352290971728,44.828908046601,45.197583638033
2.435000000000,272.2701308077915,0.003672823004980843,44.831015864768,45.195471318857
2.440000000000,275.4228703338169,0.00363078054770101,44.833099581380,45.193383203695
2.445000000000,278.6121168629772,0.003589219346450049,44.835159471711,45.191319014938
2.450000000000,281.8382931264455,0.003548133892335753,44.837195807900,45.189278478168
2.455000000000,285.101826750391,0.00350751873952568,44.839208858986,45.187261322120
2.460000000000,288.4031503126606,0.003467368504525317,44.841198890938,45.185267278647
2.465000000000,291.7427014001166,0.003427677865464505,44.843166166698,45.183296082680
2.470000000000,295.1209226666384,0.003388441561392027,44.845110946210,45.181347472197
2.475000000000,298.5382618917963,0.003349654391578272,44.847033486454,45.179421188187
2.480000000000,301.9951720402019,0.003311311214825908,44.848934041481,45.177516974613
2.485000000000,305.4921113215515,0.003273406948788379,44.850812862447,45.175634578380
2.490000000000,309.0295432513592,0.003235936569296281,44.852670197645,45.173773749299
2.495000000000,312.6079367123956,0.003198895109691397,44.854506292536,45.171934240056
2.500000000000,316.227766016838,0.003162277660168379,44.856321389783,45.170115806178
2.505000000000,319.8895109691397,0.003126079367123956,44.858115729282,45.168318205999
2.510000000000,323.5936569296281,0.003090295432513592,44.859889548196,45.166541200629
2.515000000000,327.340694878838,0.003054921113215515,44.861643080980,45.164784553921
2.520000000000,331.1311214825914,0.003019951720402013,44.863376559419,45.163048032442
2.525000000000,334.9654391578279,0.002985382618917957,44.865090212652,45.161331405436
2.530000000000,338.8441561392028,0.002951209226666384,44.866784267206,45.159634444802
2.535000000000,342.7677865464505,0.002917427014001166,44.868458947025,45.157956925053
2.540000000000,346.7368504525317,0.002884031503126606,44.870114473498,45.156298623296
2.545000000000,350.751873952568,0.00285101826750391,44.871751065489,45.154659319194
2.550000000000,354.8133892335753,0.002818382931264455,44.873368939367,45.153038794942
2.555000000000,358.921934645005,0.002786121168629772,44.874968309030,45.151436835234
2.560000000000,363.0780547701017,0.002754228703338163,44.876549385939,45.149853227237
2.565000000000,367.282300498085,0.00272270130807791,44.878112379142,45.148287760563
2.570000000000,371.5352290971728,0.002691534803926914,44.879657495299,45.146740227236
2.575000000000,375.8374042884443,0.002660725059798809,44.881184938718,45.145210421671
2.580000000000,380.1893963205613,0.002630267991895381,44.882694911370,45.143698140641
2.585000000000,384.5917820453535,0.002600159563165272,44.884187612927,45.142203183252
2.590000000000,389.0451449942805,0.002570395782768865,44.885663240778,45.140725350918
2.595000000000,393.5500754557772,0.002540972705549306,44.887121990063,45.139264447331
2.600000000000,398.1071705534977,0.002511886431509577,44.888564053694,45.137820278436
2.605000000000,402.7170343254595,0.002483133105295568,44.889989622382,45.136392652406
2.610000000000,407.380277804113,0.002454708915685029,44.891398884660,45.134981379616
2.615000000000,412.0975190973304,0.002426610095082414,44.892792026913,45.133586272618
2.620000000000,416.8693834703355,0.00239883291901949,44.894169233394,45.132207146114
2.625000000000,421.6965034285823,0.002371373705661655,44.895530686258,45.130843816933
2.630000000000,426.5795188015925,0.002344228815319923,44.896876565577,45.129496104007
2.635000000000,431.519076827765,0.00231739464996848,44.898207049371,45.128163828345
2.640000000000,436.5158322401657,0.002290867652767775,44.899522313625,45.126846813010
2.645000000000,441.570447353313,0.002264644307593057,44.900822532317,45.125544883098
2.650000000000,446.6835921509635,0.002238721138568338,44.902107877438,45.124257865707
2.655000000000,451.8559443749226,0.002213094709605636,44.903378519018,45.122985589925
2.660000000000,457.0881896148752,0.002187761623949552,44.904634625142,45.121727886797
2.665000000000,462.3810213992604,0.00216271852372702,44.905876361980,45.120484589308
2.670000000000,467.7351412871981,0.002137962089502232,44.907103893802,45.119255532359
2.675000000000,473.1512589614803,0.002113489039836648,44.908317383005,45.118040552747
2.680000000000,478.630092322638,0.002089296130854041,44.909516990129,45.116839489138
2.685000000000,484.1723675840999,0.002065380155810527,44.910702873884,45.115652182053
2.690000000000,489.7788193684466,0.002041737944669528,44.911875191166,45.114478473840
2.695000000000,495.4501908047906,0.002018366363681559,44.913034097080,45.113318208657
2.700000000000,501.1872336272725,0.001995262314968879,44.914179744959,45.112171232449
2.705000000000,506.9907082747044,0.001972422736114853,44.915312286387,45.111037392928
2.710000000000,512.8613839913648,0.001949844599758045,44.916431871216,45.109916539556
2.715000000000,518.8000389289609,0.001927524913190937,44.917538647586,45.108808523518
2.720000000000,524.8074602497722,0.001905460717963248,44.918632761946,45.107713197708
2.725000000000,530.8844442309889,0.001883649089489798,44.919714359073,45.106630416708
2.730000000000,537.0317963702532,0.001862087136662866,44.920783582089,45.105560036766
2.735000000000,543.2503314924336,0.001840772001468955,44.921840572483,45.104501915782
2.740000000000,549.5408738576248,0.001819700858609983,44.922885470127,45.103455913283
2.745000000000,555.9042572704037,0.001798870915128787,44.923918413296,45.102421890408
2.750000000000,562.341325190349,0.001778279410038923,44.924939538686,45.101399709891
2.755000000000,568.8529308438414,0.001757923613958693,44.925948981430,45.100389236036
2.760000000000,575.4399373371566,0.001737800828749376,44.926946875119,45.099390334708
2.765000000000,582.103217770871,0.001717908387157589,44.927933351818,45.098402873306
2.770000000000,588.8436553555896,0.001698243652461743,44.928908542082,45.097426720754
2.775000000000,595.6621435290109,0.001678804018122559,44.929872574976,45.096461747476
2.780000000000,602.5595860743581,0.00165958690743756,44.930825578091,45.095507825384
2.785000000000,609.5368972401693,0.001640589773199539,44.931767677558,45.094564827858
2.790000000000,616.5950018614822,0.00162181009735893,44.932698998069,45.093632629729
2.795000000000,623.7348354824192,0.001603245390690042,44.933619662892,45.092711107266
2.800000000000,630.957344480193,0.001584893192461114,44.934529793886,45.091800138156
2.805000000000,638.2634861905483,0.00156675107010815,44.935429511516,45.090899601486
2.810000000000,645.6542290346563,0.00154881661891248,44.936318934873,45.090009377733
2.815000000000,653.130552647473,0.001531087461682029,44.937198181686,45.089129348743
2.820000000000,660.6934480075964,0.001513561248436207,44.938067368341,45.088259397716
2.825000000000,668.3439175686149,0.001496235656094433,44.938926609891,45.087399409193
2.830000000000,676.0829753919819,0.001479108388168207,44.939776020076,45.086549269039
2.835000000000,683.9116472814293,0.001462177174456718,44.940615711337,45.085708864424
2.840000000000,691.8309709189363,0.001445439770745928,44.941445794829,45.084878083817
2.845000000000,699.841996002273,0.001428893958511104,44.942266380437,45.084056816961
2.850000000000,707.9457843841387,0.001412537544622753,44.943077576791,45.083244954867
2.855000000000,716.1434102129027,0.001396368361055936,44.943879491280,45.082442389793
2.860000000000,724.4359600749906,0.001380384264602884,44.944672230063,45.081649015233
2.865000000000,732.8245331389045,0.001364583136588924,44.945455898090,45.080864725901
2.870000000000,741.3102413009177,0.001348962882591653,44.946230599108,45.080089417721
2.875000000000,749.8942093324558,0.001333521432163324,44.946996435680,45.079322987808
2.880000000000,758.5775750291835,0.001318256738556408,44.947753509197,45.078565334456
2.885000000000,767.3614893618186,0.0013031667784523,44.948501919891,45.077816357126
2.890000000000,776.2471166286912,0.001288249551693135,44.949241766847,45.077075956430
2.895000000000,785.2356346100726,0.00127350308101666,44.949973148021,45.076344034123
2.900000000000,794.3282347242822,0.001258925411794166,44.950696160246,45.075620493082
2.905000000000,803.5261221856177,0.001244514611771384,44.951410899249,45.074905237300
2.910000000000,812.8305161640995,0.001230268770812381,44.952117459665,45.074198171870
2.915000000000,822.2426499470712,0.001216186000646368,44.952815935044,45.073499202971
2.920000000000,831.7637711026708,0.001202264434617413,44.953506417869,45.072808237860
2.925000000000,841.3951416451947,0.001188502227437019,44.954188999566,45.072125184856
2.930000000000,851.1380382023759,0.00117489755493953,44.954863770514,45.071449953328
2.935000000000,860.9937521846016,0.001161448613840341,44.955530820060,45.070782453687
2.940000000000,870.9635899560815,0.001148153621496882,44.956190236531,45.070122597366
2.945000000000,881.0488730080147,0.001135010815672314,44.956842107243,45.069470296817
2.950000000000,891.2509381337459,0.001122018454301963,44.957486518512,45.068825465494
2.955000000000,901.571137605957,0.001109174815262401,44.958123555672,45.068188017843
2.960000000000,912.0108393559096,0.001096478196143185,44.958753303076,45.067557869291
2.965000000000,922.5714271547629,0.001083926914021204,44.959375844117,45.066934936233
2.970000000000,933.2543007969905,0.001071519305237607,44.959991261233,45.066319136024
2.975000000000,944.0608762859246,0.001059253725177288,44.960599635919,45.065710386966
2.980000000000,954.9925860214369,0.001047128548050899,44.961201048739,45.065108608295
2.985000000000,966.0508789898141,0.001035142166679343,44.961795579336,45.064513720175
2.990000000000,977.2372209558112,0.001023292992280754,44.962383306442,45.063925643684
2.995000000000,988.553094656939,0.001011579454259898,44.962964307889,45.063344300804
3.000000000000,1000,0.001,44.963538660620,45.062769614414
