crop_id,crop_file_sha256,crop_pixel_sha256,landmark_id,pass_number,operator,segment_id,sequence_index,x_px,y_px,local_stroke_width_px,source_feature,operator_note,timestamp_utc
AOG_P07_SPHERICAL_PROJECTION,ef8b7d652edea5227166e54ca1bf6e81a4c02afd0d78c9d793e615a2db6906f6,afb1df2172f081fa426f2f86c56912079116f6441ba64df367861d00375fddc4,AOG-LM-P07-GC-Y0,2,Salah-Eddin Gherbi,S01,0,1095.84812732,434.857282429,2,printed curve labelled y=0 (x-axis),dashed back-hemisphere run near the upper left node; stopped at curve betwween upper interior crossing and UCLL nodes,2026-08-03T07:25:12Z
AOG_P07_SPHERICAL_PROJECTION,ef8b7d652edea5227166e54ca1bf6e81a4c02afd0d78c9d793e615a2db6906f6,afb1df2172f081fa426f2f86c56912079116f6441ba64df367861d00375fddc4,AOG-LM-P07-GC-Y0,2,Salah-Eddin Gherbi,S01,1,1099.22290449,441.087640291,2,printed curve labelled y=0 (x-axis),dashed back-hemisphere run near the upper left node; stopped at curve betwween upper interior crossing and UCLL nodes,2026-08-03T07:25:12Z
AOG_P07_SPHERICAL_PROJECTION,ef8b7d652edea5227166e54ca1bf6e81a4c02afd0d78c9d793e615a2db6906f6,afb1df2172f081fa426f2f86c56912079116f6441ba64df367861d00375fddc4,AOG-LM-P07-GC-Y0,2,Salah-Eddin Gherbi,S01,2,1101.55928869,444.72201571,2,printed curve labelled y=0 (x-axis),dashed back-hemisphere run near the upper left node; stopped at curve betwween upper interior crossing and UCLL nodes,2026-08-03T07:25:12Z
AOG_P07_SPHERICAL_PROJECTION,ef8b7d652edea5227166e54ca1bf6e81a4c02afd0d78c9d793e615a2db6906f6,afb1df2172f081fa426f2f86c56912079116f6441ba64df367861d00375fddc4,AOG-LM-P07-GC-Y0,2,Salah-Eddin Gherbi,S01,3,1103.63607464,448.356391129,2,printed curve labelled y=0 (x-axis),dashed back-hemisphere run near the upper left node; stopped at curve betwween upper interior crossing and UCLL nodes,2026-08-03T07:25:12Z
AOG_P07_SPHERICAL_PROJECTION,ef8b7d652edea5227166e54ca1bf6e81a4c02afd0d78c9d793e615a2db6906f6,afb1df2172f081fa426f2f86c56912079116f6441ba64df367861d00375fddc4,AOG-LM-P07-GC-Y0,2,Salah-Eddin Gherbi,S01,4,1116.61598685,469.9030454,2,printed curve labelled y=0 (x-axis),dashed back-hemisphere run near the upper left node; stopped at curve betwween upper interior crossing and UCLL nodes,2026-08-03T07:25:12Z
AOG_P07_SPHERICAL_PROJECTION,ef8b7d652edea5227166e54ca1bf6e81a4c02afd0d78c9d793e615a2db6906f6,afb1df2172f081fa426f2f86c56912079116f6441ba64df367861d00375fddc4,AOG-LM-P07-GC-Y0,2,Salah-Eddin Gherbi,S01,5,1119.47156754,474.575813797,2,printed curve labelled y=0 (x-axis),dashed back-hemisphere run near the upper left node; stopped at curve betwween upper interior crossing and UCLL nodes,2026-08-03T07:25:12Z
AOG_P07_SPHERICAL_PROJECTION,ef8b7d652edea5227166e54ca1bf6e81a4c02afd0d78c9d793e615a2db6906f6,afb1df2172f081fa426f2f86c56912079116f6441ba64df367861d00375fddc4,AOG-LM-P07-GC-Y0,2,Salah-Eddin Gherbi,S01,6,1122.06754998,478.729385704,2,printed curve labelled y=0 (x-axis),dashed back-hemisphere run near the upper left node; stopped at curve betwween upper interior crossing and UCLL nodes,2026-08-03T07:25:12Z
AOG_P07_SPHERICAL_PROJECTION,ef8b7d652edea5227166e54ca1bf6e81a4c02afd0d78c9d793e615a2db6906f6,afb1df2172f081fa426f2f86c56912079116f6441ba64df367861d00375fddc4,AOG-LM-P07-GC-Y0,2,Salah-Eddin Gherbi,S01,7,1133.48987273,499.497245243,2,printed curve labelled y=0 (x-axis),dashed back-hemisphere run near the upper left node; stopped at curve betwween upper interior crossing and UCLL nodes,2026-08-03T07:25:12Z
AOG_P07_SPHERICAL_PROJECTION,ef8b7d652edea5227166e54ca1bf6e81a4c02afd0d78c9d793e615a2db6906f6,afb1df2172f081fa426f2f86c56912079116f6441ba64df367861d00375fddc4,AOG-LM-P07-GC-Y0,2,Salah-Eddin Gherbi,S01,8,1135.82625693,502.872022418,2,printed curve labelled y=0 (x-axis),dashed back-hemisphere run near the upper left node; stopped at curve betwween upper interior crossing and UCLL nodes,2026-08-03T07:25:12Z
AOG_P07_SPHERICAL_PROJECTION,ef8b7d652edea5227166e54ca1bf6e81a4c02afd0d78c9d793e615a2db6906f6,afb1df2172f081fa426f2f86c56912079116f6441ba64df367861d00375fddc4,AOG-LM-P07-GC-Y0,2,Salah-Eddin Gherbi,S01,9,1138.94143586,507.544790814,2,printed curve labelled y=0 (x-axis),dashed back-hemisphere run near the upper left node; stopped at curve betwween upper interior crossing and UCLL nodes,2026-08-03T07:25:12Z
AOG_P07_SPHERICAL_PROJECTION,ef8b7d652edea5227166e54ca1bf6e81a4c02afd0d78c9d793e615a2db6906f6,afb1df2172f081fa426f2f86c56912079116f6441ba64df367861d00375fddc4,AOG-LM-P07-GC-Y0,2,Salah-Eddin Gherbi,S01,10,1141.01822181,512.736755698,2,printed curve labelled y=0 (x-axis),dashed back-hemisphere run near the upper left node; stopped at curve betwween upper interior crossing and UCLL nodes,2026-08-03T07:25:12Z
AOG_P07_SPHERICAL_PROJECTION,ef8b7d652edea5227166e54ca1bf6e81a4c02afd0d78c9d793e615a2db6906f6,afb1df2172f081fa426f2f86c56912079116f6441ba64df367861d00375fddc4,AOG-LM-P07-GC-Y0,2,Salah-Eddin Gherbi,S01,11,1150.10416036,526.755060887,2,printed curve labelled y=0 (x-axis),dashed back-hemisphere run near the upper left node; stopped at curve betwween upper interior crossing and UCLL nodes,2026-08-03T07:25:12Z
AOG_P07_SPHERICAL_PROJECTION,ef8b7d652edea5227166e54ca1bf6e81a4c02afd0d78c9d793e615a2db6906f6,afb1df2172f081fa426f2f86c56912079116f6441ba64df367861d00375fddc4,AOG-LM-P07-GC-Y0,2,Salah-Eddin Gherbi,S01,12,1152.95974105,531.427829283,2,printed curve labelled y=0 (x-axis),dashed back-hemisphere run near the upper left node; stopped at curve betwween upper interior crossing and UCLL nodes,2026-08-03T07:25:12Z
AOG_P07_SPHERICAL_PROJECTION,ef8b7d652edea5227166e54ca1bf6e81a4c02afd0d78c9d793e615a2db6906f6,afb1df2172f081fa426f2f86c56912079116f6441ba64df367861d00375fddc4,AOG-LM-P07-GC-Y0,2,Salah-Eddin Gherbi,S01,13,1154.77692876,535.581401191,2,printed curve labelled y=0 (x-axis),dashed back-hemisphere run near the upper left node; stopped at curve betwween upper interior crossing and UCLL nodes,2026-08-03T07:25:12Z
AOG_P07_SPHERICAL_PROJECTION,ef8b7d652edea5227166e54ca1bf6e81a4c02afd0d78c9d793e615a2db6906f6,afb1df2172f081fa426f2f86c56912079116f6441ba64df367861d00375fddc4,AOG-LM-P07-GC-Y0,2,Salah-Eddin Gherbi,S01,14,1157.3729112,538.696580121,2,printed curve labelled y=0 (x-axis),dashed back-hemisphere run near the upper left node; stopped at curve betwween upper interior crossing and UCLL nodes,2026-08-03T07:25:12Z
AOG_P07_SPHERICAL_PROJECTION,ef8b7d652edea5227166e54ca1bf6e81a4c02afd0d78c9d793e615a2db6906f6,afb1df2172f081fa426f2f86c56912079116f6441ba64df367861d00375fddc4,AOG-LM-P07-GC-Y0,2,Salah-Eddin Gherbi,S01,15,1166.71844799,555.051269508,2,printed curve labelled y=0 (x-axis),dashed back-hemisphere run near the upper left node; stopped at curve betwween upper interior crossing and UCLL nodes,2026-08-03T07:25:12Z
AOG_P07_SPHERICAL_PROJECTION,ef8b7d652edea5227166e54ca1bf6e81a4c02afd0d78c9d793e615a2db6906f6,afb1df2172f081fa426f2f86c56912079116f6441ba64df367861d00375fddc4,AOG-LM-P07-GC-Y0,2,Salah-Eddin Gherbi,S01,16,1169.05483219,558.945243171,2,printed curve labelled y=0 (x-axis),dashed back-hemisphere run near the upper left node; stopped at curve betwween upper interior crossing and UCLL nodes,2026-08-03T07:25:12Z
AOG_P07_SPHERICAL_PROJECTION,ef8b7d652edea5227166e54ca1bf6e81a4c02afd0d78c9d793e615a2db6906f6,afb1df2172f081fa426f2f86c56912079116f6441ba64df367861d00375fddc4,AOG-LM-P07-GC-Y0,2,Salah-Eddin Gherbi,S01,17,1171.13161814,562.579618591,2,printed curve labelled y=0 (x-axis),dashed back-hemisphere run near the upper left node; stopped at curve betwween upper interior crossing and UCLL nodes,2026-08-03T07:25:12Z
AOG_P07_SPHERICAL_PROJECTION,ef8b7d652edea5227166e54ca1bf6e81a4c02afd0d78c9d793e615a2db6906f6,afb1df2172f081fa426f2f86c56912079116f6441ba64df367861d00375fddc4,AOG-LM-P07-GC-Y0,2,Salah-Eddin Gherbi,S01,18,1172.68920761,564.656404544,2,printed curve labelled y=0 (x-axis),dashed back-hemisphere run near the upper left node; stopped at curve betwween upper interior crossing and UCLL nodes,2026-08-03T07:25:12Z
AOG_P07_SPHERICAL_PROJECTION,ef8b7d652edea5227166e54ca1bf6e81a4c02afd0d78c9d793e615a2db6906f6,afb1df2172f081fa426f2f86c56912079116f6441ba64df367861d00375fddc4,AOG-LM-P07-GC-Y0,2,Salah-Eddin Gherbi,S02,0,1181.98648967,581.6871183,2,printed curve labelled y=0 (x-axis),dashed back-hemisphere run near the curve betwween upper interior crossing and UCLL nodes; stopped near exterior spiral occlusion,2026-08-03T07:27:09Z
AOG_P07_SPHERICAL_PROJECTION,ef8b7d652edea5227166e54ca1bf6e81a4c02afd0d78c9d793e615a2db6906f6,afb1df2172f081fa426f2f86c56912079116f6441ba64df367861d00375fddc4,AOG-LM-P07-GC-Y0,2,Salah-Eddin Gherbi,S02,1,1183.36083331,585.07716596,2,printed curve labelled y=0 (x-axis),dashed back-hemisphere run near the curve betwween upper interior crossing and UCLL nodes; stopped near exterior spiral occlusion,2026-08-03T07:27:09Z
AOG_P07_SPHERICAL_PROJECTION,ef8b7d652edea5227166e54ca1bf6e81a4c02afd0d78c9d793e615a2db6906f6,afb1df2172f081fa426f2f86c56912079116f6441ba64df367861d00375fddc4,AOG-LM-P07-GC-Y0,2,Salah-Eddin Gherbi,S02,2,1185.01004569,587.001247064,2,printed curve labelled y=0 (x-axis),dashed back-hemisphere run near the curve betwween upper interior crossing and UCLL nodes; stopped near exterior spiral occlusion,2026-08-03T07:27:09Z
AOG_P07_SPHERICAL_PROJECTION,ef8b7d652edea5227166e54ca1bf6e81a4c02afd0d78c9d793e615a2db6906f6,afb1df2172f081fa426f2f86c56912079116f6441ba64df367861d00375fddc4,AOG-LM-P07-GC-Y0,2,Salah-Eddin Gherbi,S02,3,1187.57548716,589.841557266,2,printed curve labelled y=0 (x-axis),dashed back-hemisphere run near the curve betwween upper interior crossing and UCLL nodes; stopped near exterior spiral occlusion,2026-08-03T07:27:09Z
AOG_P07_SPHERICAL_PROJECTION,ef8b7d652edea5227166e54ca1bf6e81a4c02afd0d78c9d793e615a2db6906f6,afb1df2172f081fa426f2f86c56912079116f6441ba64df367861d00375fddc4,AOG-LM-P07-GC-Y0,2,Salah-Eddin Gherbi,S02,4,1194.35558248,602.760387537,2,printed curve labelled y=0 (x-axis),dashed back-hemisphere run near the curve betwween upper interior crossing and UCLL nodes; stopped near exterior spiral occlusion,2026-08-03T07:27:09Z
AOG_P07_SPHERICAL_PROJECTION,ef8b7d652edea5227166e54ca1bf6e81a4c02afd0d78c9d793e615a2db6906f6,afb1df2172f081fa426f2f86c56912079116f6441ba64df367861d00375fddc4,AOG-LM-P07-GC-Y0,2,Salah-Eddin Gherbi,S02,5,1196.27966359,605.783943558,2,printed curve labelled y=0 (x-axis),dashed back-hemisphere run near the curve betwween upper interior crossing and UCLL nodes; stopped near exterior spiral occlusion,2026-08-03T07:27:09Z
AOG_P07_SPHERICAL_PROJECTION,ef8b7d652edea5227166e54ca1bf6e81a4c02afd0d78c9d793e615a2db6906f6,afb1df2172f081fa426f2f86c56912079116f6441ba64df367861d00375fddc4,AOG-LM-P07-GC-Y0,2,Salah-Eddin Gherbi,S02,6,1197.83725305,607.708024663,2,printed curve labelled y=0 (x-axis),dashed back-hemisphere run near the curve betwween upper interior crossing and UCLL nodes; stopped near exterior spiral occlusion,2026-08-03T07:27:09Z
AOG_P07_SPHERICAL_PROJECTION,ef8b7d652edea5227166e54ca1bf6e81a4c02afd0d78c9d793e615a2db6906f6,afb1df2172f081fa426f2f86c56912079116f6441ba64df367861d00375fddc4,AOG-LM-P07-GC-Y0,2,Salah-Eddin Gherbi,S03,0,1210.58658094,631.763554167,2,printed curve labelled y=0 (x-axis),dashed back-hemisphere run near exterior spiral; stopped near interior spiral occlusion,2026-08-03T07:29:04Z
AOG_P07_SPHERICAL_PROJECTION,ef8b7d652edea5227166e54ca1bf6e81a4c02afd0d78c9d793e615a2db6906f6,afb1df2172f081fa426f2f86c56912079116f6441ba64df367861d00375fddc4,AOG-LM-P07-GC-Y0,2,Salah-Eddin Gherbi,S03,1,1212.89024267,635.95203004,2,printed curve labelled y=0 (x-axis),dashed back-hemisphere run near exterior spiral; stopped near interior spiral occlusion,2026-08-03T07:29:04Z
AOG_P07_SPHERICAL_PROJECTION,ef8b7d652edea5227166e54ca1bf6e81a4c02afd0d78c9d793e615a2db6906f6,afb1df2172f081fa426f2f86c56912079116f6441ba64df367861d00375fddc4,AOG-LM-P07-GC-Y0,2,Salah-Eddin Gherbi,S03,2,1215.1939044,638.779251255,2,printed curve labelled y=0 (x-axis),dashed back-hemisphere run near exterior spiral; stopped near interior spiral occlusion,2026-08-03T07:29:04Z
AOG_P07_SPHERICAL_PROJECTION,ef8b7d652edea5227166e54ca1bf6e81a4c02afd0d78c9d793e615a2db6906f6,afb1df2172f081fa426f2f86c56912079116f6441ba64df367861d00375fddc4,AOG-LM-P07-GC-Y0,2,Salah-Eddin Gherbi,S03,3,1219.80122786,645.690236446,2,printed curve labelled y=0 (x-axis),dashed back-hemisphere run near exterior spiral; stopped near interior spiral occlusion,2026-08-03T07:29:04Z
AOG_P07_SPHERICAL_PROJECTION,ef8b7d652edea5227166e54ca1bf6e81a4c02afd0d78c9d793e615a2db6906f6,afb1df2172f081fa426f2f86c56912079116f6441ba64df367861d00375fddc4,AOG-LM-P07-GC-Y0,2,Salah-Eddin Gherbi,S03,4,1222.41902528,648.936305247,2,printed curve labelled y=0 (x-axis),dashed back-hemisphere run near exterior spiral; stopped near interior spiral occlusion,2026-08-03T07:29:04Z
AOG_P07_SPHERICAL_PROJECTION,ef8b7d652edea5227166e54ca1bf6e81a4c02afd0d78c9d793e615a2db6906f6,afb1df2172f081fa426f2f86c56912079116f6441ba64df367861d00375fddc4,AOG-LM-P07-GC-Y0,2,Salah-Eddin Gherbi,S03,5,1224.61797511,652.705933533,2,printed curve labelled y=0 (x-axis),dashed back-hemisphere run near exterior spiral; stopped near interior spiral occlusion,2026-08-03T07:29:04Z
AOG_P07_SPHERICAL_PROJECTION,ef8b7d652edea5227166e54ca1bf6e81a4c02afd0d78c9d793e615a2db6906f6,afb1df2172f081fa426f2f86c56912079116f6441ba64df367861d00375fddc4,AOG-LM-P07-GC-Y0,2,Salah-Eddin Gherbi,S03,6,1229.53943427,662.130004248,2,printed curve labelled y=0 (x-axis),dashed back-hemisphere run near exterior spiral; stopped near interior spiral occlusion,2026-08-03T07:29:04Z
AOG_P07_SPHERICAL_PROJECTION,ef8b7d652edea5227166e54ca1bf6e81a4c02afd0d78c9d793e615a2db6906f6,afb1df2172f081fa426f2f86c56912079116f6441ba64df367861d00375fddc4,AOG-LM-P07-GC-Y0,2,Salah-Eddin Gherbi,S03,7,1231.21482462,665.06193736,2,printed curve labelled y=0 (x-axis),dashed back-hemisphere run near exterior spiral; stopped near interior spiral occlusion,2026-08-03T07:29:04Z
AOG_P07_SPHERICAL_PROJECTION,ef8b7d652edea5227166e54ca1bf6e81a4c02afd0d78c9d793e615a2db6906f6,afb1df2172f081fa426f2f86c56912079116f6441ba64df367861d00375fddc4,AOG-LM-P07-GC-Y0,2,Salah-Eddin Gherbi,S04,0,1257.52305606,709.17738672,2,printed curve labelled y=0 (x-axis),solid front-side run near central node; stopped near interior spiral occlusion,2026-08-03T07:31:20Z
AOG_P07_SPHERICAL_PROJECTION,ef8b7d652edea5227166e54ca1bf6e81a4c02afd0d78c9d793e615a2db6906f6,afb1df2172f081fa426f2f86c56912079116f6441ba64df367861d00375fddc4,AOG-LM-P07-GC-Y0,2,Salah-Eddin Gherbi,S04,1,1259.54748607,713.296054662,2,printed curve labelled y=0 (x-axis),solid front-side run near central node; stopped near interior spiral occlusion,2026-08-03T07:31:20Z
AOG_P07_SPHERICAL_PROJECTION,ef8b7d652edea5227166e54ca1bf6e81a4c02afd0d78c9d793e615a2db6906f6,afb1df2172f081fa426f2f86c56912079116f6441ba64df367861d00375fddc4,AOG-LM-P07-GC-Y0,2,Salah-Eddin Gherbi,S04,2,1261.641724,716.646835361,2,printed curve labelled y=0 (x-axis),solid front-side run near central node; stopped near interior spiral occlusion,2026-08-03T07:31:20Z
AOG_P07_SPHERICAL_PROJECTION,ef8b7d652edea5227166e54ca1bf6e81a4c02afd0d78c9d793e615a2db6906f6,afb1df2172f081fa426f2f86c56912079116f6441ba64df367861d00375fddc4,AOG-LM-P07-GC-Y0,2,Salah-Eddin Gherbi,S04,3,1264.15480953,720.346655715,2,printed curve labelled y=0 (x-axis),solid front-side run near central node; stopped near interior spiral occlusion,2026-08-03T07:31:20Z
AOG_P07_SPHERICAL_PROJECTION,ef8b7d652edea5227166e54ca1bf6e81a4c02afd0d78c9d793e615a2db6906f6,afb1df2172f081fa426f2f86c56912079116f6441ba64df367861d00375fddc4,AOG-LM-P07-GC-Y0,2,Salah-Eddin Gherbi,S04,4,1266.52827919,724.255899864,2,printed curve labelled y=0 (x-axis),solid front-side run near central node; stopped near interior spiral occlusion,2026-08-03T07:31:20Z
AOG_P07_SPHERICAL_PROJECTION,ef8b7d652edea5227166e54ca1bf6e81a4c02afd0d78c9d793e615a2db6906f6,afb1df2172f081fa426f2f86c56912079116f6441ba64df367861d00375fddc4,AOG-LM-P07-GC-Y0,2,Salah-Eddin Gherbi,S04,5,1268.55270919,728.374567806,2,printed curve labelled y=0 (x-axis),solid front-side run near central node; stopped near interior spiral occlusion,2026-08-03T07:31:20Z
AOG_P07_SPHERICAL_PROJECTION,ef8b7d652edea5227166e54ca1bf6e81a4c02afd0d78c9d793e615a2db6906f6,afb1df2172f081fa426f2f86c56912079116f6441ba64df367861d00375fddc4,AOG-LM-P07-GC-Y0,2,Salah-Eddin Gherbi,S04,6,1269.66963609,730.049958155,2,printed curve labelled y=0 (x-axis),solid front-side run near central node; stopped near interior spiral occlusion,2026-08-03T07:31:20Z
AOG_P07_SPHERICAL_PROJECTION,ef8b7d652edea5227166e54ca1bf6e81a4c02afd0d78c9d793e615a2db6906f6,afb1df2172f081fa426f2f86c56912079116f6441ba64df367861d00375fddc4,AOG-LM-P07-GC-Y0,2,Salah-Eddin Gherbi,S04,7,1271.41483437,733.330930922,2,printed curve labelled y=0 (x-axis),solid front-side run near central node; stopped near interior spiral occlusion,2026-08-03T07:31:20Z
AOG_P07_SPHERICAL_PROJECTION,ef8b7d652edea5227166e54ca1bf6e81a4c02afd0d78c9d793e615a2db6906f6,afb1df2172f081fa426f2f86c56912079116f6441ba64df367861d00375fddc4,AOG-LM-P07-GC-Y0,2,Salah-Eddin Gherbi,S05,0,1280.38635336,749.12107048,2,printed curve labelled y=0 (x-axis),solid front-side run started near interior spiral; stopped near curve between UCLL and UCLR nodes,2026-08-03T07:33:46Z
AOG_P07_SPHERICAL_PROJECTION,ef8b7d652edea5227166e54ca1bf6e81a4c02afd0d78c9d793e615a2db6906f6,afb1df2172f081fa426f2f86c56912079116f6441ba64df367861d00375fddc4,AOG-LM-P07-GC-Y0,2,Salah-Eddin Gherbi,S05,1,1282.79690848,753.091396568,2,printed curve labelled y=0 (x-axis),solid front-side run started near interior spiral; stopped near curve between UCLL and UCLR nodes,2026-08-03T07:33:46Z
AOG_P07_SPHERICAL_PROJECTION,ef8b7d652edea5227166e54ca1bf6e81a4c02afd0d78c9d793e615a2db6906f6,afb1df2172f081fa426f2f86c56912079116f6441ba64df367861d00375fddc4,AOG-LM-P07-GC-Y0,2,Salah-Eddin Gherbi,S05,2,1285.34926097,756.778127936,2,printed curve labelled y=0 (x-axis),solid front-side run started near interior spiral; stopped near curve between UCLL and UCLR nodes,2026-08-03T07:33:46Z
AOG_P07_SPHERICAL_PROJECTION,ef8b7d652edea5227166e54ca1bf6e81a4c02afd0d78c9d793e615a2db6906f6,afb1df2172f081fa426f2f86c56912079116f6441ba64df367861d00375fddc4,AOG-LM-P07-GC-Y0,2,Salah-Eddin Gherbi,S05,3,1287.05082929,760.323061943,2,printed curve labelled y=0 (x-axis),solid front-side run started near interior spiral; stopped near curve between UCLL and UCLR nodes,2026-08-03T07:33:46Z
AOG_P07_SPHERICAL_PROJECTION,ef8b7d652edea5227166e54ca1bf6e81a4c02afd0d78c9d793e615a2db6906f6,afb1df2172f081fa426f2f86c56912079116f6441ba64df367861d00375fddc4,AOG-LM-P07-GC-Y0,2,Salah-Eddin Gherbi,S05,4,1289.46138442,764.151590671,2,printed curve labelled y=0 (x-axis),solid front-side run started near interior spiral; stopped near curve between UCLL and UCLR nodes,2026-08-03T07:33:46Z
AOG_P07_SPHERICAL_PROJECTION,ef8b7d652edea5227166e54ca1bf6e81a4c02afd0d78c9d793e615a2db6906f6,afb1df2172f081fa426f2f86c56912079116f6441ba64df367861d00375fddc4,AOG-LM-P07-GC-Y0,2,Salah-Eddin Gherbi,S05,5,1292.29733162,768.12191676,2,printed curve labelled y=0 (x-axis),solid front-side run started near interior spiral; stopped near curve between UCLL and UCLR nodes,2026-08-03T07:33:46Z
AOG_P07_SPHERICAL_PROJECTION,ef8b7d652edea5227166e54ca1bf6e81a4c02afd0d78c9d793e615a2db6906f6,afb1df2172f081fa426f2f86c56912079116f6441ba64df367861d00375fddc4,AOG-LM-P07-GC-Y0,2,Salah-Eddin Gherbi,S05,6,1294.42429203,772.659432289,2,printed curve labelled y=0 (x-axis),solid front-side run started near interior spiral; stopped near curve between UCLL and UCLR nodes,2026-08-03T07:33:46Z
AOG_P07_SPHERICAL_PROJECTION,ef8b7d652edea5227166e54ca1bf6e81a4c02afd0d78c9d793e615a2db6906f6,afb1df2172f081fa426f2f86c56912079116f6441ba64df367861d00375fddc4,AOG-LM-P07-GC-Y0,2,Salah-Eddin Gherbi,S05,7,1296.83484715,777.196947818,2,printed curve labelled y=0 (x-axis),solid front-side run started near interior spiral; stopped near curve between UCLL and UCLR nodes,2026-08-03T07:33:46Z
AOG_P07_SPHERICAL_PROJECTION,ef8b7d652edea5227166e54ca1bf6e81a4c02afd0d78c9d793e615a2db6906f6,afb1df2172f081fa426f2f86c56912079116f6441ba64df367861d00375fddc4,AOG-LM-P07-GC-Y0,2,Salah-Eddin Gherbi,S05,8,1299.24540228,780.174692385,2,printed curve labelled y=0 (x-axis),solid front-side run started near interior spiral; stopped near curve between UCLL and UCLR nodes,2026-08-03T07:33:46Z
AOG_P07_SPHERICAL_PROJECTION,ef8b7d652edea5227166e54ca1bf6e81a4c02afd0d78c9d793e615a2db6906f6,afb1df2172f081fa426f2f86c56912079116f6441ba64df367861d00375fddc4,AOG-LM-P07-GC-Y0,2,Salah-Eddin Gherbi,S05,9,1301.51416004,784.286815833,2,printed curve labelled y=0 (x-axis),solid front-side run started near interior spiral; stopped near curve between UCLL and UCLR nodes,2026-08-03T07:33:46Z
AOG_P07_SPHERICAL_PROJECTION,ef8b7d652edea5227166e54ca1bf6e81a4c02afd0d78c9d793e615a2db6906f6,afb1df2172f081fa426f2f86c56912079116f6441ba64df367861d00375fddc4,AOG-LM-P07-GC-Y0,2,Salah-Eddin Gherbi,S05,10,1304.35010725,787.973547201,2,printed curve labelled y=0 (x-axis),solid front-side run started near interior spiral; stopped near curve between UCLL and UCLR nodes,2026-08-03T07:33:46Z
AOG_P07_SPHERICAL_PROJECTION,ef8b7d652edea5227166e54ca1bf6e81a4c02afd0d78c9d793e615a2db6906f6,afb1df2172f081fa426f2f86c56912079116f6441ba64df367861d00375fddc4,AOG-LM-P07-GC-Y0,2,Salah-Eddin Gherbi,S05,11,1306.47706765,791.802075929,2,printed curve labelled y=0 (x-axis),solid front-side run started near interior spiral; stopped near curve between UCLL and UCLR nodes,2026-08-03T07:33:46Z
AOG_P07_SPHERICAL_PROJECTION,ef8b7d652edea5227166e54ca1bf6e81a4c02afd0d78c9d793e615a2db6906f6,afb1df2172f081fa426f2f86c56912079116f6441ba64df367861d00375fddc4,AOG-LM-P07-GC-Y0,2,Salah-Eddin Gherbi,S05,12,1308.4622307,796.481388818,2,printed curve labelled y=0 (x-axis),solid front-side run started near interior spiral; stopped near curve between UCLL and UCLR nodes,2026-08-03T07:33:46Z
AOG_P07_SPHERICAL_PROJECTION,ef8b7d652edea5227166e54ca1bf6e81a4c02afd0d78c9d793e615a2db6906f6,afb1df2172f081fa426f2f86c56912079116f6441ba64df367861d00375fddc4,AOG-LM-P07-GC-Y0,2,Salah-Eddin Gherbi,S05,13,1311.15638054,801.160701708,2,printed curve labelled y=0 (x-axis),solid front-side run started near interior spiral; stopped near curve between UCLL and UCLR nodes,2026-08-03T07:33:46Z
AOG_P07_SPHERICAL_PROJECTION,ef8b7d652edea5227166e54ca1bf6e81a4c02afd0d78c9d793e615a2db6906f6,afb1df2172f081fa426f2f86c56912079116f6441ba64df367861d00375fddc4,AOG-LM-P07-GC-Y0,2,Salah-Eddin Gherbi,S05,14,1313.42513831,804.989230436,2,printed curve labelled y=0 (x-axis),solid front-side run started near interior spiral; stopped near curve between UCLL and UCLR nodes,2026-08-03T07:33:46Z
AOG_P07_SPHERICAL_PROJECTION,ef8b7d652edea5227166e54ca1bf6e81a4c02afd0d78c9d793e615a2db6906f6,afb1df2172f081fa426f2f86c56912079116f6441ba64df367861d00375fddc4,AOG-LM-P07-GC-Y0,2,Salah-Eddin Gherbi,S05,15,1315.55209871,808.534164443,2,printed curve labelled y=0 (x-axis),solid front-side run started near interior spiral; stopped near curve between UCLL and UCLR nodes,2026-08-03T07:33:46Z
AOG_P07_SPHERICAL_PROJECTION,ef8b7d652edea5227166e54ca1bf6e81a4c02afd0d78c9d793e615a2db6906f6,afb1df2172f081fa426f2f86c56912079116f6441ba64df367861d00375fddc4,AOG-LM-P07-GC-Y0,2,Salah-Eddin Gherbi,S05,16,1317.96265384,812.220895811,2,printed curve labelled y=0 (x-axis),solid front-side run started near interior spiral; stopped near curve between UCLL and UCLR nodes,2026-08-03T07:33:46Z
AOG_P07_SPHERICAL_PROJECTION,ef8b7d652edea5227166e54ca1bf6e81a4c02afd0d78c9d793e615a2db6906f6,afb1df2172f081fa426f2f86c56912079116f6441ba64df367861d00375fddc4,AOG-LM-P07-GC-Y0,2,Salah-Eddin Gherbi,S05,17,1320.37320896,815.907627179,2,printed curve labelled y=0 (x-axis),solid front-side run started near interior spiral; stopped near curve between UCLL and UCLR nodes,2026-08-03T07:33:46Z
AOG_P07_SPHERICAL_PROJECTION,ef8b7d652edea5227166e54ca1bf6e81a4c02afd0d78c9d793e615a2db6906f6,afb1df2172f081fa426f2f86c56912079116f6441ba64df367861d00375fddc4,AOG-LM-P07-GC-Y0,2,Salah-Eddin Gherbi,S05,18,1322.35837201,820.161547987,2,printed curve labelled y=0 (x-axis),solid front-side run started near interior spiral; stopped near curve between UCLL and UCLR nodes,2026-08-03T07:33:46Z
AOG_P07_SPHERICAL_PROJECTION,ef8b7d652edea5227166e54ca1bf6e81a4c02afd0d78c9d793e615a2db6906f6,afb1df2172f081fa426f2f86c56912079116f6441ba64df367861d00375fddc4,AOG-LM-P07-GC-Y0,2,Salah-Eddin Gherbi,S05,19,1325.05252185,823.848279355,2,printed curve labelled y=0 (x-axis),solid front-side run started near interior spiral; stopped near curve between UCLL and UCLR nodes,2026-08-03T07:33:46Z
AOG_P07_SPHERICAL_PROJECTION,ef8b7d652edea5227166e54ca1bf6e81a4c02afd0d78c9d793e615a2db6906f6,afb1df2172f081fa426f2f86c56912079116f6441ba64df367861d00375fddc4,AOG-LM-P07-GC-Y0,2,Salah-Eddin Gherbi,S05,20,1327.17948226,826.40063184,2,printed curve labelled y=0 (x-axis),solid front-side run started near interior spiral; stopped near curve between UCLL and UCLR nodes,2026-08-03T07:33:46Z
AOG_P07_SPHERICAL_PROJECTION,ef8b7d652edea5227166e54ca1bf6e81a4c02afd0d78c9d793e615a2db6906f6,afb1df2172f081fa426f2f86c56912079116f6441ba64df367861d00375fddc4,AOG-LM-P07-GC-Y0,2,Salah-Eddin Gherbi,S06,0,1329.48002444,833.209893786,2,printed curve labelled y=0 (x-axis),solid front-side run started near curve between UCLL and UCLR nodes; stopped near bottom end spiral occlusion,2026-08-03T07:36:40Z
AOG_P07_SPHERICAL_PROJECTION,ef8b7d652edea5227166e54ca1bf6e81a4c02afd0d78c9d793e615a2db6906f6,afb1df2172f081fa426f2f86c56912079116f6441ba64df367861d00375fddc4,AOG-LM-P07-GC-Y0,2,Salah-Eddin Gherbi,S06,1,1331.94511702,835.674986358,2,printed curve labelled y=0 (x-axis),solid front-side run started near curve between UCLL and UCLR nodes; stopped near bottom end spiral occlusion,2026-08-03T07:36:40Z
AOG_P07_SPHERICAL_PROJECTION,ef8b7d652edea5227166e54ca1bf6e81a4c02afd0d78c9d793e615a2db6906f6,afb1df2172f081fa426f2f86c56912079116f6441ba64df367861d00375fddc4,AOG-LM-P07-GC-Y0,2,Salah-Eddin Gherbi,S06,2,1334.41020959,839.372625215,2,printed curve labelled y=0 (x-axis),solid front-side run started near curve between UCLL and UCLR nodes; stopped near bottom end spiral occlusion,2026-08-03T07:36:40Z
AOG_P07_SPHERICAL_PROJECTION,ef8b7d652edea5227166e54ca1bf6e81a4c02afd0d78c9d793e615a2db6906f6,afb1df2172f081fa426f2f86c56912079116f6441ba64df367861d00375fddc4,AOG-LM-P07-GC-Y0,2,Salah-Eddin Gherbi,S06,3,1336.6287929,843.316773329,2,printed curve labelled y=0 (x-axis),solid front-side run started near curve between UCLL and UCLR nodes; stopped near bottom end spiral occlusion,2026-08-03T07:36:40Z
AOG_P07_SPHERICAL_PROJECTION,ef8b7d652edea5227166e54ca1bf6e81a4c02afd0d78c9d793e615a2db6906f6,afb1df2172f081fa426f2f86c56912079116f6441ba64df367861d00375fddc4,AOG-LM-P07-GC-Y0,2,Salah-Eddin Gherbi,S06,4,1338.84737621,847.014412186,2,printed curve labelled y=0 (x-axis),solid front-side run started near curve between UCLL and UCLR nodes; stopped near bottom end spiral occlusion,2026-08-03T07:36:40Z
AOG_P07_SPHERICAL_PROJECTION,ef8b7d652edea5227166e54ca1bf6e81a4c02afd0d78c9d793e615a2db6906f6,afb1df2172f081fa426f2f86c56912079116f6441ba64df367861d00375fddc4,AOG-LM-P07-GC-Y0,2,Salah-Eddin Gherbi,S06,5,1341.06595953,850.465541785,2,printed curve labelled y=0 (x-axis),solid front-side run started near curve between UCLL and UCLR nodes; stopped near bottom end spiral occlusion,2026-08-03T07:36:40Z
AOG_P07_SPHERICAL_PROJECTION,ef8b7d652edea5227166e54ca1bf6e81a4c02afd0d78c9d793e615a2db6906f6,afb1df2172f081fa426f2f86c56912079116f6441ba64df367861d00375fddc4,AOG-LM-P07-GC-Y0,2,Salah-Eddin Gherbi,S06,6,1343.28454284,854.902708414,2,printed curve labelled y=0 (x-axis),solid front-side run started near curve between UCLL and UCLR nodes; stopped near bottom end spiral occlusion,2026-08-03T07:36:40Z
AOG_P07_SPHERICAL_PROJECTION,ef8b7d652edea5227166e54ca1bf6e81a4c02afd0d78c9d793e615a2db6906f6,afb1df2172f081fa426f2f86c56912079116f6441ba64df367861d00375fddc4,AOG-LM-P07-GC-Y0,2,Salah-Eddin Gherbi,S06,7,1345.99614467,859.093365785,2,printed curve labelled y=0 (x-axis),solid front-side run started near curve between UCLL and UCLR nodes; stopped near bottom end spiral occlusion,2026-08-03T07:36:40Z
AOG_P07_SPHERICAL_PROJECTION,ef8b7d652edea5227166e54ca1bf6e81a4c02afd0d78c9d793e615a2db6906f6,afb1df2172f081fa426f2f86c56912079116f6441ba64df367861d00375fddc4,AOG-LM-P07-GC-Y0,2,Salah-Eddin Gherbi,S06,8,1348.21472799,863.037513899,2,printed curve labelled y=0 (x-axis),solid front-side run started near curve between UCLL and UCLR nodes; stopped near bottom end spiral occlusion,2026-08-03T07:36:40Z
AOG_P07_SPHERICAL_PROJECTION,ef8b7d652edea5227166e54ca1bf6e81a4c02afd0d78c9d793e615a2db6906f6,afb1df2172f081fa426f2f86c56912079116f6441ba64df367861d00375fddc4,AOG-LM-P07-GC-Y0,2,Salah-Eddin Gherbi,S06,9,1350.4333113,867.474680527,2,printed curve labelled y=0 (x-axis),solid front-side run started near curve between UCLL and UCLR nodes; stopped near bottom end spiral occlusion,2026-08-03T07:36:40Z
AOG_P07_SPHERICAL_PROJECTION,ef8b7d652edea5227166e54ca1bf6e81a4c02afd0d78c9d793e615a2db6906f6,afb1df2172f081fa426f2f86c56912079116f6441ba64df367861d00375fddc4,AOG-LM-P07-GC-Y0,2,Salah-Eddin Gherbi,S06,10,1352.40538536,871.418828641,2,printed curve labelled y=0 (x-axis),solid front-side run started near curve between UCLL and UCLR nodes; stopped near bottom end spiral occlusion,2026-08-03T07:36:40Z
AOG_P07_SPHERICAL_PROJECTION,ef8b7d652edea5227166e54ca1bf6e81a4c02afd0d78c9d793e615a2db6906f6,afb1df2172f081fa426f2f86c56912079116f6441ba64df367861d00375fddc4,AOG-LM-P07-GC-Y0,2,Salah-Eddin Gherbi,S06,11,1355.11698719,874.869958241,2,printed curve labelled y=0 (x-axis),solid front-side run started near curve between UCLL and UCLR nodes; stopped near bottom end spiral occlusion,2026-08-03T07:36:40Z
AOG_P07_SPHERICAL_PROJECTION,ef8b7d652edea5227166e54ca1bf6e81a4c02afd0d78c9d793e615a2db6906f6,afb1df2172f081fa426f2f86c56912079116f6441ba64df367861d00375fddc4,AOG-LM-P07-GC-Y0,2,Salah-Eddin Gherbi,S06,12,1357.58207976,879.800143383,2,printed curve labelled y=0 (x-axis),solid front-side run started near curve between UCLL and UCLR nodes; stopped near bottom end spiral occlusion,2026-08-03T07:36:40Z
AOG_P07_SPHERICAL_PROJECTION,ef8b7d652edea5227166e54ca1bf6e81a4c02afd0d78c9d793e615a2db6906f6,afb1df2172f081fa426f2f86c56912079116f6441ba64df367861d00375fddc4,AOG-LM-P07-GC-Y0,2,Salah-Eddin Gherbi,S06,13,1359.55415381,883.49778224,2,printed curve labelled y=0 (x-axis),solid front-side run started near curve between UCLL and UCLR nodes; stopped near bottom end spiral occlusion,2026-08-03T07:36:40Z
AOG_P07_SPHERICAL_PROJECTION,ef8b7d652edea5227166e54ca1bf6e81a4c02afd0d78c9d793e615a2db6906f6,afb1df2172f081fa426f2f86c56912079116f6441ba64df367861d00375fddc4,AOG-LM-P07-GC-Y0,2,Salah-Eddin Gherbi,S06,14,1362.01924638,886.94891184,2,printed curve labelled y=0 (x-axis),solid front-side run started near curve between UCLL and UCLR nodes; stopped near bottom end spiral occlusion,2026-08-03T07:36:40Z
AOG_P07_SPHERICAL_PROJECTION,ef8b7d652edea5227166e54ca1bf6e81a4c02afd0d78c9d793e615a2db6906f6,afb1df2172f081fa426f2f86c56912079116f6441ba64df367861d00375fddc4,AOG-LM-P07-GC-Y0,2,Salah-Eddin Gherbi,S06,15,1363.99132044,891.879096982,2,printed curve labelled y=0 (x-axis),solid front-side run started near curve between UCLL and UCLR nodes; stopped near bottom end spiral occlusion,2026-08-03T07:36:40Z
AOG_P07_SPHERICAL_PROJECTION,ef8b7d652edea5227166e54ca1bf6e81a4c02afd0d78c9d793e615a2db6906f6,afb1df2172f081fa426f2f86c56912079116f6441ba64df367861d00375fddc4,AOG-LM-P07-GC-Y0,2,Salah-Eddin Gherbi,S06,16,1366.70292227,896.316263611,2,printed curve labelled y=0 (x-axis),solid front-side run started near curve between UCLL and UCLR nodes; stopped near bottom end spiral occlusion,2026-08-03T07:36:40Z
AOG_P07_SPHERICAL_PROJECTION,ef8b7d652edea5227166e54ca1bf6e81a4c02afd0d78c9d793e615a2db6906f6,afb1df2172f081fa426f2f86c56912079116f6441ba64df367861d00375fddc4,AOG-LM-P07-GC-Y0,2,Salah-Eddin Gherbi,S06,17,1369.16801484,899.027865439,2,printed curve labelled y=0 (x-axis),solid front-side run started near curve between UCLL and UCLR nodes; stopped near bottom end spiral occlusion,2026-08-03T07:36:40Z
AOG_P07_SPHERICAL_PROJECTION,ef8b7d652edea5227166e54ca1bf6e81a4c02afd0d78c9d793e615a2db6906f6,afb1df2172f081fa426f2f86c56912079116f6441ba64df367861d00375fddc4,AOG-LM-P07-GC-Y0,2,Salah-Eddin Gherbi,S06,18,1371.63310741,903.465032067,2,printed curve labelled y=0 (x-axis),solid front-side run started near curve between UCLL and UCLR nodes; stopped near bottom end spiral occlusion,2026-08-03T07:36:40Z
AOG_P07_SPHERICAL_PROJECTION,ef8b7d652edea5227166e54ca1bf6e81a4c02afd0d78c9d793e615a2db6906f6,afb1df2172f081fa426f2f86c56912079116f6441ba64df367861d00375fddc4,AOG-LM-P07-GC-Y0,2,Salah-Eddin Gherbi,S06,19,1373.85169073,907.655689439,2,printed curve labelled y=0 (x-axis),solid front-side run started near curve between UCLL and UCLR nodes; stopped near bottom end spiral occlusion,2026-08-03T07:36:40Z
AOG_P07_SPHERICAL_PROJECTION,ef8b7d652edea5227166e54ca1bf6e81a4c02afd0d78c9d793e615a2db6906f6,afb1df2172f081fa426f2f86c56912079116f6441ba64df367861d00375fddc4,AOG-LM-P07-GC-Y0,2,Salah-Eddin Gherbi,S06,20,1376.3167833,911.84634681,2,printed curve labelled y=0 (x-axis),solid front-side run started near curve between UCLL and UCLR nodes; stopped near bottom end spiral occlusion,2026-08-03T07:36:40Z
AOG_P07_SPHERICAL_PROJECTION,ef8b7d652edea5227166e54ca1bf6e81a4c02afd0d78c9d793e615a2db6906f6,afb1df2172f081fa426f2f86c56912079116f6441ba64df367861d00375fddc4,AOG-LM-P07-GC-Y0,2,Salah-Eddin Gherbi,S06,21,1378.28885736,915.543985667,2,printed curve labelled y=0 (x-axis),solid front-side run started near curve between UCLL and UCLR nodes; stopped near bottom end spiral occlusion,2026-08-03T07:36:40Z
AOG_P07_SPHERICAL_PROJECTION,ef8b7d652edea5227166e54ca1bf6e81a4c02afd0d78c9d793e615a2db6906f6,afb1df2172f081fa426f2f86c56912079116f6441ba64df367861d00375fddc4,AOG-LM-P07-GC-Y0,2,Salah-Eddin Gherbi,S06,22,1381.00045918,919.981152295,2,printed curve labelled y=0 (x-axis),solid front-side run started near curve between UCLL and UCLR nodes; stopped near bottom end spiral occlusion,2026-08-03T07:36:40Z
AOG_P07_SPHERICAL_PROJECTION,ef8b7d652edea5227166e54ca1bf6e81a4c02afd0d78c9d793e615a2db6906f6,afb1df2172f081fa426f2f86c56912079116f6441ba64df367861d00375fddc4,AOG-LM-P07-GC-Y0,2,Salah-Eddin Gherbi,S06,23,1383.2190425,922.199735609,2,printed curve labelled y=0 (x-axis),solid front-side run started near curve between UCLL and UCLR nodes; stopped near bottom end spiral occlusion,2026-08-03T07:36:40Z
AOG_P07_SPHERICAL_PROJECTION,ef8b7d652edea5227166e54ca1bf6e81a4c02afd0d78c9d793e615a2db6906f6,afb1df2172f081fa426f2f86c56912079116f6441ba64df367861d00375fddc4,AOG-LM-P07-GC-Y0,2,Salah-Eddin Gherbi,S06,24,1385.43762581,926.39039298,2,printed curve labelled y=0 (x-axis),solid front-side run started near curve between UCLL and UCLR nodes; stopped near bottom end spiral occlusion,2026-08-03T07:36:40Z
AOG_P07_SPHERICAL_PROJECTION,ef8b7d652edea5227166e54ca1bf6e81a4c02afd0d78c9d793e615a2db6906f6,afb1df2172f081fa426f2f86c56912079116f6441ba64df367861d00375fddc4,AOG-LM-P07-GC-Y0,2,Salah-Eddin Gherbi,S06,25,1387.90271838,931.813596637,2,printed curve labelled y=0 (x-axis),solid front-side run started near curve between UCLL and UCLR nodes; stopped near bottom end spiral occlusion,2026-08-03T07:36:40Z
AOG_P07_SPHERICAL_PROJECTION,ef8b7d652edea5227166e54ca1bf6e81a4c02afd0d78c9d793e615a2db6906f6,afb1df2172f081fa426f2f86c56912079116f6441ba64df367861d00375fddc4,AOG-LM-P07-GC-Y0,2,Salah-Eddin Gherbi,S06,26,1390.1213017,934.525198465,2,printed curve labelled y=0 (x-axis),solid front-side run started near curve between UCLL and UCLR nodes; stopped near bottom end spiral occlusion,2026-08-03T07:36:40Z
AOG_P07_SPHERICAL_PROJECTION,ef8b7d652edea5227166e54ca1bf6e81a4c02afd0d78c9d793e615a2db6906f6,afb1df2172f081fa426f2f86c56912079116f6441ba64df367861d00375fddc4,AOG-LM-P07-GC-Y0,2,Salah-Eddin Gherbi,S06,27,1392.33988501,938.469346579,2,printed curve labelled y=0 (x-axis),solid front-side run started near curve between UCLL and UCLR nodes; stopped near bottom end spiral occlusion,2026-08-03T07:36:40Z
AOG_P07_SPHERICAL_PROJECTION,ef8b7d652edea5227166e54ca1bf6e81a4c02afd0d78c9d793e615a2db6906f6,afb1df2172f081fa426f2f86c56912079116f6441ba64df367861d00375fddc4,AOG-LM-P07-GC-Y0,2,Salah-Eddin Gherbi,S06,28,1395.05148684,943.399531722,2,printed curve labelled y=0 (x-axis),solid front-side run started near curve between UCLL and UCLR nodes; stopped near bottom end spiral occlusion,2026-08-03T07:36:40Z
AOG_P07_SPHERICAL_PROJECTION,ef8b7d652edea5227166e54ca1bf6e81a4c02afd0d78c9d793e615a2db6906f6,afb1df2172f081fa426f2f86c56912079116f6441ba64df367861d00375fddc4,AOG-LM-P07-GC-Y0,2,Salah-Eddin Gherbi,S06,29,1396.77705164,946.11113355,2,printed curve labelled y=0 (x-axis),solid front-side run started near curve between UCLL and UCLR nodes; stopped near bottom end spiral occlusion,2026-08-03T07:36:40Z
AOG_P07_SPHERICAL_PROJECTION,ef8b7d652edea5227166e54ca1bf6e81a4c02afd0d78c9d793e615a2db6906f6,afb1df2172f081fa426f2f86c56912079116f6441ba64df367861d00375fddc4,AOG-LM-P07-GC-Y0,2,Salah-Eddin Gherbi,S06,30,1399.24214421,950.548300179,2,printed curve labelled y=0 (x-axis),solid front-side run started near curve between UCLL and UCLR nodes; stopped near bottom end spiral occlusion,2026-08-03T07:36:40Z
AOG_P07_SPHERICAL_PROJECTION,ef8b7d652edea5227166e54ca1bf6e81a4c02afd0d78c9d793e615a2db6906f6,afb1df2172f081fa426f2f86c56912079116f6441ba64df367861d00375fddc4,AOG-LM-P07-GC-Y0,2,Salah-Eddin Gherbi,S06,31,1401.70723678,955.231976064,2,printed curve labelled y=0 (x-axis),solid front-side run started near curve between UCLL and UCLR nodes; stopped near bottom end spiral occlusion,2026-08-03T07:36:40Z
AOG_P07_SPHERICAL_PROJECTION,ef8b7d652edea5227166e54ca1bf6e81a4c02afd0d78c9d793e615a2db6906f6,afb1df2172f081fa426f2f86c56912079116f6441ba64df367861d00375fddc4,AOG-LM-P07-GC-Y0,2,Salah-Eddin Gherbi,S06,32,1403.67931084,957.450559378,2,printed curve labelled y=0 (x-axis),solid front-side run started near curve between UCLL and UCLR nodes; stopped near bottom end spiral occlusion,2026-08-03T07:36:40Z
AOG_P07_SPHERICAL_PROJECTION,ef8b7d652edea5227166e54ca1bf6e81a4c02afd0d78c9d793e615a2db6906f6,afb1df2172f081fa426f2f86c56912079116f6441ba64df367861d00375fddc4,AOG-LM-P07-GC-Y0,2,Salah-Eddin Gherbi,S06,33,1406.14440341,962.134235263,2,printed curve labelled y=0 (x-axis),solid front-side run started near curve between UCLL and UCLR nodes; stopped near bottom end spiral occlusion,2026-08-03T07:36:40Z
AOG_P07_SPHERICAL_PROJECTION,ef8b7d652edea5227166e54ca1bf6e81a4c02afd0d78c9d793e615a2db6906f6,afb1df2172f081fa426f2f86c56912079116f6441ba64df367861d00375fddc4,AOG-LM-P07-GC-Y1,2,Salah-Eddin Gherbi,S01,0,1097.37910251,409.663011047,6,printed curve labelled y=1,solid front-side run started near upper left node; stopped before the upper interior crossing node,2026-08-03T07:58:00Z
AOG_P07_SPHERICAL_PROJECTION,ef8b7d652edea5227166e54ca1bf6e81a4c02afd0d78c9d793e615a2db6906f6,afb1df2172f081fa426f2f86c56912079116f6441ba64df367861d00375fddc4,AOG-LM-P07-GC-Y1,2,Salah-Eddin Gherbi,S01,1,1101.72464623,411.835782906,6,printed curve labelled y=1,solid front-side run started near upper left node; stopped before the upper interior crossing node,2026-08-03T07:58:00Z
AOG_P07_SPHERICAL_PROJECTION,ef8b7d652edea5227166e54ca1bf6e81a4c02afd0d78c9d793e615a2db6906f6,afb1df2172f081fa426f2f86c56912079116f6441ba64df367861d00375fddc4,AOG-LM-P07-GC-Y1,2,Salah-Eddin Gherbi,S01,2,1105.34593266,414.189619087,6,printed curve labelled y=1,solid front-side run started near upper left node; stopped before the upper interior crossing node,2026-08-03T07:58:00Z
AOG_P07_SPHERICAL_PROJECTION,ef8b7d652edea5227166e54ca1bf6e81a4c02afd0d78c9d793e615a2db6906f6,afb1df2172f081fa426f2f86c56912079116f6441ba64df367861d00375fddc4,AOG-LM-P07-GC-Y1,2,Salah-Eddin Gherbi,S01,3,1109.32934773,416.72451959,6,printed curve labelled y=1,solid front-side run started near upper left node; stopped before the upper interior crossing node,2026-08-03T07:58:00Z
AOG_P07_SPHERICAL_PROJECTION,ef8b7d652edea5227166e54ca1bf6e81a4c02afd0d78c9d793e615a2db6906f6,afb1df2172f081fa426f2f86c56912079116f6441ba64df367861d00375fddc4,AOG-LM-P07-GC-Y1,2,Salah-Eddin Gherbi,S01,4,1114.21808442,419.440484414,6,printed curve labelled y=1,solid front-side run started near upper left node; stopped before the upper interior crossing node,2026-08-03T07:58:00Z
AOG_P07_SPHERICAL_PROJECTION,ef8b7d652edea5227166e54ca1bf6e81a4c02afd0d78c9d793e615a2db6906f6,afb1df2172f081fa426f2f86c56912079116f6441ba64df367861d00375fddc4,AOG-LM-P07-GC-Y1,2,Salah-Eddin Gherbi,S01,5,1117.83937085,421.432191951,6,printed curve labelled y=1,solid front-side run started near upper left node; stopped before the upper interior crossing node,2026-08-03T07:58:00Z
AOG_P07_SPHERICAL_PROJECTION,ef8b7d652edea5227166e54ca1bf6e81a4c02afd0d78c9d793e615a2db6906f6,afb1df2172f081fa426f2f86c56912079116f6441ba64df367861d00375fddc4,AOG-LM-P07-GC-Y1,2,Salah-Eddin Gherbi,S01,6,1122.36597889,423.967092454,6,printed curve labelled y=1,solid front-side run started near upper left node; stopped before the upper interior crossing node,2026-08-03T07:58:00Z
AOG_P07_SPHERICAL_PROJECTION,ef8b7d652edea5227166e54ca1bf6e81a4c02afd0d78c9d793e615a2db6906f6,afb1df2172f081fa426f2f86c56912079116f6441ba64df367861d00375fddc4,AOG-LM-P07-GC-Y1,2,Salah-Eddin Gherbi,S01,7,1126.53045829,426.501992956,6,printed curve labelled y=1,solid front-side run started near upper left node; stopped before the upper interior crossing node,2026-08-03T07:58:00Z
AOG_P07_SPHERICAL_PROJECTION,ef8b7d652edea5227166e54ca1bf6e81a4c02afd0d78c9d793e615a2db6906f6,afb1df2172f081fa426f2f86c56912079116f6441ba64df367861d00375fddc4,AOG-LM-P07-GC-Y1,2,Salah-Eddin Gherbi,S01,8,1130.69493768,428.493700494,6,printed curve labelled y=1,solid front-side run started near upper left node; stopped before the upper interior crossing node,2026-08-03T07:58:00Z
AOG_P07_SPHERICAL_PROJECTION,ef8b7d652edea5227166e54ca1bf6e81a4c02afd0d78c9d793e615a2db6906f6,afb1df2172f081fa426f2f86c56912079116f6441ba64df367861d00375fddc4,AOG-LM-P07-GC-Y1,2,Salah-Eddin Gherbi,S01,9,1134.67835276,430.847536675,6,printed curve labelled y=1,solid front-side run started near upper left node; stopped before the upper interior crossing node,2026-08-03T07:58:00Z
AOG_P07_SPHERICAL_PROJECTION,ef8b7d652edea5227166e54ca1bf6e81a4c02afd0d78c9d793e615a2db6906f6,afb1df2172f081fa426f2f86c56912079116f6441ba64df367861d00375fddc4,AOG-LM-P07-GC-Y1,2,Salah-Eddin Gherbi,S01,10,1138.48070351,432.477115569,6,printed curve labelled y=1,solid front-side run started near upper left node; stopped before the upper interior crossing node,2026-08-03T07:58:00Z
AOG_P07_SPHERICAL_PROJECTION,ef8b7d652edea5227166e54ca1bf6e81a4c02afd0d78c9d793e615a2db6906f6,afb1df2172f081fa426f2f86c56912079116f6441ba64df367861d00375fddc4,AOG-LM-P07-GC-Y1,2,Salah-Eddin Gherbi,S01,11,1141.92092562,433.925630142,6,printed curve labelled y=1,solid front-side run started near upper left node; stopped before the upper interior crossing node,2026-08-03T07:58:00Z
AOG_P07_SPHERICAL_PROJECTION,ef8b7d652edea5227166e54ca1bf6e81a4c02afd0d78c9d793e615a2db6906f6,afb1df2172f081fa426f2f86c56912079116f6441ba64df367861d00375fddc4,AOG-LM-P07-GC-Y1,2,Salah-Eddin Gherbi,S01,12,1145.54221205,436.641594966,6,printed curve labelled y=1,solid front-side run started near upper left node; stopped before the upper interior crossing node,2026-08-03T07:58:00Z
AOG_P07_SPHERICAL_PROJECTION,ef8b7d652edea5227166e54ca1bf6e81a4c02afd0d78c9d793e615a2db6906f6,afb1df2172f081fa426f2f86c56912079116f6441ba64df367861d00375fddc4,AOG-LM-P07-GC-Y1,2,Salah-Eddin Gherbi,S01,13,1149.88775577,438.995431147,6,printed curve labelled y=1,solid front-side run started near upper left node; stopped before the upper interior crossing node,2026-08-03T07:58:00Z
AOG_P07_SPHERICAL_PROJECTION,ef8b7d652edea5227166e54ca1bf6e81a4c02afd0d78c9d793e615a2db6906f6,afb1df2172f081fa426f2f86c56912079116f6441ba64df367861d00375fddc4,AOG-LM-P07-GC-Y1,2,Salah-Eddin Gherbi,S01,14,1153.5090422,441.168203007,6,printed curve labelled y=1,solid front-side run started near upper left node; stopped before the upper interior crossing node,2026-08-03T07:58:00Z
AOG_P07_SPHERICAL_PROJECTION,ef8b7d652edea5227166e54ca1bf6e81a4c02afd0d78c9d793e615a2db6906f6,afb1df2172f081fa426f2f86c56912079116f6441ba64df367861d00375fddc4,AOG-LM-P07-GC-Y1,2,Salah-Eddin Gherbi,S01,15,1157.49245728,442.616717579,6,printed curve labelled y=1,solid front-side run started near upper left node; stopped before the upper interior crossing node,2026-08-03T07:58:00Z
AOG_P07_SPHERICAL_PROJECTION,ef8b7d652edea5227166e54ca1bf6e81a4c02afd0d78c9d793e615a2db6906f6,afb1df2172f081fa426f2f86c56912079116f6441ba64df367861d00375fddc4,AOG-LM-P07-GC-Y1,2,Salah-Eddin Gherbi,S01,16,1161.838001,446.05693969,6,printed curve labelled y=1,solid front-side run started near upper left node; stopped before the upper interior crossing node,2026-08-03T07:58:00Z
AOG_P07_SPHERICAL_PROJECTION,ef8b7d652edea5227166e54ca1bf6e81a4c02afd0d78c9d793e615a2db6906f6,afb1df2172f081fa426f2f86c56912079116f6441ba64df367861d00375fddc4,AOG-LM-P07-GC-Y1,2,Salah-Eddin Gherbi,S01,17,1165.82141607,448.048647228,6,printed curve labelled y=1,solid front-side run started near upper left node; stopped before the upper interior crossing node,2026-08-03T07:58:00Z
AOG_P07_SPHERICAL_PROJECTION,ef8b7d652edea5227166e54ca1bf6e81a4c02afd0d78c9d793e615a2db6906f6,afb1df2172f081fa426f2f86c56912079116f6441ba64df367861d00375fddc4,AOG-LM-P07-GC-Y1,2,Salah-Eddin Gherbi,S01,18,1171.0722814,450.764612052,6,printed curve labelled y=1,solid front-side run started near upper left node; stopped before the upper interior crossing node,2026-08-03T07:58:00Z
AOG_P07_SPHERICAL_PROJECTION,ef8b7d652edea5227166e54ca1bf6e81a4c02afd0d78c9d793e615a2db6906f6,afb1df2172f081fa426f2f86c56912079116f6441ba64df367861d00375fddc4,AOG-LM-P07-GC-Y1,2,Salah-Eddin Gherbi,S01,19,1174.87463215,453.480576876,6,printed curve labelled y=1,solid front-side run started near upper left node; stopped before the upper interior crossing node,2026-08-03T07:58:00Z
AOG_P07_SPHERICAL_PROJECTION,ef8b7d652edea5227166e54ca1bf6e81a4c02afd0d78c9d793e615a2db6906f6,afb1df2172f081fa426f2f86c56912079116f6441ba64df367861d00375fddc4,AOG-LM-P07-GC-Y1,2,Salah-Eddin Gherbi,S01,20,1179.94443316,455.834413057,6,printed curve labelled y=1,solid front-side run started near upper left node; stopped before the upper interior crossing node,2026-08-03T07:58:00Z
AOG_P07_SPHERICAL_PROJECTION,ef8b7d652edea5227166e54ca1bf6e81a4c02afd0d78c9d793e615a2db6906f6,afb1df2172f081fa426f2f86c56912079116f6441ba64df367861d00375fddc4,AOG-LM-P07-GC-Y1,2,Salah-Eddin Gherbi,S01,21,1183.56571959,459.093570846,6,printed curve labelled y=1,solid front-side run started near upper left node; stopped before the upper interior crossing node,2026-08-03T07:58:00Z
AOG_P07_SPHERICAL_PROJECTION,ef8b7d652edea5227166e54ca1bf6e81a4c02afd0d78c9d793e615a2db6906f6,afb1df2172f081fa426f2f86c56912079116f6441ba64df367861d00375fddc4,AOG-LM-P07-GC-Y1,2,Salah-Eddin Gherbi,S01,22,1188.09232763,461.990599991,6,printed curve labelled y=1,solid front-side run started near upper left node; stopped before the upper interior crossing node,2026-08-03T07:58:00Z
AOG_P07_SPHERICAL_PROJECTION,ef8b7d652edea5227166e54ca1bf6e81a4c02afd0d78c9d793e615a2db6906f6,afb1df2172f081fa426f2f86c56912079116f6441ba64df367861d00375fddc4,AOG-LM-P07-GC-Y1,2,Salah-Eddin Gherbi,S01,23,1192.79999999,464.344436172,6,printed curve labelled y=1,solid front-side run started near upper left node; stopped before the upper interior crossing node,2026-08-03T07:58:00Z
AOG_P07_SPHERICAL_PROJECTION,ef8b7d652edea5227166e54ca1bf6e81a4c02afd0d78c9d793e615a2db6906f6,afb1df2172f081fa426f2f86c56912079116f6441ba64df367861d00375fddc4,AOG-LM-P07-GC-Y1,2,Salah-Eddin Gherbi,S01,24,1196.78341507,467.603593961,6,printed curve labelled y=1,solid front-side run started near upper left node; stopped before the upper interior crossing node,2026-08-03T07:58:00Z
AOG_P07_SPHERICAL_PROJECTION,ef8b7d652edea5227166e54ca1bf6e81a4c02afd0d78c9d793e615a2db6906f6,afb1df2172f081fa426f2f86c56912079116f6441ba64df367861d00375fddc4,AOG-LM-P07-GC-Y1,2,Salah-Eddin Gherbi,S01,25,1200.58576582,469.233172855,6,printed curve labelled y=1,solid front-side run started near upper left node; stopped before the upper interior crossing node,2026-08-03T07:58:00Z
AOG_P07_SPHERICAL_PROJECTION,ef8b7d652edea5227166e54ca1bf6e81a4c02afd0d78c9d793e615a2db6906f6,afb1df2172f081fa426f2f86c56912079116f6441ba64df367861d00375fddc4,AOG-LM-P07-GC-Y1,2,Salah-Eddin Gherbi,S01,26,1204.38811658,471.94913768,6,printed curve labelled y=1,solid front-side run started near upper left node; stopped before the upper interior crossing node,2026-08-03T07:58:00Z
AOG_P07_SPHERICAL_PROJECTION,ef8b7d652edea5227166e54ca1bf6e81a4c02afd0d78c9d793e615a2db6906f6,afb1df2172f081fa426f2f86c56912079116f6441ba64df367861d00375fddc4,AOG-LM-P07-GC-Y1,2,Salah-Eddin Gherbi,S01,27,1209.27685326,474.484038182,6,printed curve labelled y=1,solid front-side run started near upper left node; stopped before the upper interior crossing node,2026-08-03T07:58:00Z
AOG_P07_SPHERICAL_PROJECTION,ef8b7d652edea5227166e54ca1bf6e81a4c02afd0d78c9d793e615a2db6906f6,afb1df2172f081fa426f2f86c56912079116f6441ba64df367861d00375fddc4,AOG-LM-P07-GC-Y1,2,Salah-Eddin Gherbi,S01,28,1213.26026833,477.381067328,6,printed curve labelled y=1,solid front-side run started near upper left node; stopped before the upper interior crossing node,2026-08-03T07:58:00Z
AOG_P07_SPHERICAL_PROJECTION,ef8b7d652edea5227166e54ca1bf6e81a4c02afd0d78c9d793e615a2db6906f6,afb1df2172f081fa426f2f86c56912079116f6441ba64df367861d00375fddc4,AOG-LM-P07-GC-Y1,2,Salah-Eddin Gherbi,S01,29,1216.88155477,479.734903509,6,printed curve labelled y=1,solid front-side run started near upper left node; stopped before the upper interior crossing node,2026-08-03T07:58:00Z
AOG_P07_SPHERICAL_PROJECTION,ef8b7d652edea5227166e54ca1bf6e81a4c02afd0d78c9d793e615a2db6906f6,afb1df2172f081fa426f2f86c56912079116f6441ba64df367861d00375fddc4,AOG-LM-P07-GC-Y1,2,Salah-Eddin Gherbi,S01,30,1220.32177688,482.088739689,6,printed curve labelled y=1,solid front-side run started near upper left node; stopped before the upper interior crossing node,2026-08-03T07:58:00Z
AOG_P07_SPHERICAL_PROJECTION,ef8b7d652edea5227166e54ca1bf6e81a4c02afd0d78c9d793e615a2db6906f6,afb1df2172f081fa426f2f86c56912079116f6441ba64df367861d00375fddc4,AOG-LM-P07-GC-Y1,2,Salah-Eddin Gherbi,S01,31,1223.94306331,484.261511549,6,printed curve labelled y=1,solid front-side run started near upper left node; stopped before the upper interior crossing node,2026-08-03T07:58:00Z
AOG_P07_SPHERICAL_PROJECTION,ef8b7d652edea5227166e54ca1bf6e81a4c02afd0d78c9d793e615a2db6906f6,afb1df2172f081fa426f2f86c56912079116f6441ba64df367861d00375fddc4,AOG-LM-P07-GC-Y1,2,Salah-Eddin Gherbi,S01,32,1227.74541406,486.434283408,6,printed curve labelled y=1,solid front-side run started near upper left node; stopped before the upper interior crossing node,2026-08-03T07:58:00Z
AOG_P07_SPHERICAL_PROJECTION,ef8b7d652edea5227166e54ca1bf6e81a4c02afd0d78c9d793e615a2db6906f6,afb1df2172f081fa426f2f86c56912079116f6441ba64df367861d00375fddc4,AOG-LM-P07-GC-Y1,2,Salah-Eddin Gherbi,S02,0,1257.16087288,508.983488646,6,printed curve labelled y=1,solid front-side run started near filled upper interior crossing node; stopped before filled y-axis node,2026-08-03T08:00:28Z
AOG_P07_SPHERICAL_PROJECTION,ef8b7d652edea5227166e54ca1bf6e81a4c02afd0d78c9d793e615a2db6906f6,afb1df2172f081fa426f2f86c56912079116f6441ba64df367861d00375fddc4,AOG-LM-P07-GC-Y1,2,Salah-Eddin Gherbi,S02,1,1259.18312139,512.129208547,6,printed curve labelled y=1,solid front-side run started near filled upper interior crossing node; stopped before filled y-axis node,2026-08-03T08:00:28Z
AOG_P07_SPHERICAL_PROJECTION,ef8b7d652edea5227166e54ca1bf6e81a4c02afd0d78c9d793e615a2db6906f6,afb1df2172f081fa426f2f86c56912079116f6441ba64df367861d00375fddc4,AOG-LM-P07-GC-Y1,2,Salah-Eddin Gherbi,S02,2,1262.32884129,514.82553989,6,printed curve labelled y=1,solid front-side run started near filled upper interior crossing node; stopped before filled y-axis node,2026-08-03T08:00:28Z
AOG_P07_SPHERICAL_PROJECTION,ef8b7d652edea5227166e54ca1bf6e81a4c02afd0d78c9d793e615a2db6906f6,afb1df2172f081fa426f2f86c56912079116f6441ba64df367861d00375fddc4,AOG-LM-P07-GC-Y1,2,Salah-Eddin Gherbi,S02,3,1265.24986691,517.746565513,6,printed curve labelled y=1,solid front-side run started near filled upper interior crossing node; stopped before filled y-axis node,2026-08-03T08:00:28Z
AOG_P07_SPHERICAL_PROJECTION,ef8b7d652edea5227166e54ca1bf6e81a4c02afd0d78c9d793e615a2db6906f6,afb1df2172f081fa426f2f86c56912079116f6441ba64df367861d00375fddc4,AOG-LM-P07-GC-Y1,2,Salah-Eddin Gherbi,S02,4,1267.94619825,519.76881402,6,printed curve labelled y=1,solid front-side run started near filled upper interior crossing node; stopped before filled y-axis node,2026-08-03T08:00:28Z
AOG_P07_SPHERICAL_PROJECTION,ef8b7d652edea5227166e54ca1bf6e81a4c02afd0d78c9d793e615a2db6906f6,afb1df2172f081fa426f2f86c56912079116f6441ba64df367861d00375fddc4,AOG-LM-P07-GC-Y1,2,Salah-Eddin Gherbi,S02,5,1270.41783532,522.465145364,6,printed curve labelled y=1,solid front-side run started near filled upper interior crossing node; stopped before filled y-axis node,2026-08-03T08:00:28Z
AOG_P07_SPHERICAL_PROJECTION,ef8b7d652edea5227166e54ca1bf6e81a4c02afd0d78c9d793e615a2db6906f6,afb1df2172f081fa426f2f86c56912079116f6441ba64df367861d00375fddc4,AOG-LM-P07-GC-Y1,2,Salah-Eddin Gherbi,S02,6,1272.88947238,524.487393871,6,printed curve labelled y=1,solid front-side run started near filled upper interior crossing node; stopped before filled y-axis node,2026-08-03T08:00:28Z
AOG_P07_SPHERICAL_PROJECTION,ef8b7d652edea5227166e54ca1bf6e81a4c02afd0d78c9d793e615a2db6906f6,afb1df2172f081fa426f2f86c56912079116f6441ba64df367861d00375fddc4,AOG-LM-P07-GC-Y1,2,Salah-Eddin Gherbi,S02,7,1274.68702661,526.734336657,6,printed curve labelled y=1,solid front-side run started near filled upper interior crossing node; stopped before filled y-axis node,2026-08-03T08:00:28Z
AOG_P07_SPHERICAL_PROJECTION,ef8b7d652edea5227166e54ca1bf6e81a4c02afd0d78c9d793e615a2db6906f6,afb1df2172f081fa426f2f86c56912079116f6441ba64df367861d00375fddc4,AOG-LM-P07-GC-Y1,2,Salah-Eddin Gherbi,S02,8,1277.60805223,529.655362279,6,printed curve labelled y=1,solid front-side run started near filled upper interior crossing node; stopped before filled y-axis node,2026-08-03T08:00:28Z
AOG_P07_SPHERICAL_PROJECTION,ef8b7d652edea5227166e54ca1bf6e81a4c02afd0d78c9d793e615a2db6906f6,afb1df2172f081fa426f2f86c56912079116f6441ba64df367861d00375fddc4,AOG-LM-P07-GC-Y1,2,Salah-Eddin Gherbi,S02,9,1280.75377213,532.576387901,6,printed curve labelled y=1,solid front-side run started near filled upper interior crossing node; stopped before filled y-axis node,2026-08-03T08:00:28Z
AOG_P07_SPHERICAL_PROJECTION,ef8b7d652edea5227166e54ca1bf6e81a4c02afd0d78c9d793e615a2db6906f6,afb1df2172f081fa426f2f86c56912079116f6441ba64df367861d00375fddc4,AOG-LM-P07-GC-Y1,2,Salah-Eddin Gherbi,S02,10,1283.45010348,535.722107802,6,printed curve labelled y=1,solid front-side run started near filled upper interior crossing node; stopped before filled y-axis node,2026-08-03T08:00:28Z
AOG_P07_SPHERICAL_PROJECTION,ef8b7d652edea5227166e54ca1bf6e81a4c02afd0d78c9d793e615a2db6906f6,afb1df2172f081fa426f2f86c56912079116f6441ba64df367861d00375fddc4,AOG-LM-P07-GC-Y1,2,Salah-Eddin Gherbi,S02,11,1285.69704626,537.969050588,6,printed curve labelled y=1,solid front-side run started near filled upper interior crossing node; stopped before filled y-axis node,2026-08-03T08:00:28Z
AOG_P07_SPHERICAL_PROJECTION,ef8b7d652edea5227166e54ca1bf6e81a4c02afd0d78c9d793e615a2db6906f6,afb1df2172f081fa426f2f86c56912079116f6441ba64df367861d00375fddc4,AOG-LM-P07-GC-Y1,2,Salah-Eddin Gherbi,S02,12,1288.16868333,540.440687653,6,printed curve labelled y=1,solid front-side run started near filled upper interior crossing node; stopped before filled y-axis node,2026-08-03T08:00:28Z
AOG_P07_SPHERICAL_PROJECTION,ef8b7d652edea5227166e54ca1bf6e81a4c02afd0d78c9d793e615a2db6906f6,afb1df2172f081fa426f2f86c56912079116f6441ba64df367861d00375fddc4,AOG-LM-P07-GC-Y1,2,Salah-Eddin Gherbi,S02,13,1290.41562611,542.687630439,6,printed curve labelled y=1,solid front-side run started near filled upper interior crossing node; stopped before filled y-axis node,2026-08-03T08:00:28Z
AOG_P07_SPHERICAL_PROJECTION,ef8b7d652edea5227166e54ca1bf6e81a4c02afd0d78c9d793e615a2db6906f6,afb1df2172f081fa426f2f86c56912079116f6441ba64df367861d00375fddc4,AOG-LM-P07-GC-Y1,2,Salah-Eddin Gherbi,S02,14,1292.6625689,545.608656061,6,printed curve labelled y=1,solid front-side run started near filled upper interior crossing node; stopped before filled y-axis node,2026-08-03T08:00:28Z
AOG_P07_SPHERICAL_PROJECTION,ef8b7d652edea5227166e54ca1bf6e81a4c02afd0d78c9d793e615a2db6906f6,afb1df2172f081fa426f2f86c56912079116f6441ba64df367861d00375fddc4,AOG-LM-P07-GC-Y1,2,Salah-Eddin Gherbi,S02,15,1295.13420597,548.754375962,6,printed curve labelled y=1,solid front-side run started near filled upper interior crossing node; stopped before filled y-axis node,2026-08-03T08:00:28Z
AOG_P07_SPHERICAL_PROJECTION,ef8b7d652edea5227166e54ca1bf6e81a4c02afd0d78c9d793e615a2db6906f6,afb1df2172f081fa426f2f86c56912079116f6441ba64df367861d00375fddc4,AOG-LM-P07-GC-Y1,2,Salah-Eddin Gherbi,S02,16,1298.27992587,552.124790141,6,printed curve labelled y=1,solid front-side run started near filled upper interior crossing node; stopped before filled y-axis node,2026-08-03T08:00:28Z
AOG_P07_SPHERICAL_PROJECTION,ef8b7d652edea5227166e54ca1bf6e81a4c02afd0d78c9d793e615a2db6906f6,afb1df2172f081fa426f2f86c56912079116f6441ba64df367861d00375fddc4,AOG-LM-P07-GC-Y1,2,Salah-Eddin Gherbi,S02,17,1300.75156293,554.596427206,6,printed curve labelled y=1,solid front-side run started near filled upper interior crossing node; stopped before filled y-axis node,2026-08-03T08:00:28Z
AOG_P07_SPHERICAL_PROJECTION,ef8b7d652edea5227166e54ca1bf6e81a4c02afd0d78c9d793e615a2db6906f6,afb1df2172f081fa426f2f86c56912079116f6441ba64df367861d00375fddc4,AOG-LM-P07-GC-Y1,2,Salah-Eddin Gherbi,S02,18,1303.2232,557.742147107,6,printed curve labelled y=1,solid front-side run started near filled upper interior crossing node; stopped before filled y-axis node,2026-08-03T08:00:28Z
AOG_P07_SPHERICAL_PROJECTION,ef8b7d652edea5227166e54ca1bf6e81a4c02afd0d78c9d793e615a2db6906f6,afb1df2172f081fa426f2f86c56912079116f6441ba64df367861d00375fddc4,AOG-LM-P07-GC-Y1,2,Salah-Eddin Gherbi,S02,19,1306.3689199,561.786644122,6,printed curve labelled y=1,solid front-side run started near filled upper interior crossing node; stopped before filled y-axis node,2026-08-03T08:00:28Z
AOG_P07_SPHERICAL_PROJECTION,ef8b7d652edea5227166e54ca1bf6e81a4c02afd0d78c9d793e615a2db6906f6,afb1df2172f081fa426f2f86c56912079116f6441ba64df367861d00375fddc4,AOG-LM-P07-GC-Y1,2,Salah-Eddin Gherbi,S02,20,1309.06525124,564.482975465,6,printed curve labelled y=1,solid front-side run started near filled upper interior crossing node; stopped before filled y-axis node,2026-08-03T08:00:28Z
AOG_P07_SPHERICAL_PROJECTION,ef8b7d652edea5227166e54ca1bf6e81a4c02afd0d78c9d793e615a2db6906f6,afb1df2172f081fa426f2f86c56912079116f6441ba64df367861d00375fddc4,AOG-LM-P07-GC-Y1,2,Salah-Eddin Gherbi,S02,21,1311.98627686,567.404001087,6,printed curve labelled y=1,solid front-side run started near filled upper interior crossing node; stopped before filled y-axis node,2026-08-03T08:00:28Z
AOG_P07_SPHERICAL_PROJECTION,ef8b7d652edea5227166e54ca1bf6e81a4c02afd0d78c9d793e615a2db6906f6,afb1df2172f081fa426f2f86c56912079116f6441ba64df367861d00375fddc4,AOG-LM-P07-GC-Y1,2,Salah-Eddin Gherbi,S02,22,1314.90730248,570.325026709,6,printed curve labelled y=1,solid front-side run started near filled upper interior crossing node; stopped before filled y-axis node,2026-08-03T08:00:28Z
AOG_P07_SPHERICAL_PROJECTION,ef8b7d652edea5227166e54ca1bf6e81a4c02afd0d78c9d793e615a2db6906f6,afb1df2172f081fa426f2f86c56912079116f6441ba64df367861d00375fddc4,AOG-LM-P07-GC-Y1,2,Salah-Eddin Gherbi,S02,23,1317.37893955,574.369523725,6,printed curve labelled y=1,solid front-side run started near filled upper interior crossing node; stopped before filled y-axis node,2026-08-03T08:00:28Z
AOG_P07_SPHERICAL_PROJECTION,ef8b7d652edea5227166e54ca1bf6e81a4c02afd0d78c9d793e615a2db6906f6,afb1df2172f081fa426f2f86c56912079116f6441ba64df367861d00375fddc4,AOG-LM-P07-GC-Y1,2,Salah-Eddin Gherbi,S02,24,1319.17649378,577.290549347,6,printed curve labelled y=1,solid front-side run started near filled upper interior crossing node; stopped before filled y-axis node,2026-08-03T08:00:28Z
AOG_P07_SPHERICAL_PROJECTION,ef8b7d652edea5227166e54ca1bf6e81a4c02afd0d78c9d793e615a2db6906f6,afb1df2172f081fa426f2f86c56912079116f6441ba64df367861d00375fddc4,AOG-LM-P07-GC-Y1,2,Salah-Eddin Gherbi,S02,25,1322.32221368,581.55974064,6,printed curve labelled y=1,solid front-side run started near filled upper interior crossing node; stopped before filled y-axis node,2026-08-03T08:00:28Z
AOG_P07_SPHERICAL_PROJECTION,ef8b7d652edea5227166e54ca1bf6e81a4c02afd0d78c9d793e615a2db6906f6,afb1df2172f081fa426f2f86c56912079116f6441ba64df367861d00375fddc4,AOG-LM-P07-GC-Y1,2,Salah-Eddin Gherbi,S02,26,1325.2432393,584.480766262,6,printed curve labelled y=1,solid front-side run started near filled upper interior crossing node; stopped before filled y-axis node,2026-08-03T08:00:28Z
AOG_P07_SPHERICAL_PROJECTION,ef8b7d652edea5227166e54ca1bf6e81a4c02afd0d78c9d793e615a2db6906f6,afb1df2172f081fa426f2f86c56912079116f6441ba64df367861d00375fddc4,AOG-LM-P07-GC-Y1,2,Salah-Eddin Gherbi,S02,27,1328.16426492,588.07587472,6,printed curve labelled y=1,solid front-side run started near filled upper interior crossing node; stopped before filled y-axis node,2026-08-03T08:00:28Z
AOG_P07_SPHERICAL_PROJECTION,ef8b7d652edea5227166e54ca1bf6e81a4c02afd0d78c9d793e615a2db6906f6,afb1df2172f081fa426f2f86c56912079116f6441ba64df367861d00375fddc4,AOG-LM-P07-GC-Y1,2,Salah-Eddin Gherbi,S02,28,1330.18651343,591.221594621,6,printed curve labelled y=1,solid front-side run started near filled upper interior crossing node; stopped before filled y-axis node,2026-08-03T08:00:28Z
AOG_P07_SPHERICAL_PROJECTION,ef8b7d652edea5227166e54ca1bf6e81a4c02afd0d78c9d793e615a2db6906f6,afb1df2172f081fa426f2f86c56912079116f6441ba64df367861d00375fddc4,AOG-LM-P07-GC-Y1,2,Salah-Eddin Gherbi,S02,29,1332.88284477,595.266091636,6,printed curve labelled y=1,solid front-side run started near filled upper interior crossing node; stopped before filled y-axis node,2026-08-03T08:00:28Z
AOG_P07_SPHERICAL_PROJECTION,ef8b7d652edea5227166e54ca1bf6e81a4c02afd0d78c9d793e615a2db6906f6,afb1df2172f081fa426f2f86c56912079116f6441ba64df367861d00375fddc4,AOG-LM-P07-GC-Y1,2,Salah-Eddin Gherbi,S02,30,1335.8038704,599.085894373,6,printed curve labelled y=1,solid front-side run started near filled upper interior crossing node; stopped before filled y-axis node,2026-08-03T08:00:28Z
AOG_P07_SPHERICAL_PROJECTION,ef8b7d652edea5227166e54ca1bf6e81a4c02afd0d78c9d793e615a2db6906f6,afb1df2172f081fa426f2f86c56912079116f6441ba64df367861d00375fddc4,AOG-LM-P07-GC-Y1,2,Salah-Eddin Gherbi,S02,31,1338.05081318,602.681002831,6,printed curve labelled y=1,solid front-side run started near filled upper interior crossing node; stopped before filled y-axis node,2026-08-03T08:00:28Z
AOG_P07_SPHERICAL_PROJECTION,ef8b7d652edea5227166e54ca1bf6e81a4c02afd0d78c9d793e615a2db6906f6,afb1df2172f081fa426f2f86c56912079116f6441ba64df367861d00375fddc4,AOG-LM-P07-GC-Y1,2,Salah-Eddin Gherbi,S02,32,1340.52245025,606.725499846,6,printed curve labelled y=1,solid front-side run started near filled upper interior crossing node; stopped before filled y-axis node,2026-08-03T08:00:28Z
AOG_P07_SPHERICAL_PROJECTION,ef8b7d652edea5227166e54ca1bf6e81a4c02afd0d78c9d793e615a2db6906f6,afb1df2172f081fa426f2f86c56912079116f6441ba64df367861d00375fddc4,AOG-LM-P07-GC-Y1,2,Salah-Eddin Gherbi,S02,33,1342.99408731,610.320608304,6,printed curve labelled y=1,solid front-side run started near filled upper interior crossing node; stopped before filled y-axis node,2026-08-03T08:00:28Z
AOG_P07_SPHERICAL_PROJECTION,ef8b7d652edea5227166e54ca1bf6e81a4c02afd0d78c9d793e615a2db6906f6,afb1df2172f081fa426f2f86c56912079116f6441ba64df367861d00375fddc4,AOG-LM-P07-GC-Y1,2,Salah-Eddin Gherbi,S02,34,1345.46572438,613.241633926,6,printed curve labelled y=1,solid front-side run started near filled upper interior crossing node; stopped before filled y-axis node,2026-08-03T08:00:28Z
AOG_P07_SPHERICAL_PROJECTION,ef8b7d652edea5227166e54ca1bf6e81a4c02afd0d78c9d793e615a2db6906f6,afb1df2172f081fa426f2f86c56912079116f6441ba64df367861d00375fddc4,AOG-LM-P07-GC-Y1,2,Salah-Eddin Gherbi,S02,35,1347.48797288,617.061436662,6,printed curve labelled y=1,solid front-side run started near filled upper interior crossing node; stopped before filled y-axis node,2026-08-03T08:00:28Z
AOG_P07_SPHERICAL_PROJECTION,ef8b7d652edea5227166e54ca1bf6e81a4c02afd0d78c9d793e615a2db6906f6,afb1df2172f081fa426f2f86c56912079116f6441ba64df367861d00375fddc4,AOG-LM-P07-GC-Y1,2,Salah-Eddin Gherbi,S02,36,1349.73491567,619.757768006,6,printed curve labelled y=1,solid front-side run started near filled upper interior crossing node; stopped before filled y-axis node,2026-08-03T08:00:28Z
AOG_P07_SPHERICAL_PROJECTION,ef8b7d652edea5227166e54ca1bf6e81a4c02afd0d78c9d793e615a2db6906f6,afb1df2172f081fa426f2f86c56912079116f6441ba64df367861d00375fddc4,AOG-LM-P07-GC-Y1,2,Salah-Eddin Gherbi,S02,37,1351.5324699,622.903487906,6,printed curve labelled y=1,solid front-side run started near filled upper interior crossing node; stopped before filled y-axis node,2026-08-03T08:00:28Z
AOG_P07_SPHERICAL_PROJECTION,ef8b7d652edea5227166e54ca1bf6e81a4c02afd0d78c9d793e615a2db6906f6,afb1df2172f081fa426f2f86c56912079116f6441ba64df367861d00375fddc4,AOG-LM-P07-GC-Y1,2,Salah-Eddin Gherbi,S02,38,1353.33002413,625.375124971,6,printed curve labelled y=1,solid front-side run started near filled upper interior crossing node; stopped before filled y-axis node,2026-08-03T08:00:28Z
AOG_P07_SPHERICAL_PROJECTION,ef8b7d652edea5227166e54ca1bf6e81a4c02afd0d78c9d793e615a2db6906f6,afb1df2172f081fa426f2f86c56912079116f6441ba64df367861d00375fddc4,AOG-LM-P07-GC-Y1,2,Salah-Eddin Gherbi,S03,0,1363.67360709,645.526885887,6,printed curve labelled y=1,"solid front-side run started near filled y-axis node; stopped before label r = 1, θ = 1 MONTH",2026-08-03T08:03:06Z
AOG_P07_SPHERICAL_PROJECTION,ef8b7d652edea5227166e54ca1bf6e81a4c02afd0d78c9d793e615a2db6906f6,afb1df2172f081fa426f2f86c56912079116f6441ba64df367861d00375fddc4,AOG-LM-P07-GC-Y1,2,Salah-Eddin Gherbi,S03,1,1366.09506971,648.432641024,6,printed curve labelled y=1,"solid front-side run started near filled y-axis node; stopped before label r = 1, θ = 1 MONTH",2026-08-03T08:03:06Z
AOG_P07_SPHERICAL_PROJECTION,ef8b7d652edea5227166e54ca1bf6e81a4c02afd0d78c9d793e615a2db6906f6,afb1df2172f081fa426f2f86c56912079116f6441ba64df367861d00375fddc4,AOG-LM-P07-GC-Y1,2,Salah-Eddin Gherbi,S03,2,1368.27438606,652.549127468,6,printed curve labelled y=1,"solid front-side run started near filled y-axis node; stopped before label r = 1, θ = 1 MONTH",2026-08-03T08:03:06Z
AOG_P07_SPHERICAL_PROJECTION,ef8b7d652edea5227166e54ca1bf6e81a4c02afd0d78c9d793e615a2db6906f6,afb1df2172f081fa426f2f86c56912079116f6441ba64df367861d00375fddc4,AOG-LM-P07-GC-Y1,2,Salah-Eddin Gherbi,S03,3,1371.1801412,656.665613912,6,printed curve labelled y=1,"solid front-side run started near filled y-axis node; stopped before label r = 1, θ = 1 MONTH",2026-08-03T08:03:06Z
AOG_P07_SPHERICAL_PROJECTION,ef8b7d652edea5227166e54ca1bf6e81a4c02afd0d78c9d793e615a2db6906f6,afb1df2172f081fa426f2f86c56912079116f6441ba64df367861d00375fddc4,AOG-LM-P07-GC-Y1,2,Salah-Eddin Gherbi,S03,4,1374.08589634,661.266392879,6,printed curve labelled y=1,"solid front-side run started near filled y-axis node; stopped before label r = 1, θ = 1 MONTH",2026-08-03T08:03:06Z
AOG_P07_SPHERICAL_PROJECTION,ef8b7d652edea5227166e54ca1bf6e81a4c02afd0d78c9d793e615a2db6906f6,afb1df2172f081fa426f2f86c56912079116f6441ba64df367861d00375fddc4,AOG-LM-P07-GC-Y1,2,Salah-Eddin Gherbi,S03,5,1376.50735895,666.593610631,6,printed curve labelled y=1,"solid front-side run started near filled y-axis node; stopped before label r = 1, θ = 1 MONTH",2026-08-03T08:03:06Z
AOG_P07_SPHERICAL_PROJECTION,ef8b7d652edea5227166e54ca1bf6e81a4c02afd0d78c9d793e615a2db6906f6,afb1df2172f081fa426f2f86c56912079116f6441ba64df367861d00375fddc4,AOG-LM-P07-GC-Y1,2,Salah-Eddin Gherbi,S03,6,1378.92882156,672.162974643,6,printed curve labelled y=1,"solid front-side run started near filled y-axis node; stopped before label r = 1, θ = 1 MONTH",2026-08-03T08:03:06Z
AOG_P07_SPHERICAL_PROJECTION,ef8b7d652edea5227166e54ca1bf6e81a4c02afd0d78c9d793e615a2db6906f6,afb1df2172f081fa426f2f86c56912079116f6441ba64df367861d00375fddc4,AOG-LM-P07-GC-Y1,2,Salah-Eddin Gherbi,S03,7,1381.59243044,676.521607349,6,printed curve labelled y=1,"solid front-side run started near filled y-axis node; stopped before label r = 1, θ = 1 MONTH",2026-08-03T08:03:06Z
AOG_P07_SPHERICAL_PROJECTION,ef8b7d652edea5227166e54ca1bf6e81a4c02afd0d78c9d793e615a2db6906f6,afb1df2172f081fa426f2f86c56912079116f6441ba64df367861d00375fddc4,AOG-LM-P07-GC-Y1,2,Salah-Eddin Gherbi,S03,8,1383.77174679,681.8488251,6,printed curve labelled y=1,"solid front-side run started near filled y-axis node; stopped before label r = 1, θ = 1 MONTH",2026-08-03T08:03:06Z
AOG_P07_SPHERICAL_PROJECTION,ef8b7d652edea5227166e54ca1bf6e81a4c02afd0d78c9d793e615a2db6906f6,afb1df2172f081fa426f2f86c56912079116f6441ba64df367861d00375fddc4,AOG-LM-P07-GC-Y1,2,Salah-Eddin Gherbi,S03,9,1385.95106315,687.176042852,6,printed curve labelled y=1,"solid front-side run started near filled y-axis node; stopped before label r = 1, θ = 1 MONTH",2026-08-03T08:03:06Z
AOG_P07_SPHERICAL_PROJECTION,ef8b7d652edea5227166e54ca1bf6e81a4c02afd0d78c9d793e615a2db6906f6,afb1df2172f081fa426f2f86c56912079116f6441ba64df367861d00375fddc4,AOG-LM-P07-GC-Y1,2,Salah-Eddin Gherbi,S03,10,1387.64608698,691.776821819,6,printed curve labelled y=1,"solid front-side run started near filled y-axis node; stopped before label r = 1, θ = 1 MONTH",2026-08-03T08:03:06Z
AOG_P07_SPHERICAL_PROJECTION,ef8b7d652edea5227166e54ca1bf6e81a4c02afd0d78c9d793e615a2db6906f6,afb1df2172f081fa426f2f86c56912079116f6441ba64df367861d00375fddc4,AOG-LM-P07-GC-Y1,2,Salah-Eddin Gherbi,S03,11,1389.34111081,696.377600786,6,printed curve labelled y=1,"solid front-side run started near filled y-axis node; stopped before label r = 1, θ = 1 MONTH",2026-08-03T08:03:06Z
AOG_P07_SPHERICAL_PROJECTION,ef8b7d652edea5227166e54ca1bf6e81a4c02afd0d78c9d793e615a2db6906f6,afb1df2172f081fa426f2f86c56912079116f6441ba64df367861d00375fddc4,AOG-LM-P07-GC-Y1,2,Salah-Eddin Gherbi,S03,12,1392.00471968,700.978379753,6,printed curve labelled y=1,"solid front-side run started near filled y-axis node; stopped before label r = 1, θ = 1 MONTH",2026-08-03T08:03:06Z
AOG_P07_SPHERICAL_PROJECTION,ef8b7d652edea5227166e54ca1bf6e81a4c02afd0d78c9d793e615a2db6906f6,afb1df2172f081fa426f2f86c56912079116f6441ba64df367861d00375fddc4,AOG-LM-P07-GC-Y1,2,Salah-Eddin Gherbi,S03,13,1394.4261823,707.27418255,6,printed curve labelled y=1,"solid front-side run started near filled y-axis node; stopped before label r = 1, θ = 1 MONTH",2026-08-03T08:03:06Z
AOG_P07_SPHERICAL_PROJECTION,ef8b7d652edea5227166e54ca1bf6e81a4c02afd0d78c9d793e615a2db6906f6,afb1df2172f081fa426f2f86c56912079116f6441ba64df367861d00375fddc4,AOG-LM-P07-GC-Y1,2,Salah-Eddin Gherbi,S03,14,1396.12120613,711.874961517,6,printed curve labelled y=1,"solid front-side run started near filled y-axis node; stopped before label r = 1, θ = 1 MONTH",2026-08-03T08:03:06Z
AOG_P07_SPHERICAL_PROJECTION,ef8b7d652edea5227166e54ca1bf6e81a4c02afd0d78c9d793e615a2db6906f6,afb1df2172f081fa426f2f86c56912079116f6441ba64df367861d00375fddc4,AOG-LM-P07-GC-Y1,2,Salah-Eddin Gherbi,S03,15,1397.33193743,715.991447961,6,printed curve labelled y=1,"solid front-side run started near filled y-axis node; stopped before label r = 1, θ = 1 MONTH",2026-08-03T08:03:06Z
AOG_P07_SPHERICAL_PROJECTION,ef8b7d652edea5227166e54ca1bf6e81a4c02afd0d78c9d793e615a2db6906f6,afb1df2172f081fa426f2f86c56912079116f6441ba64df367861d00375fddc4,AOG-LM-P07-GC-Y1,2,Salah-Eddin Gherbi,S03,16,1399.99554631,722.287250758,6,printed curve labelled y=1,"solid front-side run started near filled y-axis node; stopped before label r = 1, θ = 1 MONTH",2026-08-03T08:03:06Z
AOG_P07_SPHERICAL_PROJECTION,ef8b7d652edea5227166e54ca1bf6e81a4c02afd0d78c9d793e615a2db6906f6,afb1df2172f081fa426f2f86c56912079116f6441ba64df367861d00375fddc4,AOG-LM-P07-GC-Y1,2,Salah-Eddin Gherbi,S03,17,1401.69057014,726.645883464,6,printed curve labelled y=1,"solid front-side run started near filled y-axis node; stopped before label r = 1, θ = 1 MONTH",2026-08-03T08:03:06Z
AOG_P07_SPHERICAL_PROJECTION,ef8b7d652edea5227166e54ca1bf6e81a4c02afd0d78c9d793e615a2db6906f6,afb1df2172f081fa426f2f86c56912079116f6441ba64df367861d00375fddc4,AOG-LM-P07-GC-Y1,2,Salah-Eddin Gherbi,S03,18,1403.38559397,732.941686261,6,printed curve labelled y=1,"solid front-side run started near filled y-axis node; stopped before label r = 1, θ = 1 MONTH",2026-08-03T08:03:06Z
AOG_P07_SPHERICAL_PROJECTION,ef8b7d652edea5227166e54ca1bf6e81a4c02afd0d78c9d793e615a2db6906f6,afb1df2172f081fa426f2f86c56912079116f6441ba64df367861d00375fddc4,AOG-LM-P07-GC-Y1,2,Salah-Eddin Gherbi,S03,19,1405.56491032,738.026757751,6,printed curve labelled y=1,"solid front-side run started near filled y-axis node; stopped before label r = 1, θ = 1 MONTH",2026-08-03T08:03:06Z
AOG_P07_SPHERICAL_PROJECTION,ef8b7d652edea5227166e54ca1bf6e81a4c02afd0d78c9d793e615a2db6906f6,afb1df2172f081fa426f2f86c56912079116f6441ba64df367861d00375fddc4,AOG-LM-P07-GC-Y1,2,Salah-Eddin Gherbi,S03,20,1407.01778789,742.385390457,6,printed curve labelled y=1,"solid front-side run started near filled y-axis node; stopped before label r = 1, θ = 1 MONTH",2026-08-03T08:03:06Z
AOG_P07_SPHERICAL_PROJECTION,ef8b7d652edea5227166e54ca1bf6e81a4c02afd0d78c9d793e615a2db6906f6,afb1df2172f081fa426f2f86c56912079116f6441ba64df367861d00375fddc4,AOG-LM-P07-GC-Y1,2,Salah-Eddin Gherbi,S03,21,1408.71281172,746.986169424,6,printed curve labelled y=1,"solid front-side run started near filled y-axis node; stopped before label r = 1, θ = 1 MONTH",2026-08-03T08:03:06Z
AOG_P07_SPHERICAL_PROJECTION,ef8b7d652edea5227166e54ca1bf6e81a4c02afd0d78c9d793e615a2db6906f6,afb1df2172f081fa426f2f86c56912079116f6441ba64df367861d00375fddc4,AOG-LM-P07-GC-Y1,2,Salah-Eddin Gherbi,S03,22,1410.40783555,750.860509606,6,printed curve labelled y=1,"solid front-side run started near filled y-axis node; stopped before label r = 1, θ = 1 MONTH",2026-08-03T08:03:06Z
AOG_P07_SPHERICAL_PROJECTION,ef8b7d652edea5227166e54ca1bf6e81a4c02afd0d78c9d793e615a2db6906f6,afb1df2172f081fa426f2f86c56912079116f6441ba64df367861d00375fddc4,AOG-LM-P07-GC-Y1,2,Salah-Eddin Gherbi,S03,23,1411.3764206,756.187727358,6,printed curve labelled y=1,"solid front-side run started near filled y-axis node; stopped before label r = 1, θ = 1 MONTH",2026-08-03T08:03:06Z
AOG_P07_SPHERICAL_PROJECTION,ef8b7d652edea5227166e54ca1bf6e81a4c02afd0d78c9d793e615a2db6906f6,afb1df2172f081fa426f2f86c56912079116f6441ba64df367861d00375fddc4,AOG-LM-P07-GC-Y1,2,Salah-Eddin Gherbi,S04,0,1414.01745097,777.752946176,6,printed curve labelled y=1,"solid front-side run started near label r = 1, θ = 1 MONTH; stopped before filled UCLR node",2026-08-03T08:04:17Z
AOG_P07_SPHERICAL_PROJECTION,ef8b7d652edea5227166e54ca1bf6e81a4c02afd0d78c9d793e615a2db6906f6,afb1df2172f081fa426f2f86c56912079116f6441ba64df367861d00375fddc4,AOG-LM-P07-GC-Y1,2,Salah-Eddin Gherbi,S04,1,1415.16928183,780.527811442,6,printed curve labelled y=1,"solid front-side run started near label r = 1, θ = 1 MONTH; stopped before filled UCLR node",2026-08-03T08:04:17Z
AOG_P07_SPHERICAL_PROJECTION,ef8b7d652edea5227166e54ca1bf6e81a4c02afd0d78c9d793e615a2db6906f6,afb1df2172f081fa426f2f86c56912079116f6441ba64df367861d00375fddc4,AOG-LM-P07-GC-Y1,2,Salah-Eddin Gherbi,S04,2,1416.26875675,783.093252914,6,printed curve labelled y=1,"solid front-side run started near label r = 1, θ = 1 MONTH; stopped before filled UCLR node",2026-08-03T08:04:17Z
AOG_P07_SPHERICAL_PROJECTION,ef8b7d652edea5227166e54ca1bf6e81a4c02afd0d78c9d793e615a2db6906f6,afb1df2172f081fa426f2f86c56912079116f6441ba64df367861d00375fddc4,AOG-LM-P07-GC-Y1,2,Salah-Eddin Gherbi,S04,3,1417.05409598,785.344558696,6,printed curve labelled y=1,"solid front-side run started near label r = 1, θ = 1 MONTH; stopped before filled UCLR node",2026-08-03T08:04:17Z
AOG_P07_SPHERICAL_PROJECTION,ef8b7d652edea5227166e54ca1bf6e81a4c02afd0d78c9d793e615a2db6906f6,afb1df2172f081fa426f2f86c56912079116f6441ba64df367861d00375fddc4,AOG-LM-P07-GC-Y1,2,Salah-Eddin Gherbi,S04,4,1418.10121494,787.910000168,6,printed curve labelled y=1,"solid front-side run started near label r = 1, θ = 1 MONTH; stopped before filled UCLR node",2026-08-03T08:04:17Z
AOG_P07_SPHERICAL_PROJECTION,ef8b7d652edea5227166e54ca1bf6e81a4c02afd0d78c9d793e615a2db6906f6,afb1df2172f081fa426f2f86c56912079116f6441ba64df367861d00375fddc4,AOG-LM-P07-GC-Y1,2,Salah-Eddin Gherbi,S05,0,1424.48729903,818.835284554,6,printed curve labelled y=1,solid front-side run started near filled UCLR node; stopped before lower right node at outer boundary,2026-08-03T08:06:51Z
AOG_P07_SPHERICAL_PROJECTION,ef8b7d652edea5227166e54ca1bf6e81a4c02afd0d78c9d793e615a2db6906f6,afb1df2172f081fa426f2f86c56912079116f6441ba64df367861d00375fddc4,AOG-LM-P07-GC-Y1,2,Salah-Eddin Gherbi,S05,1,1424.73598979,822.068264369,6,printed curve labelled y=1,solid front-side run started near filled UCLR node; stopped before lower right node at outer boundary,2026-08-03T08:06:51Z
AOG_P07_SPHERICAL_PROJECTION,ef8b7d652edea5227166e54ca1bf6e81a4c02afd0d78c9d793e615a2db6906f6,afb1df2172f081fa426f2f86c56912079116f6441ba64df367861d00375fddc4,AOG-LM-P07-GC-Y1,2,Salah-Eddin Gherbi,S05,2,1425.2333713,826.793388713,6,printed curve labelled y=1,solid front-side run started near filled UCLR node; stopped before lower right node at outer boundary,2026-08-03T08:06:51Z
AOG_P07_SPHERICAL_PROJECTION,ef8b7d652edea5227166e54ca1bf6e81a4c02afd0d78c9d793e615a2db6906f6,afb1df2172f081fa426f2f86c56912079116f6441ba64df367861d00375fddc4,AOG-LM-P07-GC-Y1,2,Salah-Eddin Gherbi,S05,3,1426.72551583,831.767203813,6,printed curve labelled y=1,solid front-side run started near filled UCLR node; stopped before lower right node at outer boundary,2026-08-03T08:06:51Z
AOG_P07_SPHERICAL_PROJECTION,ef8b7d652edea5227166e54ca1bf6e81a4c02afd0d78c9d793e615a2db6906f6,afb1df2172f081fa426f2f86c56912079116f6441ba64df367861d00375fddc4,AOG-LM-P07-GC-Y1,2,Salah-Eddin Gherbi,S05,4,1426.97420658,835.497565138,6,printed curve labelled y=1,solid front-side run started near filled UCLR node; stopped before lower right node at outer boundary,2026-08-03T08:06:51Z
AOG_P07_SPHERICAL_PROJECTION,ef8b7d652edea5227166e54ca1bf6e81a4c02afd0d78c9d793e615a2db6906f6,afb1df2172f081fa426f2f86c56912079116f6441ba64df367861d00375fddc4,AOG-LM-P07-GC-Y1,2,Salah-Eddin Gherbi,S05,5,1427.9689696,840.222689482,6,printed curve labelled y=1,solid front-side run started near filled UCLR node; stopped before lower right node at outer boundary,2026-08-03T08:06:51Z
AOG_P07_SPHERICAL_PROJECTION,ef8b7d652edea5227166e54ca1bf6e81a4c02afd0d78c9d793e615a2db6906f6,afb1df2172f081fa426f2f86c56912079116f6441ba64df367861d00375fddc4,AOG-LM-P07-GC-Y1,2,Salah-Eddin Gherbi,S05,6,1428.46635111,844.947813827,6,printed curve labelled y=1,solid front-side run started near filled UCLR node; stopped before lower right node at outer boundary,2026-08-03T08:06:51Z
AOG_P07_SPHERICAL_PROJECTION,ef8b7d652edea5227166e54ca1bf6e81a4c02afd0d78c9d793e615a2db6906f6,afb1df2172f081fa426f2f86c56912079116f6441ba64df367861d00375fddc4,AOG-LM-P07-GC-Y1,2,Salah-Eddin Gherbi,S05,7,1428.71504187,849.175556661,6,printed curve labelled y=1,solid front-side run started near filled UCLR node; stopped before lower right node at outer boundary,2026-08-03T08:06:51Z
AOG_P07_SPHERICAL_PROJECTION,ef8b7d652edea5227166e54ca1bf6e81a4c02afd0d78c9d793e615a2db6906f6,afb1df2172f081fa426f2f86c56912079116f6441ba64df367861d00375fddc4,AOG-LM-P07-GC-Y1,2,Salah-Eddin Gherbi,S05,8,1429.21242338,854.149371761,6,printed curve labelled y=1,solid front-side run started near filled UCLR node; stopped before lower right node at outer boundary,2026-08-03T08:06:51Z
AOG_P07_SPHERICAL_PROJECTION,ef8b7d652edea5227166e54ca1bf6e81a4c02afd0d78c9d793e615a2db6906f6,afb1df2172f081fa426f2f86c56912079116f6441ba64df367861d00375fddc4,AOG-LM-P07-GC-Y1,2,Salah-Eddin Gherbi,S05,9,1429.70980488,860.11794988,6,printed curve labelled y=1,solid front-side run started near filled UCLR node; stopped before lower right node at outer boundary,2026-08-03T08:06:51Z
AOG_P07_SPHERICAL_PROJECTION,ef8b7d652edea5227166e54ca1bf6e81a4c02afd0d78c9d793e615a2db6906f6,afb1df2172f081fa426f2f86c56912079116f6441ba64df367861d00375fddc4,AOG-LM-P07-GC-Y1,2,Salah-Eddin Gherbi,S05,10,1429.95849564,864.345692715,6,printed curve labelled y=1,solid front-side run started near filled UCLR node; stopped before lower right node at outer boundary,2026-08-03T08:06:51Z
AOG_P07_SPHERICAL_PROJECTION,ef8b7d652edea5227166e54ca1bf6e81a4c02afd0d78c9d793e615a2db6906f6,afb1df2172f081fa426f2f86c56912079116f6441ba64df367861d00375fddc4,AOG-LM-P07-GC-Y1,2,Salah-Eddin Gherbi,S05,11,1429.95849564,868.573435549,6,printed curve labelled y=1,solid front-side run started near filled UCLR node; stopped before lower right node at outer boundary,2026-08-03T08:06:51Z
AOG_P07_SPHERICAL_PROJECTION,ef8b7d652edea5227166e54ca1bf6e81a4c02afd0d78c9d793e615a2db6906f6,afb1df2172f081fa426f2f86c56912079116f6441ba64df367861d00375fddc4,AOG-LM-P07-GC-Y1,2,Salah-Eddin Gherbi,S05,12,1430.45587715,872.552487629,6,printed curve labelled y=1,solid front-side run started near filled UCLR node; stopped before lower right node at outer boundary,2026-08-03T08:06:51Z
AOG_P07_SPHERICAL_PROJECTION,ef8b7d652edea5227166e54ca1bf6e81a4c02afd0d78c9d793e615a2db6906f6,afb1df2172f081fa426f2f86c56912079116f6441ba64df367861d00375fddc4,AOG-LM-P07-GC-Y1,2,Salah-Eddin Gherbi,S05,13,1430.7045679,877.526302729,6,printed curve labelled y=1,solid front-side run started near filled UCLR node; stopped before lower right node at outer boundary,2026-08-03T08:06:51Z
AOG_P07_SPHERICAL_PROJECTION,ef8b7d652edea5227166e54ca1bf6e81a4c02afd0d78c9d793e615a2db6906f6,afb1df2172f081fa426f2f86c56912079116f6441ba64df367861d00375fddc4,AOG-LM-P07-GC-Y1,2,Salah-Eddin Gherbi,S05,14,1430.7045679,882.251427073,6,printed curve labelled y=1,solid front-side run started near filled UCLR node; stopped before lower right node at outer boundary,2026-08-03T08:06:51Z
AOG_P07_SPHERICAL_PROJECTION,ef8b7d652edea5227166e54ca1bf6e81a4c02afd0d78c9d793e615a2db6906f6,afb1df2172f081fa426f2f86c56912079116f6441ba64df367861d00375fddc4,AOG-LM-P07-GC-Y1,2,Salah-Eddin Gherbi,S05,15,1430.7045679,887.225242173,6,printed curve labelled y=1,solid front-side run started near filled UCLR node; stopped before lower right node at outer boundary,2026-08-03T08:06:51Z
AOG_P07_SPHERICAL_PROJECTION,ef8b7d652edea5227166e54ca1bf6e81a4c02afd0d78c9d793e615a2db6906f6,afb1df2172f081fa426f2f86c56912079116f6441ba64df367861d00375fddc4,AOG-LM-P07-GC-Y1,2,Salah-Eddin Gherbi,S05,16,1430.7045679,892.696438782,6,printed curve labelled y=1,solid front-side run started near filled UCLR node; stopped before lower right node at outer boundary,2026-08-03T08:06:51Z
AOG_P07_SPHERICAL_PROJECTION,ef8b7d652edea5227166e54ca1bf6e81a4c02afd0d78c9d793e615a2db6906f6,afb1df2172f081fa426f2f86c56912079116f6441ba64df367861d00375fddc4,AOG-LM-P07-GC-Y1,2,Salah-Eddin Gherbi,S05,17,1430.95325866,897.172872372,6,printed curve labelled y=1,solid front-side run started near filled UCLR node; stopped before lower right node at outer boundary,2026-08-03T08:06:51Z
AOG_P07_SPHERICAL_PROJECTION,ef8b7d652edea5227166e54ca1bf6e81a4c02afd0d78c9d793e615a2db6906f6,afb1df2172f081fa426f2f86c56912079116f6441ba64df367861d00375fddc4,AOG-LM-P07-GC-Y1,2,Salah-Eddin Gherbi,S05,18,1430.95325866,902.892759736,6,printed curve labelled y=1,solid front-side run started near filled UCLR node; stopped before lower right node at outer boundary,2026-08-03T08:06:51Z
AOG_P07_SPHERICAL_PROJECTION,ef8b7d652edea5227166e54ca1bf6e81a4c02afd0d78c9d793e615a2db6906f6,afb1df2172f081fa426f2f86c56912079116f6441ba64df367861d00375fddc4,AOG-LM-P07-GC-Y1,2,Salah-Eddin Gherbi,S05,19,1430.95325866,908.115265591,6,printed curve labelled y=1,solid front-side run started near filled UCLR node; stopped before lower right node at outer boundary,2026-08-03T08:06:51Z
AOG_P07_SPHERICAL_PROJECTION,ef8b7d652edea5227166e54ca1bf6e81a4c02afd0d78c9d793e615a2db6906f6,afb1df2172f081fa426f2f86c56912079116f6441ba64df367861d00375fddc4,AOG-LM-P07-GC-Y1,2,Salah-Eddin Gherbi,S05,20,1430.95325866,912.343008425,6,printed curve labelled y=1,solid front-side run started near filled UCLR node; stopped before lower right node at outer boundary,2026-08-03T08:06:51Z
AOG_P07_SPHERICAL_PROJECTION,ef8b7d652edea5227166e54ca1bf6e81a4c02afd0d78c9d793e615a2db6906f6,afb1df2172f081fa426f2f86c56912079116f6441ba64df367861d00375fddc4,AOG-LM-P07-GC-Y1,2,Salah-Eddin Gherbi,S05,21,1430.7045679,918.06289579,6,printed curve labelled y=1,solid front-side run started near filled UCLR node; stopped before lower right node at outer boundary,2026-08-03T08:06:51Z
AOG_P07_SPHERICAL_PROJECTION,ef8b7d652edea5227166e54ca1bf6e81a4c02afd0d78c9d793e615a2db6906f6,afb1df2172f081fa426f2f86c56912079116f6441ba64df367861d00375fddc4,AOG-LM-P07-GC-Y1,2,Salah-Eddin Gherbi,S05,22,1430.95325866,923.285401644,6,printed curve labelled y=1,solid front-side run started near filled UCLR node; stopped before lower right node at outer boundary,2026-08-03T08:06:51Z
AOG_P07_SPHERICAL_PROJECTION,ef8b7d652edea5227166e54ca1bf6e81a4c02afd0d78c9d793e615a2db6906f6,afb1df2172f081fa426f2f86c56912079116f6441ba64df367861d00375fddc4,AOG-LM-P07-GC-Y1,2,Salah-Eddin Gherbi,S05,23,1430.95325866,930.746124294,6,printed curve labelled y=1,solid front-side run started near filled UCLR node; stopped before lower right node at outer boundary,2026-08-03T08:06:51Z
AOG_P07_SPHERICAL_PROJECTION,ef8b7d652edea5227166e54ca1bf6e81a4c02afd0d78c9d793e615a2db6906f6,afb1df2172f081fa426f2f86c56912079116f6441ba64df367861d00375fddc4,AOG-LM-P07-GC-Y1,2,Salah-Eddin Gherbi,S05,24,1430.95325866,936.466011658,6,printed curve labelled y=1,solid front-side run started near filled UCLR node; stopped before lower right node at outer boundary,2026-08-03T08:06:51Z
AOG_P07_SPHERICAL_PROJECTION,ef8b7d652edea5227166e54ca1bf6e81a4c02afd0d78c9d793e615a2db6906f6,afb1df2172f081fa426f2f86c56912079116f6441ba64df367861d00375fddc4,AOG-LM-P07-GC-Y1,2,Salah-Eddin Gherbi,S05,25,1430.95325866,941.688517513,6,printed curve labelled y=1,solid front-side run started near filled UCLR node; stopped before lower right node at outer boundary,2026-08-03T08:06:51Z
AOG_P07_SPHERICAL_PROJECTION,ef8b7d652edea5227166e54ca1bf6e81a4c02afd0d78c9d793e615a2db6906f6,afb1df2172f081fa426f2f86c56912079116f6441ba64df367861d00375fddc4,AOG-LM-P07-GC-Y1,2,Salah-Eddin Gherbi,S05,26,1430.95325866,946.911023367,6,printed curve labelled y=1,solid front-side run started near filled UCLR node; stopped before lower right node at outer boundary,2026-08-03T08:06:51Z
AOG_P07_SPHERICAL_PROJECTION,ef8b7d652edea5227166e54ca1bf6e81a4c02afd0d78c9d793e615a2db6906f6,afb1df2172f081fa426f2f86c56912079116f6441ba64df367861d00375fddc4,AOG-LM-P07-GC-Y1,2,Salah-Eddin Gherbi,S05,27,1430.7045679,951.636147712,6,printed curve labelled y=1,solid front-side run started near filled UCLR node; stopped before lower right node at outer boundary,2026-08-03T08:06:51Z
AOG_P07_SPHERICAL_PROJECTION,ef8b7d652edea5227166e54ca1bf6e81a4c02afd0d78c9d793e615a2db6906f6,afb1df2172f081fa426f2f86c56912079116f6441ba64df367861d00375fddc4,AOG-LM-P07-GC-Y1,2,Salah-Eddin Gherbi,S05,28,1430.7045679,956.609962811,6,printed curve labelled y=1,solid front-side run started near filled UCLR node; stopped before lower right node at outer boundary,2026-08-03T08:06:51Z
AOG_P07_SPHERICAL_PROJECTION,ef8b7d652edea5227166e54ca1bf6e81a4c02afd0d78c9d793e615a2db6906f6,afb1df2172f081fa426f2f86c56912079116f6441ba64df367861d00375fddc4,AOG-LM-P07-GC-Y1,2,Salah-Eddin Gherbi,S05,29,1429.95849564,962.329850176,6,printed curve labelled y=1,solid front-side run started near filled UCLR node; stopped before lower right node at outer boundary,2026-08-03T08:06:51Z
AOG_P07_SPHERICAL_PROJECTION,ef8b7d652edea5227166e54ca1bf6e81a4c02afd0d78c9d793e615a2db6906f6,afb1df2172f081fa426f2f86c56912079116f6441ba64df367861d00375fddc4,AOG-LM-P07-GC-Y1,2,Salah-Eddin Gherbi,S05,30,1429.95849564,967.303665275,6,printed curve labelled y=1,solid front-side run started near filled UCLR node; stopped before lower right node at outer boundary,2026-08-03T08:06:51Z
AOG_P07_SPHERICAL_PROJECTION,ef8b7d652edea5227166e54ca1bf6e81a4c02afd0d78c9d793e615a2db6906f6,afb1df2172f081fa426f2f86c56912079116f6441ba64df367861d00375fddc4,AOG-LM-P07-GC-Y1,2,Salah-Eddin Gherbi,S05,31,1429.46111413,971.53140811,6,printed curve labelled y=1,solid front-side run started near filled UCLR node; stopped before lower right node at outer boundary,2026-08-03T08:06:51Z
AOG_P07_SPHERICAL_PROJECTION,ef8b7d652edea5227166e54ca1bf6e81a4c02afd0d78c9d793e615a2db6906f6,afb1df2172f081fa426f2f86c56912079116f6441ba64df367861d00375fddc4,AOG-LM-P07-GC-Y1,2,Salah-Eddin Gherbi,S05,32,1429.70980488,975.510460189,6,printed curve labelled y=1,solid front-side run started near filled UCLR node; stopped before lower right node at outer boundary,2026-08-03T08:06:51Z
AOG_P07_SPHERICAL_PROJECTION,ef8b7d652edea5227166e54ca1bf6e81a4c02afd0d78c9d793e615a2db6906f6,afb1df2172f081fa426f2f86c56912079116f6441ba64df367861d00375fddc4,AOG-LM-P07-GC-Y1,2,Salah-Eddin Gherbi,S05,33,1429.21242338,978.494749249,6,printed curve labelled y=1,solid front-side run started near filled UCLR node; stopped before lower right node at outer boundary,2026-08-03T08:06:51Z
AOG_P07_SPHERICAL_PROJECTION,ef8b7d652edea5227166e54ca1bf6e81a4c02afd0d78c9d793e615a2db6906f6,afb1df2172f081fa426f2f86c56912079116f6441ba64df367861d00375fddc4,AOG-LM-P07-GC-YAXIS,2,Salah-Eddin Gherbi,S01,0,1133.42621662,764.630582154,2,printed curve labelled y-axis,solid front-side run started near UCLL node; stopped near exterior spiral occlusion,2026-08-03T08:22:54Z
AOG_P07_SPHERICAL_PROJECTION,ef8b7d652edea5227166e54ca1bf6e81a4c02afd0d78c9d793e615a2db6906f6,afb1df2172f081fa426f2f86c56912079116f6441ba64df367861d00375fddc4,AOG-LM-P07-GC-YAXIS,2,Salah-Eddin Gherbi,S01,1,1136.74427485,762.673778582,2,printed curve labelled y-axis,solid front-side run started near UCLL node; stopped near exterior spiral occlusion,2026-08-03T08:22:54Z
AOG_P07_SPHERICAL_PROJECTION,ef8b7d652edea5227166e54ca1bf6e81a4c02afd0d78c9d793e615a2db6906f6,afb1df2172f081fa426f2f86c56912079116f6441ba64df367861d00375fddc4,AOG-LM-P07-GC-YAXIS,2,Salah-Eddin Gherbi,S01,2,1140.06233308,761.057288675,2,printed curve labelled y-axis,solid front-side run started near UCLL node; stopped near exterior spiral occlusion,2026-08-03T08:22:54Z
AOG_P07_SPHERICAL_PROJECTION,ef8b7d652edea5227166e54ca1bf6e81a4c02afd0d78c9d793e615a2db6906f6,afb1df2172f081fa426f2f86c56912079116f6441ba64df367861d00375fddc4,AOG-LM-P07-GC-YAXIS,2,Salah-Eddin Gherbi,S01,3,1142.52960715,759.781112432,2,printed curve labelled y-axis,solid front-side run started near UCLL node; stopped near exterior spiral occlusion,2026-08-03T08:22:54Z
AOG_P07_SPHERICAL_PROJECTION,ef8b7d652edea5227166e54ca1bf6e81a4c02afd0d78c9d793e615a2db6906f6,afb1df2172f081fa426f2f86c56912079116f6441ba64df367861d00375fddc4,AOG-LM-P07-GC-YAXIS,2,Salah-Eddin Gherbi,S01,4,1145.59243013,757.82430886,2,printed curve labelled y-axis,solid front-side run started near UCLL node; stopped near exterior spiral occlusion,2026-08-03T08:22:54Z
AOG_P07_SPHERICAL_PROJECTION,ef8b7d652edea5227166e54ca1bf6e81a4c02afd0d78c9d793e615a2db6906f6,afb1df2172f081fa426f2f86c56912079116f6441ba64df367861d00375fddc4,AOG-LM-P07-GC-YAXIS,2,Salah-Eddin Gherbi,S01,5,1147.54923371,756.548132618,2,printed curve labelled y-axis,solid front-side run started near UCLL node; stopped near exterior spiral occlusion,2026-08-03T08:22:54Z
AOG_P07_SPHERICAL_PROJECTION,ef8b7d652edea5227166e54ca1bf6e81a4c02afd0d78c9d793e615a2db6906f6,afb1df2172f081fa426f2f86c56912079116f6441ba64df367861d00375fddc4,AOG-LM-P07-GC-YAXIS,2,Salah-Eddin Gherbi,S01,6,1149.0806452,755.697348456,2,printed curve labelled y-axis,solid front-side run started near UCLL node; stopped near exterior spiral occlusion,2026-08-03T08:22:54Z
AOG_P07_SPHERICAL_PROJECTION,ef8b7d652edea5227166e54ca1bf6e81a4c02afd0d78c9d793e615a2db6906f6,afb1df2172f081fa426f2f86c56912079116f6441ba64df367861d00375fddc4,AOG-LM-P07-GC-YAXIS,2,Salah-Eddin Gherbi,S01,7,1150.95237035,754.591329046,2,printed curve labelled y-axis,solid front-side run started near UCLL node; stopped near exterior spiral occlusion,2026-08-03T08:22:54Z
AOG_P07_SPHERICAL_PROJECTION,ef8b7d652edea5227166e54ca1bf6e81a4c02afd0d78c9d793e615a2db6906f6,afb1df2172f081fa426f2f86c56912079116f6441ba64df367861d00375fddc4,AOG-LM-P07-GC-YAXIS,2,Salah-Eddin Gherbi,S01,8,1154.01519334,752.71960389,2,printed curve labelled y-axis,solid front-side run started near UCLL node; stopped near exterior spiral occlusion,2026-08-03T08:22:54Z
AOG_P07_SPHERICAL_PROJECTION,ef8b7d652edea5227166e54ca1bf6e81a4c02afd0d78c9d793e615a2db6906f6,afb1df2172f081fa426f2f86c56912079116f6441ba64df367861d00375fddc4,AOG-LM-P07-GC-YAXIS,2,Salah-Eddin Gherbi,S01,9,1157.07801632,751.358349231,2,printed curve labelled y-axis,solid front-side run started near UCLL node; stopped near exterior spiral occlusion,2026-08-03T08:22:54Z
AOG_P07_SPHERICAL_PROJECTION,ef8b7d652edea5227166e54ca1bf6e81a4c02afd0d78c9d793e615a2db6906f6,afb1df2172f081fa426f2f86c56912079116f6441ba64df367861d00375fddc4,AOG-LM-P07-GC-YAXIS,2,Salah-Eddin Gherbi,S01,10,1159.6303688,749.656780907,2,printed curve labelled y-axis,solid front-side run started near UCLL node; stopped near exterior spiral occlusion,2026-08-03T08:22:54Z
AOG_P07_SPHERICAL_PROJECTION,ef8b7d652edea5227166e54ca1bf6e81a4c02afd0d78c9d793e615a2db6906f6,afb1df2172f081fa426f2f86c56912079116f6441ba64df367861d00375fddc4,AOG-LM-P07-GC-YAXIS,2,Salah-Eddin Gherbi,S01,11,1161.58717238,748.465683081,2,printed curve labelled y-axis,solid front-side run started near UCLL node; stopped near exterior spiral occlusion,2026-08-03T08:22:54Z
AOG_P07_SPHERICAL_PROJECTION,ef8b7d652edea5227166e54ca1bf6e81a4c02afd0d78c9d793e615a2db6906f6,afb1df2172f081fa426f2f86c56912079116f6441ba64df367861d00375fddc4,AOG-LM-P07-GC-YAXIS,2,Salah-Eddin Gherbi,S01,12,1164.64999536,746.764114757,2,printed curve labelled y-axis,solid front-side run started near UCLL node; stopped near exterior spiral occlusion,2026-08-03T08:22:54Z
AOG_P07_SPHERICAL_PROJECTION,ef8b7d652edea5227166e54ca1bf6e81a4c02afd0d78c9d793e615a2db6906f6,afb1df2172f081fa426f2f86c56912079116f6441ba64df367861d00375fddc4,AOG-LM-P07-GC-YAXIS,2,Salah-Eddin Gherbi,S01,13,1166.4366421,745.658095347,2,printed curve labelled y-axis,solid front-side run started near UCLL node; stopped near exterior spiral occlusion,2026-08-03T08:22:54Z
AOG_P07_SPHERICAL_PROJECTION,ef8b7d652edea5227166e54ca1bf6e81a4c02afd0d78c9d793e615a2db6906f6,afb1df2172f081fa426f2f86c56912079116f6441ba64df367861d00375fddc4,AOG-LM-P07-GC-YAXIS,2,Salah-Eddin Gherbi,S01,14,1169.75470033,743.871448607,2,printed curve labelled y-axis,solid front-side run started near UCLL node; stopped near exterior spiral occlusion,2026-08-03T08:22:54Z
AOG_P07_SPHERICAL_PROJECTION,ef8b7d652edea5227166e54ca1bf6e81a4c02afd0d78c9d793e615a2db6906f6,afb1df2172f081fa426f2f86c56912079116f6441ba64df367861d00375fddc4,AOG-LM-P07-GC-YAXIS,2,Salah-Eddin Gherbi,S01,15,1172.56228806,741.914645035,2,printed curve labelled y-axis,solid front-side run started near UCLL node; stopped near exterior spiral occlusion,2026-08-03T08:22:54Z
AOG_P07_SPHERICAL_PROJECTION,ef8b7d652edea5227166e54ca1bf6e81a4c02afd0d78c9d793e615a2db6906f6,afb1df2172f081fa426f2f86c56912079116f6441ba64df367861d00375fddc4,AOG-LM-P07-GC-YAXIS,2,Salah-Eddin Gherbi,S01,16,1175.45495421,740.383233544,2,printed curve labelled y-axis,solid front-side run started near UCLL node; stopped near exterior spiral occlusion,2026-08-03T08:22:54Z
AOG_P07_SPHERICAL_PROJECTION,ef8b7d652edea5227166e54ca1bf6e81a4c02afd0d78c9d793e615a2db6906f6,afb1df2172f081fa426f2f86c56912079116f6441ba64df367861d00375fddc4,AOG-LM-P07-GC-YAXIS,2,Salah-Eddin Gherbi,S01,17,1177.83714987,739.021978885,2,printed curve labelled y-axis,solid front-side run started near UCLL node; stopped near exterior spiral occlusion,2026-08-03T08:22:54Z
AOG_P07_SPHERICAL_PROJECTION,ef8b7d652edea5227166e54ca1bf6e81a4c02afd0d78c9d793e615a2db6906f6,afb1df2172f081fa426f2f86c56912079116f6441ba64df367861d00375fddc4,AOG-LM-P07-GC-YAXIS,2,Salah-Eddin Gherbi,S01,18,1179.87903185,737.57564581,2,printed curve labelled y-axis,solid front-side run started near UCLL node; stopped near exterior spiral occlusion,2026-08-03T08:22:54Z
AOG_P07_SPHERICAL_PROJECTION,ef8b7d652edea5227166e54ca1bf6e81a4c02afd0d78c9d793e615a2db6906f6,afb1df2172f081fa426f2f86c56912079116f6441ba64df367861d00375fddc4,AOG-LM-P07-GC-YAXIS,2,Salah-Eddin Gherbi,S01,19,1182.00599226,736.129312735,2,printed curve labelled y-axis,solid front-side run started near UCLL node; stopped near exterior spiral occlusion,2026-08-03T08:22:54Z
AOG_P07_SPHERICAL_PROJECTION,ef8b7d652edea5227166e54ca1bf6e81a4c02afd0d78c9d793e615a2db6906f6,afb1df2172f081fa426f2f86c56912079116f6441ba64df367861d00375fddc4,AOG-LM-P07-GC-YAXIS,2,Salah-Eddin Gherbi,S01,20,1185.49420732,734.512822828,2,printed curve labelled y-axis,solid front-side run started near UCLL node; stopped near exterior spiral occlusion,2026-08-03T08:22:54Z
AOG_P07_SPHERICAL_PROJECTION,ef8b7d652edea5227166e54ca1bf6e81a4c02afd0d78c9d793e615a2db6906f6,afb1df2172f081fa426f2f86c56912079116f6441ba64df367861d00375fddc4,AOG-LM-P07-GC-YAXIS,2,Salah-Eddin Gherbi,S02,0,1203.45409736,724.275271565,2,printed curve labelled y-axis,solid front-side run started near exterior spiral occlusion; stopped near central node,2026-08-03T08:24:12Z
AOG_P07_SPHERICAL_PROJECTION,ef8b7d652edea5227166e54ca1bf6e81a4c02afd0d78c9d793e615a2db6906f6,afb1df2172f081fa426f2f86c56912079116f6441ba64df367861d00375fddc4,AOG-LM-P07-GC-YAXIS,2,Salah-Eddin Gherbi,S02,1,1206.07189478,722.835482983,2,printed curve labelled y-axis,solid front-side run started near exterior spiral occlusion; stopped near central node,2026-08-03T08:24:12Z
AOG_P07_SPHERICAL_PROJECTION,ef8b7d652edea5227166e54ca1bf6e81a4c02afd0d78c9d793e615a2db6906f6,afb1df2172f081fa426f2f86c56912079116f6441ba64df367861d00375fddc4,AOG-LM-P07-GC-YAXIS,2,Salah-Eddin Gherbi,S02,2,1208.55880233,721.526584273,2,printed curve labelled y-axis,solid front-side run started near exterior spiral occlusion; stopped near central node,2026-08-03T08:24:12Z
AOG_P07_SPHERICAL_PROJECTION,ef8b7d652edea5227166e54ca1bf6e81a4c02afd0d78c9d793e615a2db6906f6,afb1df2172f081fa426f2f86c56912079116f6441ba64df367861d00375fddc4,AOG-LM-P07-GC-YAXIS,2,Salah-Eddin Gherbi,S02,3,1211.04570988,720.021350756,2,printed curve labelled y-axis,solid front-side run started near exterior spiral occlusion; stopped near central node,2026-08-03T08:24:12Z
AOG_P07_SPHERICAL_PROJECTION,ef8b7d652edea5227166e54ca1bf6e81a4c02afd0d78c9d793e615a2db6906f6,afb1df2172f081fa426f2f86c56912079116f6441ba64df367861d00375fddc4,AOG-LM-P07-GC-YAXIS,2,Salah-Eddin Gherbi,S02,4,1213.4671725,718.908786852,2,printed curve labelled y-axis,solid front-side run started near exterior spiral occlusion; stopped near central node,2026-08-03T08:24:12Z
AOG_P07_SPHERICAL_PROJECTION,ef8b7d652edea5227166e54ca1bf6e81a4c02afd0d78c9d793e615a2db6906f6,afb1df2172f081fa426f2f86c56912079116f6441ba64df367861d00375fddc4,AOG-LM-P07-GC-YAXIS,2,Salah-Eddin Gherbi,S02,5,1214.90696108,717.861667884,2,printed curve labelled y-axis,solid front-side run started near exterior spiral occlusion; stopped near central node,2026-08-03T08:24:12Z
AOG_P07_SPHERICAL_PROJECTION,ef8b7d652edea5227166e54ca1bf6e81a4c02afd0d78c9d793e615a2db6906f6,afb1df2172f081fa426f2f86c56912079116f6441ba64df367861d00375fddc4,AOG-LM-P07-GC-YAXIS,2,Salah-Eddin Gherbi,S02,6,1217.45931357,716.16009956,2,printed curve labelled y-axis,solid front-side run started near exterior spiral occlusion; stopped near central node,2026-08-03T08:24:12Z
AOG_P07_SPHERICAL_PROJECTION,ef8b7d652edea5227166e54ca1bf6e81a4c02afd0d78c9d793e615a2db6906f6,afb1df2172f081fa426f2f86c56912079116f6441ba64df367861d00375fddc4,AOG-LM-P07-GC-YAXIS,2,Salah-Eddin Gherbi,S02,7,1219.29177176,714.982090721,2,printed curve labelled y-axis,solid front-side run started near exterior spiral occlusion; stopped near central node,2026-08-03T08:24:12Z
AOG_P07_SPHERICAL_PROJECTION,ef8b7d652edea5227166e54ca1bf6e81a4c02afd0d78c9d793e615a2db6906f6,afb1df2172f081fa426f2f86c56912079116f6441ba64df367861d00375fddc4,AOG-LM-P07-GC-YAXIS,2,Salah-Eddin Gherbi,S02,8,1221.12422995,713.869526817,2,printed curve labelled y-axis,solid front-side run started near exterior spiral occlusion; stopped near central node,2026-08-03T08:24:12Z
AOG_P07_SPHERICAL_PROJECTION,ef8b7d652edea5227166e54ca1bf6e81a4c02afd0d78c9d793e615a2db6906f6,afb1df2172f081fa426f2f86c56912079116f6441ba64df367861d00375fddc4,AOG-LM-P07-GC-YAXIS,2,Salah-Eddin Gherbi,S02,9,1222.76035334,713.018742655,2,printed curve labelled y-axis,solid front-side run started near exterior spiral occlusion; stopped near central node,2026-08-03T08:24:12Z
AOG_P07_SPHERICAL_PROJECTION,ef8b7d652edea5227166e54ca1bf6e81a4c02afd0d78c9d793e615a2db6906f6,afb1df2172f081fa426f2f86c56912079116f6441ba64df367861d00375fddc4,AOG-LM-P07-GC-YAXIS,2,Salah-Eddin Gherbi,S02,10,1224.5273666,711.709843945,2,printed curve labelled y-axis,solid front-side run started near exterior spiral occlusion; stopped near central node,2026-08-03T08:24:12Z
AOG_P07_SPHERICAL_PROJECTION,ef8b7d652edea5227166e54ca1bf6e81a4c02afd0d78c9d793e615a2db6906f6,afb1df2172f081fa426f2f86c56912079116f6441ba64df367861d00375fddc4,AOG-LM-P07-GC-YAXIS,2,Salah-Eddin Gherbi,S02,11,1226.16348999,710.793614847,2,printed curve labelled y-axis,solid front-side run started near exterior spiral occlusion; stopped near central node,2026-08-03T08:24:12Z
AOG_P07_SPHERICAL_PROJECTION,ef8b7d652edea5227166e54ca1bf6e81a4c02afd0d78c9d793e615a2db6906f6,afb1df2172f081fa426f2f86c56912079116f6441ba64df367861d00375fddc4,AOG-LM-P07-GC-YAXIS,2,Salah-Eddin Gherbi,S02,12,1228.91217728,709.222936395,2,printed curve labelled y-axis,solid front-side run started near exterior spiral occlusion; stopped near central node,2026-08-03T08:24:12Z
AOG_P07_SPHERICAL_PROJECTION,ef8b7d652edea5227166e54ca1bf6e81a4c02afd0d78c9d793e615a2db6906f6,afb1df2172f081fa426f2f86c56912079116f6441ba64df367861d00375fddc4,AOG-LM-P07-GC-YAXIS,2,Salah-Eddin Gherbi,S02,13,1232.11897912,706.997808587,2,printed curve labelled y-axis,solid front-side run started near exterior spiral occlusion; stopped near central node,2026-08-03T08:24:12Z
AOG_P07_SPHERICAL_PROJECTION,ef8b7d652edea5227166e54ca1bf6e81a4c02afd0d78c9d793e615a2db6906f6,afb1df2172f081fa426f2f86c56912079116f6441ba64df367861d00375fddc4,AOG-LM-P07-GC-YAXIS,2,Salah-Eddin Gherbi,S02,14,1235.71845058,704.77268078,2,printed curve labelled y-axis,solid front-side run started near exterior spiral occlusion; stopped near central node,2026-08-03T08:24:12Z
AOG_P07_SPHERICAL_PROJECTION,ef8b7d652edea5227166e54ca1bf6e81a4c02afd0d78c9d793e615a2db6906f6,afb1df2172f081fa426f2f86c56912079116f6441ba64df367861d00375fddc4,AOG-LM-P07-GC-YAXIS,2,Salah-Eddin Gherbi,S03,0,1261.39197522,691.108650842,2,printed curve labelled y-axis,solid front-side run started near central node; stopped near interior spiral occlusion,2026-08-03T08:25:14Z
AOG_P07_SPHERICAL_PROJECTION,ef8b7d652edea5227166e54ca1bf6e81a4c02afd0d78c9d793e615a2db6906f6,afb1df2172f081fa426f2f86c56912079116f6441ba64df367861d00375fddc4,AOG-LM-P07-GC-YAXIS,2,Salah-Eddin Gherbi,S03,1,1263.17207747,690.144428792,2,printed curve labelled y-axis,solid front-side run started near central node; stopped near interior spiral occlusion,2026-08-03T08:25:14Z
AOG_P07_SPHERICAL_PROJECTION,ef8b7d652edea5227166e54ca1bf6e81a4c02afd0d78c9d793e615a2db6906f6,afb1df2172f081fa426f2f86c56912079116f6441ba64df367861d00375fddc4,AOG-LM-P07-GC-YAXIS,2,Salah-Eddin Gherbi,S03,2,1265.24886342,688.957693961,2,printed curve labelled y-axis,solid front-side run started near central node; stopped near interior spiral occlusion,2026-08-03T08:25:14Z
AOG_P07_SPHERICAL_PROJECTION,ef8b7d652edea5227166e54ca1bf6e81a4c02afd0d78c9d793e615a2db6906f6,afb1df2172f081fa426f2f86c56912079116f6441ba64df367861d00375fddc4,AOG-LM-P07-GC-YAXIS,2,Salah-Eddin Gherbi,S03,3,1267.10313659,687.696788204,2,printed curve labelled y-axis,solid front-side run started near central node; stopped near interior spiral occlusion,2026-08-03T08:25:14Z
AOG_P07_SPHERICAL_PROJECTION,ef8b7d652edea5227166e54ca1bf6e81a4c02afd0d78c9d793e615a2db6906f6,afb1df2172f081fa426f2f86c56912079116f6441ba64df367861d00375fddc4,AOG-LM-P07-GC-YAXIS,2,Salah-Eddin Gherbi,S03,4,1268.80906791,686.880908007,2,printed curve labelled y-axis,solid front-side run started near central node; stopped near interior spiral occlusion,2026-08-03T08:25:14Z
AOG_P07_SPHERICAL_PROJECTION,ef8b7d652edea5227166e54ca1bf6e81a4c02afd0d78c9d793e615a2db6906f6,afb1df2172f081fa426f2f86c56912079116f6441ba64df367861d00375fddc4,AOG-LM-P07-GC-YAXIS,2,Salah-Eddin Gherbi,S03,5,1270.58917016,685.768344104,2,printed curve labelled y-axis,solid front-side run started near central node; stopped near interior spiral occlusion,2026-08-03T08:25:14Z
AOG_P07_SPHERICAL_PROJECTION,ef8b7d652edea5227166e54ca1bf6e81a4c02afd0d78c9d793e615a2db6906f6,afb1df2172f081fa426f2f86c56912079116f6441ba64df367861d00375fddc4,AOG-LM-P07-GC-YAXIS,2,Salah-Eddin Gherbi,S03,6,1273.11098167,684.507438346,2,printed curve labelled y-axis,solid front-side run started near central node; stopped near interior spiral occlusion,2026-08-03T08:25:14Z
AOG_P07_SPHERICAL_PROJECTION,ef8b7d652edea5227166e54ca1bf6e81a4c02afd0d78c9d793e615a2db6906f6,afb1df2172f081fa426f2f86c56912079116f6441ba64df367861d00375fddc4,AOG-LM-P07-GC-YAXIS,2,Salah-Eddin Gherbi,S03,7,1275.9294769,682.7273361,2,printed curve labelled y-axis,solid front-side run started near central node; stopped near interior spiral occlusion,2026-08-03T08:25:14Z
AOG_P07_SPHERICAL_PROJECTION,ef8b7d652edea5227166e54ca1bf6e81a4c02afd0d78c9d793e615a2db6906f6,afb1df2172f081fa426f2f86c56912079116f6441ba64df367861d00375fddc4,AOG-LM-P07-GC-YAXIS,2,Salah-Eddin Gherbi,S04,0,1292.26838315,674.372548371,2,printed curve labelled y-axis,solid front-side run started near interior spiral; stopped near exterior spiral occlusion,2026-08-03T08:26:31Z
AOG_P07_SPHERICAL_PROJECTION,ef8b7d652edea5227166e54ca1bf6e81a4c02afd0d78c9d793e615a2db6906f6,afb1df2172f081fa426f2f86c56912079116f6441ba64df367861d00375fddc4,AOG-LM-P07-GC-YAXIS,2,Salah-Eddin Gherbi,S04,1,1294.41934003,673.037471687,2,printed curve labelled y-axis,solid front-side run started near interior spiral; stopped near exterior spiral occlusion,2026-08-03T08:26:31Z
AOG_P07_SPHERICAL_PROJECTION,ef8b7d652edea5227166e54ca1bf6e81a4c02afd0d78c9d793e615a2db6906f6,afb1df2172f081fa426f2f86c56912079116f6441ba64df367861d00375fddc4,AOG-LM-P07-GC-YAXIS,2,Salah-Eddin Gherbi,S04,2,1296.34778413,671.924907783,2,printed curve labelled y-axis,solid front-side run started near interior spiral; stopped near exterior spiral occlusion,2026-08-03T08:26:31Z
AOG_P07_SPHERICAL_PROJECTION,ef8b7d652edea5227166e54ca1bf6e81a4c02afd0d78c9d793e615a2db6906f6,afb1df2172f081fa426f2f86c56912079116f6441ba64df367861d00375fddc4,AOG-LM-P07-GC-YAXIS,2,Salah-Eddin Gherbi,S04,3,1298.2020573,670.812343879,2,printed curve labelled y-axis,solid front-side run started near interior spiral; stopped near exterior spiral occlusion,2026-08-03T08:26:31Z
AOG_P07_SPHERICAL_PROJECTION,ef8b7d652edea5227166e54ca1bf6e81a4c02afd0d78c9d793e615a2db6906f6,afb1df2172f081fa426f2f86c56912079116f6441ba64df367861d00375fddc4,AOG-LM-P07-GC-YAXIS,2,Salah-Eddin Gherbi,S04,4,1299.46296306,669.551438121,2,printed curve labelled y-axis,solid front-side run started near interior spiral; stopped near exterior spiral occlusion,2026-08-03T08:26:31Z
AOG_P07_SPHERICAL_PROJECTION,ef8b7d652edea5227166e54ca1bf6e81a4c02afd0d78c9d793e615a2db6906f6,afb1df2172f081fa426f2f86c56912079116f6441ba64df367861d00375fddc4,AOG-LM-P07-GC-YAXIS,2,Salah-Eddin Gherbi,S04,5,1301.39140716,668.290532364,2,printed curve labelled y-axis,solid front-side run started near interior spiral; stopped near exterior spiral occlusion,2026-08-03T08:26:31Z
AOG_P07_SPHERICAL_PROJECTION,ef8b7d652edea5227166e54ca1bf6e81a4c02afd0d78c9d793e615a2db6906f6,afb1df2172f081fa426f2f86c56912079116f6441ba64df367861d00375fddc4,AOG-LM-P07-GC-YAXIS,2,Salah-Eddin Gherbi,S04,6,1304.06156053,667.029626606,2,printed curve labelled y-axis,solid front-side run started near interior spiral; stopped near exterior spiral occlusion,2026-08-03T08:26:31Z
AOG_P07_SPHERICAL_PROJECTION,ef8b7d652edea5227166e54ca1bf6e81a4c02afd0d78c9d793e615a2db6906f6,afb1df2172f081fa426f2f86c56912079116f6441ba64df367861d00375fddc4,AOG-LM-P07-GC-YAXIS,2,Salah-Eddin Gherbi,S04,7,1306.7317139,665.397866214,2,printed curve labelled y-axis,solid front-side run started near interior spiral; stopped near exterior spiral occlusion,2026-08-03T08:26:31Z
AOG_P07_SPHERICAL_PROJECTION,ef8b7d652edea5227166e54ca1bf6e81a4c02afd0d78c9d793e615a2db6906f6,afb1df2172f081fa426f2f86c56912079116f6441ba64df367861d00375fddc4,AOG-LM-P07-GC-YAXIS,2,Salah-Eddin Gherbi,S04,8,1308.9568417,663.840276748,2,printed curve labelled y-axis,solid front-side run started near interior spiral; stopped near exterior spiral occlusion,2026-08-03T08:26:31Z
AOG_P07_SPHERICAL_PROJECTION,ef8b7d652edea5227166e54ca1bf6e81a4c02afd0d78c9d793e615a2db6906f6,afb1df2172f081fa426f2f86c56912079116f6441ba64df367861d00375fddc4,AOG-LM-P07-GC-YAXIS,2,Salah-Eddin Gherbi,S04,9,1311.33031137,662.208516356,2,printed curve labelled y-axis,solid front-side run started near interior spiral; stopped near exterior spiral occlusion,2026-08-03T08:26:31Z
AOG_P07_SPHERICAL_PROJECTION,ef8b7d652edea5227166e54ca1bf6e81a4c02afd0d78c9d793e615a2db6906f6,afb1df2172f081fa426f2f86c56912079116f6441ba64df367861d00375fddc4,AOG-LM-P07-GC-YAXIS,2,Salah-Eddin Gherbi,S04,10,1313.70378103,660.650926891,2,printed curve labelled y-axis,solid front-side run started near interior spiral; stopped near exterior spiral occlusion,2026-08-03T08:26:31Z
AOG_P07_SPHERICAL_PROJECTION,ef8b7d652edea5227166e54ca1bf6e81a4c02afd0d78c9d793e615a2db6906f6,afb1df2172f081fa426f2f86c56912079116f6441ba64df367861d00375fddc4,AOG-LM-P07-GC-YAXIS,2,Salah-Eddin Gherbi,S04,11,1316.00307976,659.167508352,2,printed curve labelled y-axis,solid front-side run started near interior spiral; stopped near exterior spiral occlusion,2026-08-03T08:26:31Z
AOG_P07_SPHERICAL_PROJECTION,ef8b7d652edea5227166e54ca1bf6e81a4c02afd0d78c9d793e615a2db6906f6,afb1df2172f081fa426f2f86c56912079116f6441ba64df367861d00375fddc4,AOG-LM-P07-GC-YAXIS,2,Salah-Eddin Gherbi,S04,12,1318.15403664,657.980773521,2,printed curve labelled y-axis,solid front-side run started near interior spiral; stopped near exterior spiral occlusion,2026-08-03T08:26:31Z
AOG_P07_SPHERICAL_PROJECTION,ef8b7d652edea5227166e54ca1bf6e81a4c02afd0d78c9d793e615a2db6906f6,afb1df2172f081fa426f2f86c56912079116f6441ba64df367861d00375fddc4,AOG-LM-P07-GC-YAXIS,2,Salah-Eddin Gherbi,S04,13,1320.45333538,656.57152591,2,printed curve labelled y-axis,solid front-side run started near interior spiral; stopped near exterior spiral occlusion,2026-08-03T08:26:31Z
AOG_P07_SPHERICAL_PROJECTION,ef8b7d652edea5227166e54ca1bf6e81a4c02afd0d78c9d793e615a2db6906f6,afb1df2172f081fa426f2f86c56912079116f6441ba64df367861d00375fddc4,AOG-LM-P07-GC-YAXIS,2,Salah-Eddin Gherbi,S04,14,1322.67846319,655.458962006,2,printed curve labelled y-axis,solid front-side run started near interior spiral; stopped near exterior spiral occlusion,2026-08-03T08:26:31Z
AOG_P07_SPHERICAL_PROJECTION,ef8b7d652edea5227166e54ca1bf6e81a4c02afd0d78c9d793e615a2db6906f6,afb1df2172f081fa426f2f86c56912079116f6441ba64df367861d00375fddc4,AOG-LM-P07-GC-YAXIS,2,Salah-Eddin Gherbi,S04,15,1326.0161549,654.123885321,2,printed curve labelled y-axis,solid front-side run started near interior spiral; stopped near exterior spiral occlusion,2026-08-03T08:26:31Z
AOG_P07_SPHERICAL_PROJECTION,ef8b7d652edea5227166e54ca1bf6e81a4c02afd0d78c9d793e615a2db6906f6,afb1df2172f081fa426f2f86c56912079116f6441ba64df367861d00375fddc4,AOG-LM-P07-GC-YAXIS,2,Salah-Eddin Gherbi,S05,0,1343.12071235,644.488972839,2,printed curve labelled y-axis,solid front-side run started near exterior spiral occlusion; stopped before filled y-axis node,2026-08-03T08:27:43Z
AOG_P07_SPHERICAL_PROJECTION,ef8b7d652edea5227166e54ca1bf6e81a4c02afd0d78c9d793e615a2db6906f6,afb1df2172f081fa426f2f86c56912079116f6441ba64df367861d00375fddc4,AOG-LM-P07-GC-YAXIS,2,Salah-Eddin Gherbi,S05,1,1344.60849389,643.721085596,2,printed curve labelled y-axis,solid front-side run started near exterior spiral occlusion; stopped before filled y-axis node,2026-08-03T08:27:43Z
AOG_P07_SPHERICAL_PROJECTION,ef8b7d652edea5227166e54ca1bf6e81a4c02afd0d78c9d793e615a2db6906f6,afb1df2172f081fa426f2f86c56912079116f6441ba64df367861d00375fddc4,AOG-LM-P07-GC-YAXIS,2,Salah-Eddin Gherbi,S05,2,1345.66433885,643.193163116,2,printed curve labelled y-axis,solid front-side run started near exterior spiral occlusion; stopped before filled y-axis node,2026-08-03T08:27:43Z
AOG_P07_SPHERICAL_PROJECTION,ef8b7d652edea5227166e54ca1bf6e81a4c02afd0d78c9d793e615a2db6906f6,afb1df2172f081fa426f2f86c56912079116f6441ba64df367861d00375fddc4,AOG-LM-P07-GC-YAXIS,2,Salah-Eddin Gherbi,S05,3,1346.86416267,642.473268825,2,printed curve labelled y-axis,solid front-side run started near exterior spiral occlusion; stopped before filled y-axis node,2026-08-03T08:27:43Z
AOG_P07_SPHERICAL_PROJECTION,ef8b7d652edea5227166e54ca1bf6e81a4c02afd0d78c9d793e615a2db6906f6,afb1df2172f081fa426f2f86c56912079116f6441ba64df367861d00375fddc4,AOG-LM-P07-GC-YAXIS,2,Salah-Eddin Gherbi,S05,4,1347.96800058,641.897353393,2,printed curve labelled y-axis,solid front-side run started near exterior spiral occlusion; stopped before filled y-axis node,2026-08-03T08:27:43Z
AOG_P07_SPHERICAL_PROJECTION,ef8b7d652edea5227166e54ca1bf6e81a4c02afd0d78c9d793e615a2db6906f6,afb1df2172f081fa426f2f86c56912079116f6441ba64df367861d00375fddc4,AOG-LM-P07-GC-YAXIS,2,Salah-Eddin Gherbi,S05,5,1349.11983144,641.273445007,2,printed curve labelled y-axis,solid front-side run started near exterior spiral occlusion; stopped before filled y-axis node,2026-08-03T08:27:43Z
AOG_P07_SPHERICAL_PROJECTION,ef8b7d652edea5227166e54ca1bf6e81a4c02afd0d78c9d793e615a2db6906f6,afb1df2172f081fa426f2f86c56912079116f6441ba64df367861d00375fddc4,AOG-LM-P07-GC-YAXIS,2,Salah-Eddin Gherbi,S06,0,1369.93485497,629.551580791,2,printed curve labelled y-axis,solid front-side run started near filled y-axis node; stopped before equator great circle (at horizon) outer boundary,2026-08-03T08:31:04Z
AOG_P07_SPHERICAL_PROJECTION,ef8b7d652edea5227166e54ca1bf6e81a4c02afd0d78c9d793e615a2db6906f6,afb1df2172f081fa426f2f86c56912079116f6441ba64df367861d00375fddc4,AOG-LM-P07-GC-YAXIS,2,Salah-Eddin Gherbi,S06,1,1373.29218016,627.43116488,2,printed curve labelled y-axis,solid front-side run started near filled y-axis node; stopped before equator great circle (at horizon) outer boundary,2026-08-03T08:31:04Z
AOG_P07_SPHERICAL_PROJECTION,ef8b7d652edea5227166e54ca1bf6e81a4c02afd0d78c9d793e615a2db6906f6,afb1df2172f081fa426f2f86c56912079116f6441ba64df367861d00375fddc4,AOG-LM-P07-GC-YAXIS,2,Salah-Eddin Gherbi,S06,2,1377.53301198,624.780644992,2,printed curve labelled y-axis,solid front-side run started near filled y-axis node; stopped before equator great circle (at horizon) outer boundary,2026-08-03T08:31:04Z
AOG_P07_SPHERICAL_PROJECTION,ef8b7d652edea5227166e54ca1bf6e81a4c02afd0d78c9d793e615a2db6906f6,afb1df2172f081fa426f2f86c56912079116f6441ba64df367861d00375fddc4,AOG-LM-P07-GC-YAXIS,2,Salah-Eddin Gherbi,S06,3,1381.59714248,622.483527755,2,printed curve labelled y-axis,solid front-side run started near filled y-axis node; stopped before equator great circle (at horizon) outer boundary,2026-08-03T08:31:04Z
AOG_P07_SPHERICAL_PROJECTION,ef8b7d652edea5227166e54ca1bf6e81a4c02afd0d78c9d793e615a2db6906f6,afb1df2172f081fa426f2f86c56912079116f6441ba64df367861d00375fddc4,AOG-LM-P07-GC-YAXIS,2,Salah-Eddin Gherbi,S06,4,1384.95446767,620.363111844,2,printed curve labelled y-axis,solid front-side run started near filled y-axis node; stopped before equator great circle (at horizon) outer boundary,2026-08-03T08:31:04Z
AOG_P07_SPHERICAL_PROJECTION,ef8b7d652edea5227166e54ca1bf6e81a4c02afd0d78c9d793e615a2db6906f6,afb1df2172f081fa426f2f86c56912079116f6441ba64df367861d00375fddc4,AOG-LM-P07-GC-YAXIS,2,Salah-Eddin Gherbi,S06,5,1388.84189684,618.065994608,2,printed curve labelled y-axis,solid front-side run started near filled y-axis node; stopped before equator great circle (at horizon) outer boundary,2026-08-03T08:31:04Z
AOG_P07_SPHERICAL_PROJECTION,ef8b7d652edea5227166e54ca1bf6e81a4c02afd0d78c9d793e615a2db6906f6,afb1df2172f081fa426f2f86c56912079116f6441ba64df367861d00375fddc4,AOG-LM-P07-GC-YAXIS,2,Salah-Eddin Gherbi,S06,6,1392.55262468,615.945578697,2,printed curve labelled y-axis,solid front-side run started near filled y-axis node; stopped before equator great circle (at horizon) outer boundary,2026-08-03T08:31:04Z
AOG_P07_SPHERICAL_PROJECTION,ef8b7d652edea5227166e54ca1bf6e81a4c02afd0d78c9d793e615a2db6906f6,afb1df2172f081fa426f2f86c56912079116f6441ba64df367861d00375fddc4,AOG-LM-P07-GC-YAXIS,2,Salah-Eddin Gherbi,S06,7,1395.90994987,614.001864112,2,printed curve labelled y-axis,solid front-side run started near filled y-axis node; stopped before equator great circle (at horizon) outer boundary,2026-08-03T08:31:04Z
AOG_P07_SPHERICAL_PROJECTION,ef8b7d652edea5227166e54ca1bf6e81a4c02afd0d78c9d793e615a2db6906f6,afb1df2172f081fa426f2f86c56912079116f6441ba64df367861d00375fddc4,AOG-LM-P07-GC-YAXIS,2,Salah-Eddin Gherbi,S06,8,1399.97408037,611.881448201,2,printed curve labelled y-axis,solid front-side run started near filled y-axis node; stopped before equator great circle (at horizon) outer boundary,2026-08-03T08:31:04Z
AOG_P07_SPHERICAL_PROJECTION,ef8b7d652edea5227166e54ca1bf6e81a4c02afd0d78c9d793e615a2db6906f6,afb1df2172f081fa426f2f86c56912079116f6441ba64df367861d00375fddc4,AOG-LM-P07-GC-YAXIS,2,Salah-Eddin Gherbi,S06,9,1403.33140556,609.407629638,2,printed curve labelled y-axis,solid front-side run started near filled y-axis node; stopped before equator great circle (at horizon) outer boundary,2026-08-03T08:31:04Z
AOG_P07_SPHERICAL_PROJECTION,ef8b7d652edea5227166e54ca1bf6e81a4c02afd0d78c9d793e615a2db6906f6,afb1df2172f081fa426f2f86c56912079116f6441ba64df367861d00375fddc4,AOG-LM-P07-GC-YAXIS,2,Salah-Eddin Gherbi,S06,10,1406.51202943,607.463915053,2,printed curve labelled y-axis,solid front-side run started near filled y-axis node; stopped before equator great circle (at horizon) outer boundary,2026-08-03T08:31:04Z
AOG_P07_SPHERICAL_PROJECTION,ef8b7d652edea5227166e54ca1bf6e81a4c02afd0d78c9d793e615a2db6906f6,afb1df2172f081fa426f2f86c56912079116f6441ba64df367861d00375fddc4,AOG-LM-P07-GC-YAXIS,2,Salah-Eddin Gherbi,S06,11,1409.86935462,605.696901794,2,printed curve labelled y-axis,solid front-side run started near filled y-axis node; stopped before equator great circle (at horizon) outer boundary,2026-08-03T08:31:04Z
AOG_P07_SPHERICAL_PROJECTION,ef8b7d652edea5227166e54ca1bf6e81a4c02afd0d78c9d793e615a2db6906f6,afb1df2172f081fa426f2f86c56912079116f6441ba64df367861d00375fddc4,AOG-LM-P07-GC-YAXIS,2,Salah-Eddin Gherbi,S06,12,1413.75678379,603.046381906,2,printed curve labelled y-axis,solid front-side run started near filled y-axis node; stopped before equator great circle (at horizon) outer boundary,2026-08-03T08:31:04Z
AOG_P07_SPHERICAL_PROJECTION,ef8b7d652edea5227166e54ca1bf6e81a4c02afd0d78c9d793e615a2db6906f6,afb1df2172f081fa426f2f86c56912079116f6441ba64df367861d00375fddc4,AOG-LM-P07-GC-YAXIS,2,Salah-Eddin Gherbi,S06,13,1416.40730368,601.809472624,2,printed curve labelled y-axis,solid front-side run started near filled y-axis node; stopped before equator great circle (at horizon) outer boundary,2026-08-03T08:31:04Z
AOG_P07_SPHERICAL_PROJECTION,ef8b7d652edea5227166e54ca1bf6e81a4c02afd0d78c9d793e615a2db6906f6,afb1df2172f081fa426f2f86c56912079116f6441ba64df367861d00375fddc4,AOG-LM-P07-GC-YAXIS,2,Salah-Eddin Gherbi,S06,14,1419.58792755,599.335654062,2,printed curve labelled y-axis,solid front-side run started near filled y-axis node; stopped before equator great circle (at horizon) outer boundary,2026-08-03T08:31:04Z
AOG_P07_SPHERICAL_PROJECTION,ef8b7d652edea5227166e54ca1bf6e81a4c02afd0d78c9d793e615a2db6906f6,afb1df2172f081fa426f2f86c56912079116f6441ba64df367861d00375fddc4,AOG-LM-P07-GC-YAXIS,2,Salah-Eddin Gherbi,S06,15,1423.29865539,597.391939477,2,printed curve labelled y-axis,solid front-side run started near filled y-axis node; stopped before equator great circle (at horizon) outer boundary,2026-08-03T08:31:04Z
AOG_P07_SPHERICAL_PROJECTION,ef8b7d652edea5227166e54ca1bf6e81a4c02afd0d78c9d793e615a2db6906f6,afb1df2172f081fa426f2f86c56912079116f6441ba64df367861d00375fddc4,AOG-LM-P07-GC-YAXIS,2,Salah-Eddin Gherbi,S06,16,1427.36278588,595.271523566,2,printed curve labelled y-axis,solid front-side run started near filled y-axis node; stopped before equator great circle (at horizon) outer boundary,2026-08-03T08:31:04Z
AOG_P07_SPHERICAL_PROJECTION,ef8b7d652edea5227166e54ca1bf6e81a4c02afd0d78c9d793e615a2db6906f6,afb1df2172f081fa426f2f86c56912079116f6441ba64df367861d00375fddc4,AOG-LM-P07-GC-YAXIS,2,Salah-Eddin Gherbi,S06,17,1431.07351373,593.151107655,2,printed curve labelled y-axis,solid front-side run started near filled y-axis node; stopped before equator great circle (at horizon) outer boundary,2026-08-03T08:31:04Z
AOG_P07_SPHERICAL_PROJECTION,ef8b7d652edea5227166e54ca1bf6e81a4c02afd0d78c9d793e615a2db6906f6,afb1df2172f081fa426f2f86c56912079116f6441ba64df367861d00375fddc4,AOG-LM-P07-GC-YAXIS,2,Salah-Eddin Gherbi,S06,18,1435.49104688,590.500587766,2,printed curve labelled y-axis,solid front-side run started near filled y-axis node; stopped before equator great circle (at horizon) outer boundary,2026-08-03T08:31:04Z
AOG_P07_SPHERICAL_PROJECTION,ef8b7d652edea5227166e54ca1bf6e81a4c02afd0d78c9d793e615a2db6906f6,afb1df2172f081fa426f2f86c56912079116f6441ba64df367861d00375fddc4,AOG-LM-P07-GC-YAXIS,2,Salah-Eddin Gherbi,S06,19,1439.02507339,588.556873181,2,printed curve labelled y-axis,solid front-side run started near filled y-axis node; stopped before equator great circle (at horizon) outer boundary,2026-08-03T08:31:04Z
AOG_P07_SPHERICAL_PROJECTION,ef8b7d652edea5227166e54ca1bf6e81a4c02afd0d78c9d793e615a2db6906f6,afb1df2172f081fa426f2f86c56912079116f6441ba64df367861d00375fddc4,AOG-LM-P07-GC-YAXIS,2,Salah-Eddin Gherbi,S06,20,1441.85229461,586.789859922,2,printed curve labelled y-axis,solid front-side run started near filled y-axis node; stopped before equator great circle (at horizon) outer boundary,2026-08-03T08:31:04Z
AOG_P07_SPHERICAL_PROJECTION,ef8b7d652edea5227166e54ca1bf6e81a4c02afd0d78c9d793e615a2db6906f6,afb1df2172f081fa426f2f86c56912079116f6441ba64df367861d00375fddc4,AOG-LM-P07-GC-YAXIS,2,Salah-Eddin Gherbi,S06,21,1445.2096198,585.376249315,2,printed curve labelled y-axis,solid front-side run started near filled y-axis node; stopped before equator great circle (at horizon) outer boundary,2026-08-03T08:31:04Z
AOG_P07_SPHERICAL_PROJECTION,ef8b7d652edea5227166e54ca1bf6e81a4c02afd0d78c9d793e615a2db6906f6,afb1df2172f081fa426f2f86c56912079116f6441ba64df367861d00375fddc4,AOG-LM-P07-GC-YAXIS,2,Salah-Eddin Gherbi,S06,22,1449.62715295,582.372326775,2,printed curve labelled y-axis,solid front-side run started near filled y-axis node; stopped before equator great circle (at horizon) outer boundary,2026-08-03T08:31:04Z
AOG_P07_SPHERICAL_PROJECTION,ef8b7d652edea5227166e54ca1bf6e81a4c02afd0d78c9d793e615a2db6906f6,afb1df2172f081fa426f2f86c56912079116f6441ba64df367861d00375fddc4,AOG-LM-P07-GC-YAXIS,2,Salah-Eddin Gherbi,S06,23,1453.51458212,579.898508212,2,printed curve labelled y-axis,solid front-side run started near filled y-axis node; stopped before equator great circle (at horizon) outer boundary,2026-08-03T08:31:04Z
AOG_P07_SPHERICAL_PROJECTION,ef8b7d652edea5227166e54ca1bf6e81a4c02afd0d78c9d793e615a2db6906f6,afb1df2172f081fa426f2f86c56912079116f6441ba64df367861d00375fddc4,AOG-LM-P07-GC-YAXIS,2,Salah-Eddin Gherbi,S06,24,1457.40201129,577.424689649,2,printed curve labelled y-axis,solid front-side run started near filled y-axis node; stopped before equator great circle (at horizon) outer boundary,2026-08-03T08:31:04Z
AOG_P07_SPHERICAL_PROJECTION,ef8b7d652edea5227166e54ca1bf6e81a4c02afd0d78c9d793e615a2db6906f6,afb1df2172f081fa426f2f86c56912079116f6441ba64df367861d00375fddc4,AOG-LM-P07-GC-YAXIS,2,Salah-Eddin Gherbi,S06,25,1460.93603781,575.480975065,2,printed curve labelled y-axis,solid front-side run started near filled y-axis node; stopped before equator great circle (at horizon) outer boundary,2026-08-03T08:31:04Z
AOG_P07_SPHERICAL_PROJECTION,ef8b7d652edea5227166e54ca1bf6e81a4c02afd0d78c9d793e615a2db6906f6,afb1df2172f081fa426f2f86c56912079116f6441ba64df367861d00375fddc4,AOG-LM-P07-GC-YAXIS,2,Salah-Eddin Gherbi,S06,26,1465.35357095,573.713961805,2,printed curve labelled y-axis,solid front-side run started near filled y-axis node; stopped before equator great circle (at horizon) outer boundary,2026-08-03T08:31:04Z
AOG_P07_SPHERICAL_PROJECTION,ef8b7d652edea5227166e54ca1bf6e81a4c02afd0d78c9d793e615a2db6906f6,afb1df2172f081fa426f2f86c56912079116f6441ba64df367861d00375fddc4,AOG-LM-P07-GC-YAXIS,2,Salah-Eddin Gherbi,S06,27,1469.24100012,571.416844569,2,printed curve labelled y-axis,solid front-side run started near filled y-axis node; stopped before equator great circle (at horizon) outer boundary,2026-08-03T08:31:04Z
AOG_P07_SPHERICAL_PROJECTION,ef8b7d652edea5227166e54ca1bf6e81a4c02afd0d78c9d793e615a2db6906f6,afb1df2172f081fa426f2f86c56912079116f6441ba64df367861d00375fddc4,AOG-LM-P07-GC-YAXIS,2,Salah-Eddin Gherbi,S06,28,1472.95172797,569.119727332,2,printed curve labelled y-axis,solid front-side run started near filled y-axis node; stopped before equator great circle (at horizon) outer boundary,2026-08-03T08:31:04Z
AOG_P07_SPHERICAL_PROJECTION,ef8b7d652edea5227166e54ca1bf6e81a4c02afd0d78c9d793e615a2db6906f6,afb1df2172f081fa426f2f86c56912079116f6441ba64df367861d00375fddc4,AOG-LM-P07-GC-YAXIS,2,Salah-Eddin Gherbi,S06,29,1476.30905316,566.999311421,2,printed curve labelled y-axis,solid front-side run started near filled y-axis node; stopped before equator great circle (at horizon) outer boundary,2026-08-03T08:31:04Z
AOG_P07_SPHERICAL_PROJECTION,ef8b7d652edea5227166e54ca1bf6e81a4c02afd0d78c9d793e615a2db6906f6,afb1df2172f081fa426f2f86c56912079116f6441ba64df367861d00375fddc4,AOG-LM-P07-GC-YAXIS,2,Salah-Eddin Gherbi,S06,30,1480.19648233,564.702194184,2,printed curve labelled y-axis,solid front-side run started near filled y-axis node; stopped before equator great circle (at horizon) outer boundary,2026-08-03T08:31:04Z
AOG_P07_SPHERICAL_PROJECTION,ef8b7d652edea5227166e54ca1bf6e81a4c02afd0d78c9d793e615a2db6906f6,afb1df2172f081fa426f2f86c56912079116f6441ba64df367861d00375fddc4,AOG-LM-P07-GC-YAXIS,2,Salah-Eddin Gherbi,S06,31,1482.84700222,563.111882251,2,printed curve labelled y-axis,solid front-side run started near filled y-axis node; stopped before equator great circle (at horizon) outer boundary,2026-08-03T08:31:04Z
AOG_P07_SPHERICAL_PROJECTION,ef8b7d652edea5227166e54ca1bf6e81a4c02afd0d78c9d793e615a2db6906f6,afb1df2172f081fa426f2f86c56912079116f6441ba64df367861d00375fddc4,AOG-LM-P07-GC-YAXIS,2,Salah-Eddin Gherbi,S06,32,1485.85092476,561.521570318,2,printed curve labelled y-axis,solid front-side run started near filled y-axis node; stopped before equator great circle (at horizon) outer boundary,2026-08-03T08:31:04Z
AOG_P07_SPHERICAL_PROJECTION,ef8b7d652edea5227166e54ca1bf6e81a4c02afd0d78c9d793e615a2db6906f6,afb1df2172f081fa426f2f86c56912079116f6441ba64df367861d00375fddc4,AOG-LM-P07-GC-YAXIS,2,Salah-Eddin Gherbi,S06,33,1488.8548473,559.401154407,2,printed curve labelled y-axis,solid front-side run started near filled y-axis node; stopped before equator great circle (at horizon) outer boundary,2026-08-03T08:31:04Z
AOG_P07_SPHERICAL_PROJECTION,ef8b7d652edea5227166e54ca1bf6e81a4c02afd0d78c9d793e615a2db6906f6,afb1df2172f081fa426f2f86c56912079116f6441ba64df367861d00375fddc4,AOG-LM-P07-GC-YAXIS,2,Salah-Eddin Gherbi,S06,34,1492.74227647,557.457439822,2,printed curve labelled y-axis,solid front-side run started near filled y-axis node; stopped before equator great circle (at horizon) outer boundary,2026-08-03T08:31:04Z
AOG_P07_SPHERICAL_PROJECTION,ef8b7d652edea5227166e54ca1bf6e81a4c02afd0d78c9d793e615a2db6906f6,afb1df2172f081fa426f2f86c56912079116f6441ba64df367861d00375fddc4,AOG-LM-P07-GC-YAXIS,2,Salah-Eddin Gherbi,S06,35,1496.45300431,555.337023911,2,printed curve labelled y-axis,solid front-side run started near filled y-axis node; stopped before equator great circle (at horizon) outer boundary,2026-08-03T08:31:04Z
AOG_P07_SPHERICAL_PROJECTION,ef8b7d652edea5227166e54ca1bf6e81a4c02afd0d78c9d793e615a2db6906f6,afb1df2172f081fa426f2f86c56912079116f6441ba64df367861d00375fddc4,AOG-LM-P07-GC-YAXIS,2,Salah-Eddin Gherbi,S06,36,1499.81032951,553.393309326,2,printed curve labelled y-axis,solid front-side run started near filled y-axis node; stopped before equator great circle (at horizon) outer boundary,2026-08-03T08:31:04Z
AOG_P07_SPHERICAL_PROJECTION,ef8b7d652edea5227166e54ca1bf6e81a4c02afd0d78c9d793e615a2db6906f6,afb1df2172f081fa426f2f86c56912079116f6441ba64df367861d00375fddc4,AOG-LM-P07-GC-YAXIS,2,Salah-Eddin Gherbi,S06,37,1503.87446,551.09619209,2,printed curve labelled y-axis,solid front-side run started near filled y-axis node; stopped before equator great circle (at horizon) outer boundary,2026-08-03T08:31:04Z
AOG_P07_SPHERICAL_PROJECTION,ef8b7d652edea5227166e54ca1bf6e81a4c02afd0d78c9d793e615a2db6906f6,afb1df2172f081fa426f2f86c56912079116f6441ba64df367861d00375fddc4,AOG-LM-P07-GC-YAXIS,2,Salah-Eddin Gherbi,S06,38,1508.29199315,548.622373527,2,printed curve labelled y-axis,solid front-side run started near filled y-axis node; stopped before equator great circle (at horizon) outer boundary,2026-08-03T08:31:04Z
AOG_P07_SPHERICAL_PROJECTION,ef8b7d652edea5227166e54ca1bf6e81a4c02afd0d78c9d793e615a2db6906f6,afb1df2172f081fa426f2f86c56912079116f6441ba64df367861d00375fddc4,AOG-LM-P07-GC-YAXIS,2,Salah-Eddin Gherbi,S06,39,1512.53282497,545.795152313,2,printed curve labelled y-axis,solid front-side run started near filled y-axis node; stopped before equator great circle (at horizon) outer boundary,2026-08-03T08:31:04Z
AOG_P07_SPHERICAL_PROJECTION,ef8b7d652edea5227166e54ca1bf6e81a4c02afd0d78c9d793e615a2db6906f6,afb1df2172f081fa426f2f86c56912079116f6441ba64df367861d00375fddc4,AOG-LM-P07-GC-YAXIS,2,Salah-Eddin Gherbi,S06,40,1516.59695547,543.32133375,2,printed curve labelled y-axis,solid front-side run started near filled y-axis node; stopped before equator great circle (at horizon) outer boundary,2026-08-03T08:31:04Z
AOG_P07_SPHERICAL_PROJECTION,ef8b7d652edea5227166e54ca1bf6e81a4c02afd0d78c9d793e615a2db6906f6,afb1df2172f081fa426f2f86c56912079116f6441ba64df367861d00375fddc4,AOG-LM-P07-GC-YAXIS,2,Salah-Eddin Gherbi,S06,41,1521.01448861,540.670813861,2,printed curve labelled y-axis,solid front-side run started near filled y-axis node; stopped before equator great circle (at horizon) outer boundary,2026-08-03T08:31:04Z
AOG_P07_SPHERICAL_PROJECTION,ef8b7d652edea5227166e54ca1bf6e81a4c02afd0d78c9d793e615a2db6906f6,afb1df2172f081fa426f2f86c56912079116f6441ba64df367861d00375fddc4,AOG-LM-P07-GC-YAXIS,2,Salah-Eddin Gherbi,S06,42,1524.54851513,538.55039795,2,printed curve labelled y-axis,solid front-side run started near filled y-axis node; stopped before equator great circle (at horizon) outer boundary,2026-08-03T08:31:04Z
AOG_P07_SPHERICAL_PROJECTION,ef8b7d652edea5227166e54ca1bf6e81a4c02afd0d78c9d793e615a2db6906f6,afb1df2172f081fa426f2f86c56912079116f6441ba64df367861d00375fddc4,AOG-LM-P07-GC-YAXIS,2,Salah-Eddin Gherbi,S06,43,1528.61264563,536.076579388,2,printed curve labelled y-axis,solid front-side run started near filled y-axis node; stopped before equator great circle (at horizon) outer boundary,2026-08-03T08:31:04Z
AOG_P07_SPHERICAL_PROJECTION,ef8b7d652edea5227166e54ca1bf6e81a4c02afd0d78c9d793e615a2db6906f6,afb1df2172f081fa426f2f86c56912079116f6441ba64df367861d00375fddc4,AOG-LM-P07-GC-YAXIS,2,Salah-Eddin Gherbi,S06,44,1533.03017878,534.132864803,2,printed curve labelled y-axis,solid front-side run started near filled y-axis node; stopped before equator great circle (at horizon) outer boundary,2026-08-03T08:31:04Z
AOG_P07_SPHERICAL_PROJECTION,ef8b7d652edea5227166e54ca1bf6e81a4c02afd0d78c9d793e615a2db6906f6,afb1df2172f081fa426f2f86c56912079116f6441ba64df367861d00375fddc4,AOG-LM-P07-GC-YAXIS,2,Salah-Eddin Gherbi,S06,45,1536.74090662,532.012448892,2,printed curve labelled y-axis,solid front-side run started near filled y-axis node; stopped before equator great circle (at horizon) outer boundary,2026-08-03T08:31:04Z
AOG_P07_SPHERICAL_PROJECTION,ef8b7d652edea5227166e54ca1bf6e81a4c02afd0d78c9d793e615a2db6906f6,afb1df2172f081fa426f2f86c56912079116f6441ba64df367861d00375fddc4,AOG-LM-P07-GC-YAXIS,2,Salah-Eddin Gherbi,S06,46,1539.74482916,529.715331655,2,printed curve labelled y-axis,solid front-side run started near filled y-axis node; stopped before equator great circle (at horizon) outer boundary,2026-08-03T08:31:04Z
AOG_P07_SPHERICAL_PROJECTION,ef8b7d652edea5227166e54ca1bf6e81a4c02afd0d78c9d793e615a2db6906f6,afb1df2172f081fa426f2f86c56912079116f6441ba64df367861d00375fddc4,AOG-LM-P07-GC-YAXIS,2,Salah-Eddin Gherbi,S06,47,1543.98566098,527.418214418,2,printed curve labelled y-axis,solid front-side run started near filled y-axis node; stopped before equator great circle (at horizon) outer boundary,2026-08-03T08:31:04Z
AOG_P07_SPHERICAL_PROJECTION,ef8b7d652edea5227166e54ca1bf6e81a4c02afd0d78c9d793e615a2db6906f6,afb1df2172f081fa426f2f86c56912079116f6441ba64df367861d00375fddc4,AOG-LM-P07-GC-X1,2,Salah-Eddin Gherbi,S01,78,922.454606602,700.629340097,6,printed curve labelled x=1,solid front-side run started near filled middle left node; stopped before filled UCLL node,2026-08-03T08:37:42Z
AOG_P07_SPHERICAL_PROJECTION,ef8b7d652edea5227166e54ca1bf6e81a4c02afd0d78c9d793e615a2db6906f6,afb1df2172f081fa426f2f86c56912079116f6441ba64df367861d00375fddc4,AOG-LM-P07-GC-X1,2,Salah-Eddin Gherbi,S01,79,924.919699173,703.587451182,6,printed curve labelled x=1,solid front-side run started near filled middle left node; stopped before filled UCLL node,2026-08-03T08:37:42Z
AOG_P07_SPHERICAL_PROJECTION,ef8b7d652edea5227166e54ca1bf6e81a4c02afd0d78c9d793e615a2db6906f6,afb1df2172f081fa426f2f86c56912079116f6441ba64df367861d00375fddc4,AOG-LM-P07-GC-X1,2,Salah-Eddin Gherbi,S01,80,926.89177323,706.545562268,6,printed curve labelled x=1,solid front-side run started near filled middle left node; stopped before filled UCLL node,2026-08-03T08:37:42Z
AOG_P07_SPHERICAL_PROJECTION,ef8b7d652edea5227166e54ca1bf6e81a4c02afd0d78c9d793e615a2db6906f6,afb1df2172f081fa426f2f86c56912079116f6441ba64df367861d00375fddc4,AOG-LM-P07-GC-X1,2,Salah-Eddin Gherbi,S01,81,929.603375059,709.503673353,6,printed curve labelled x=1,solid front-side run started near filled middle left node; stopped before filled UCLL node,2026-08-03T08:37:42Z
AOG_P07_SPHERICAL_PROJECTION,ef8b7d652edea5227166e54ca1bf6e81a4c02afd0d78c9d793e615a2db6906f6,afb1df2172f081fa426f2f86c56912079116f6441ba64df367861d00375fddc4,AOG-LM-P07-GC-X1,2,Salah-Eddin Gherbi,S01,82,932.314976887,711.722256667,6,printed curve labelled x=1,solid front-side run started near filled middle left node; stopped before filled UCLL node,2026-08-03T08:37:42Z
AOG_P07_SPHERICAL_PROJECTION,ef8b7d652edea5227166e54ca1bf6e81a4c02afd0d78c9d793e615a2db6906f6,afb1df2172f081fa426f2f86c56912079116f6441ba64df367861d00375fddc4,AOG-LM-P07-GC-X1,2,Salah-Eddin Gherbi,S01,83,936.012615744,714.92687701,6,printed curve labelled x=1,solid front-side run started near filled middle left node; stopped before filled UCLL node,2026-08-03T08:37:42Z
AOG_P07_SPHERICAL_PROJECTION,ef8b7d652edea5227166e54ca1bf6e81a4c02afd0d78c9d793e615a2db6906f6,afb1df2172f081fa426f2f86c56912079116f6441ba64df367861d00375fddc4,AOG-LM-P07-GC-X1,2,Salah-Eddin Gherbi,S01,84,938.231199058,717.391969581,6,printed curve labelled x=1,solid front-side run started near filled middle left node; stopped before filled UCLL node,2026-08-03T08:37:42Z
AOG_P07_SPHERICAL_PROJECTION,ef8b7d652edea5227166e54ca1bf6e81a4c02afd0d78c9d793e615a2db6906f6,afb1df2172f081fa426f2f86c56912079116f6441ba64df367861d00375fddc4,AOG-LM-P07-GC-X1,2,Salah-Eddin Gherbi,S01,85,940.449782372,720.10357141,6,printed curve labelled x=1,solid front-side run started near filled middle left node; stopped before filled UCLL node,2026-08-03T08:37:42Z
AOG_P07_SPHERICAL_PROJECTION,ef8b7d652edea5227166e54ca1bf6e81a4c02afd0d78c9d793e615a2db6906f6,afb1df2172f081fa426f2f86c56912079116f6441ba64df367861d00375fddc4,AOG-LM-P07-GC-X1,2,Salah-Eddin Gherbi,S01,86,943.161384201,723.061682495,6,printed curve labelled x=1,solid front-side run started near filled middle left node; stopped before filled UCLL node,2026-08-03T08:37:42Z
AOG_P07_SPHERICAL_PROJECTION,ef8b7d652edea5227166e54ca1bf6e81a4c02afd0d78c9d793e615a2db6906f6,afb1df2172f081fa426f2f86c56912079116f6441ba64df367861d00375fddc4,AOG-LM-P07-GC-X1,2,Salah-Eddin Gherbi,S01,87,945.626476772,725.280265809,6,printed curve labelled x=1,solid front-side run started near filled middle left node; stopped before filled UCLL node,2026-08-03T08:37:42Z
AOG_P07_SPHERICAL_PROJECTION,ef8b7d652edea5227166e54ca1bf6e81a4c02afd0d78c9d793e615a2db6906f6,afb1df2172f081fa426f2f86c56912079116f6441ba64df367861d00375fddc4,AOG-LM-P07-GC-X1,2,Salah-Eddin Gherbi,S01,88,948.831097114,727.252339866,6,printed curve labelled x=1,solid front-side run started near filled middle left node; stopped before filled UCLL node,2026-08-03T08:37:42Z
AOG_P07_SPHERICAL_PROJECTION,ef8b7d652edea5227166e54ca1bf6e81a4c02afd0d78c9d793e615a2db6906f6,afb1df2172f081fa426f2f86c56912079116f6441ba64df367861d00375fddc4,AOG-LM-P07-GC-X1,2,Salah-Eddin Gherbi,S01,89,952.282226714,729.963941695,6,printed curve labelled x=1,solid front-side run started near filled middle left node; stopped before filled UCLL node,2026-08-03T08:37:42Z
AOG_P07_SPHERICAL_PROJECTION,ef8b7d652edea5227166e54ca1bf6e81a4c02afd0d78c9d793e615a2db6906f6,afb1df2172f081fa426f2f86c56912079116f6441ba64df367861d00375fddc4,AOG-LM-P07-GC-X1,2,Salah-Eddin Gherbi,S01,90,955.2403378,733.661580552,6,printed curve labelled x=1,solid front-side run started near filled middle left node; stopped before filled UCLL node,2026-08-03T08:37:42Z
AOG_P07_SPHERICAL_PROJECTION,ef8b7d652edea5227166e54ca1bf6e81a4c02afd0d78c9d793e615a2db6906f6,afb1df2172f081fa426f2f86c56912079116f6441ba64df367861d00375fddc4,AOG-LM-P07-GC-X1,2,Salah-Eddin Gherbi,S01,91,960.910050714,737.112710151,6,printed curve labelled x=1,solid front-side run started near filled middle left node; stopped before filled UCLL node,2026-08-03T08:37:42Z
AOG_P07_SPHERICAL_PROJECTION,ef8b7d652edea5227166e54ca1bf6e81a4c02afd0d78c9d793e615a2db6906f6,afb1df2172f081fa426f2f86c56912079116f6441ba64df367861d00375fddc4,AOG-LM-P07-GC-X1,2,Salah-Eddin Gherbi,S01,92,964.854198828,739.577802723,6,printed curve labelled x=1,solid front-side run started near filled middle left node; stopped before filled UCLL node,2026-08-03T08:37:42Z
AOG_P07_SPHERICAL_PROJECTION,ef8b7d652edea5227166e54ca1bf6e81a4c02afd0d78c9d793e615a2db6906f6,afb1df2172f081fa426f2f86c56912079116f6441ba64df367861d00375fddc4,AOG-LM-P07-GC-X1,2,Salah-Eddin Gherbi,S01,93,969.044856199,742.782423065,6,printed curve labelled x=1,solid front-side run started near filled middle left node; stopped before filled UCLL node,2026-08-03T08:37:42Z
AOG_P07_SPHERICAL_PROJECTION,ef8b7d652edea5227166e54ca1bf6e81a4c02afd0d78c9d793e615a2db6906f6,afb1df2172f081fa426f2f86c56912079116f6441ba64df367861d00375fddc4,AOG-LM-P07-GC-X1,2,Salah-Eddin Gherbi,S01,94,973.23551357,745.494024894,6,printed curve labelled x=1,solid front-side run started near filled middle left node; stopped before filled UCLL node,2026-08-03T08:37:42Z
AOG_P07_SPHERICAL_PROJECTION,ef8b7d652edea5227166e54ca1bf6e81a4c02afd0d78c9d793e615a2db6906f6,afb1df2172f081fa426f2f86c56912079116f6441ba64df367861d00375fddc4,AOG-LM-P07-GC-X1,2,Salah-Eddin Gherbi,S01,95,976.933152427,747.712608208,6,printed curve labelled x=1,solid front-side run started near filled middle left node; stopped before filled UCLL node,2026-08-03T08:37:42Z
AOG_P07_SPHERICAL_PROJECTION,ef8b7d652edea5227166e54ca1bf6e81a4c02afd0d78c9d793e615a2db6906f6,afb1df2172f081fa426f2f86c56912079116f6441ba64df367861d00375fddc4,AOG-LM-P07-GC-X1,2,Salah-Eddin Gherbi,S01,96,980.137772769,750.177700779,6,printed curve labelled x=1,solid front-side run started near filled middle left node; stopped before filled UCLL node,2026-08-03T08:37:42Z
AOG_P07_SPHERICAL_PROJECTION,ef8b7d652edea5227166e54ca1bf6e81a4c02afd0d78c9d793e615a2db6906f6,afb1df2172f081fa426f2f86c56912079116f6441ba64df367861d00375fddc4,AOG-LM-P07-GC-X1,2,Salah-Eddin Gherbi,S01,97,983.342393112,751.903265579,6,printed curve labelled x=1,solid front-side run started near filled middle left node; stopped before filled UCLL node,2026-08-03T08:37:42Z
AOG_P07_SPHERICAL_PROJECTION,ef8b7d652edea5227166e54ca1bf6e81a4c02afd0d78c9d793e615a2db6906f6,afb1df2172f081fa426f2f86c56912079116f6441ba64df367861d00375fddc4,AOG-LM-P07-GC-X1,2,Salah-Eddin Gherbi,S01,98,987.286541226,755.107885922,6,printed curve labelled x=1,solid front-side run started near filled middle left node; stopped before filled UCLL node,2026-08-03T08:37:42Z
AOG_P07_SPHERICAL_PROJECTION,ef8b7d652edea5227166e54ca1bf6e81a4c02afd0d78c9d793e615a2db6906f6,afb1df2172f081fa426f2f86c56912079116f6441ba64df367861d00375fddc4,AOG-LM-P07-GC-X1,2,Salah-Eddin Gherbi,S01,99,991.23068934,757.326469236,6,printed curve labelled x=1,solid front-side run started near filled middle left node; stopped before filled UCLL node,2026-08-03T08:37:42Z
AOG_P07_SPHERICAL_PROJECTION,ef8b7d652edea5227166e54ca1bf6e81a4c02afd0d78c9d793e615a2db6906f6,afb1df2172f081fa426f2f86c56912079116f6441ba64df367861d00375fddc4,AOG-LM-P07-GC-X1,2,Salah-Eddin Gherbi,S01,100,993.942291169,759.54505255,6,printed curve labelled x=1,solid front-side run started near filled middle left node; stopped before filled UCLL node,2026-08-03T08:37:42Z
AOG_P07_SPHERICAL_PROJECTION,ef8b7d652edea5227166e54ca1bf6e81a4c02afd0d78c9d793e615a2db6906f6,afb1df2172f081fa426f2f86c56912079116f6441ba64df367861d00375fddc4,AOG-LM-P07-GC-X1,2,Salah-Eddin Gherbi,S01,101,996.900402254,762.256654378,6,printed curve labelled x=1,solid front-side run started near filled middle left node; stopped before filled UCLL node,2026-08-03T08:37:42Z
AOG_P07_SPHERICAL_PROJECTION,ef8b7d652edea5227166e54ca1bf6e81a4c02afd0d78c9d793e615a2db6906f6,afb1df2172f081fa426f2f86c56912079116f6441ba64df367861d00375fddc4,AOG-LM-P07-GC-X1,2,Salah-Eddin Gherbi,S01,102,1002.32360591,764.72174695,6,printed curve labelled x=1,solid front-side run started near filled middle left node; stopped before filled UCLL node,2026-08-03T08:37:42Z
AOG_P07_SPHERICAL_PROJECTION,ef8b7d652edea5227166e54ca1bf6e81a4c02afd0d78c9d793e615a2db6906f6,afb1df2172f081fa426f2f86c56912079116f6441ba64df367861d00375fddc4,AOG-LM-P07-GC-X1,2,Salah-Eddin Gherbi,S01,103,1006.76077254,767.186839521,6,printed curve labelled x=1,solid front-side run started near filled middle left node; stopped before filled UCLL node,2026-08-03T08:37:42Z
AOG_P07_SPHERICAL_PROJECTION,ef8b7d652edea5227166e54ca1bf6e81a4c02afd0d78c9d793e615a2db6906f6,afb1df2172f081fa426f2f86c56912079116f6441ba64df367861d00375fddc4,AOG-LM-P07-GC-X1,2,Salah-Eddin Gherbi,S01,104,1010.21190214,769.651932092,6,printed curve labelled x=1,solid front-side run started near filled middle left node; stopped before filled UCLL node,2026-08-03T08:37:42Z
AOG_P07_SPHERICAL_PROJECTION,ef8b7d652edea5227166e54ca1bf6e81a4c02afd0d78c9d793e615a2db6906f6,afb1df2172f081fa426f2f86c56912079116f6441ba64df367861d00375fddc4,AOG-LM-P07-GC-X1,2,Salah-Eddin Gherbi,S01,105,1013.66303174,771.377496892,6,printed curve labelled x=1,solid front-side run started near filled middle left node; stopped before filled UCLL node,2026-08-03T08:37:42Z
AOG_P07_SPHERICAL_PROJECTION,ef8b7d652edea5227166e54ca1bf6e81a4c02afd0d78c9d793e615a2db6906f6,afb1df2172f081fa426f2f86c56912079116f6441ba64df367861d00375fddc4,AOG-LM-P07-GC-X1,2,Salah-Eddin Gherbi,S01,106,1017.85368911,773.842589463,6,printed curve labelled x=1,solid front-side run started near filled middle left node; stopped before filled UCLL node,2026-08-03T08:37:42Z
AOG_P07_SPHERICAL_PROJECTION,ef8b7d652edea5227166e54ca1bf6e81a4c02afd0d78c9d793e615a2db6906f6,afb1df2172f081fa426f2f86c56912079116f6441ba64df367861d00375fddc4,AOG-LM-P07-GC-X1,2,Salah-Eddin Gherbi,S01,107,1023.03038351,775.568154263,6,printed curve labelled x=1,solid front-side run started near filled middle left node; stopped before filled UCLL node,2026-08-03T08:37:42Z
AOG_P07_SPHERICAL_PROJECTION,ef8b7d652edea5227166e54ca1bf6e81a4c02afd0d78c9d793e615a2db6906f6,afb1df2172f081fa426f2f86c56912079116f6441ba64df367861d00375fddc4,AOG-LM-P07-GC-X1,2,Salah-Eddin Gherbi,S01,108,1026.48151311,778.772774606,6,printed curve labelled x=1,solid front-side run started near filled middle left node; stopped before filled UCLL node,2026-08-03T08:37:42Z
AOG_P07_SPHERICAL_PROJECTION,ef8b7d652edea5227166e54ca1bf6e81a4c02afd0d78c9d793e615a2db6906f6,afb1df2172f081fa426f2f86c56912079116f6441ba64df367861d00375fddc4,AOG-LM-P07-GC-X1,2,Salah-Eddin Gherbi,S01,109,1031.65820751,781.484376434,6,printed curve labelled x=1,solid front-side run started near filled middle left node; stopped before filled UCLL node,2026-08-03T08:37:42Z
AOG_P07_SPHERICAL_PROJECTION,ef8b7d652edea5227166e54ca1bf6e81a4c02afd0d78c9d793e615a2db6906f6,afb1df2172f081fa426f2f86c56912079116f6441ba64df367861d00375fddc4,AOG-LM-P07-GC-X1,2,Salah-Eddin Gherbi,S01,110,1037.57442968,783.209941234,6,printed curve labelled x=1,solid front-side run started near filled middle left node; stopped before filled UCLL node,2026-08-03T08:37:42Z
AOG_P07_SPHERICAL_PROJECTION,ef8b7d652edea5227166e54ca1bf6e81a4c02afd0d78c9d793e615a2db6906f6,afb1df2172f081fa426f2f86c56912079116f6441ba64df367861d00375fddc4,AOG-LM-P07-GC-X1,2,Salah-Eddin Gherbi,S01,111,1041.51857779,785.675033805,6,printed curve labelled x=1,solid front-side run started near filled middle left node; stopped before filled UCLL node,2026-08-03T08:37:42Z
AOG_P07_SPHERICAL_PROJECTION,ef8b7d652edea5227166e54ca1bf6e81a4c02afd0d78c9d793e615a2db6906f6,afb1df2172f081fa426f2f86c56912079116f6441ba64df367861d00375fddc4,AOG-LM-P07-GC-X1,2,Salah-Eddin Gherbi,S01,112,1047.18829071,787.154089348,6,printed curve labelled x=1,solid front-side run started near filled middle left node; stopped before filled UCLL node,2026-08-03T08:37:42Z
AOG_P07_SPHERICAL_PROJECTION,ef8b7d652edea5227166e54ca1bf6e81a4c02afd0d78c9d793e615a2db6906f6,afb1df2172f081fa426f2f86c56912079116f6441ba64df367861d00375fddc4,AOG-LM-P07-GC-X1,2,Salah-Eddin Gherbi,S01,113,1052.36498511,789.372672662,6,printed curve labelled x=1,solid front-side run started near filled middle left node; stopped before filled UCLL node,2026-08-03T08:37:42Z
AOG_P07_SPHERICAL_PROJECTION,ef8b7d652edea5227166e54ca1bf6e81a4c02afd0d78c9d793e615a2db6906f6,afb1df2172f081fa426f2f86c56912079116f6441ba64df367861d00375fddc4,AOG-LM-P07-GC-X1,2,Salah-Eddin Gherbi,S01,114,1056.06262396,791.344746719,6,printed curve labelled x=1,solid front-side run started near filled middle left node; stopped before filled UCLL node,2026-08-03T08:37:42Z
AOG_P07_SPHERICAL_PROJECTION,ef8b7d652edea5227166e54ca1bf6e81a4c02afd0d78c9d793e615a2db6906f6,afb1df2172f081fa426f2f86c56912079116f6441ba64df367861d00375fddc4,AOG-LM-P07-GC-X1,2,Salah-Eddin Gherbi,S01,115,1060.00677208,793.316820776,6,printed curve labelled x=1,solid front-side run started near filled middle left node; stopped before filled UCLL node,2026-08-03T08:37:42Z
AOG_P07_SPHERICAL_PROJECTION,ef8b7d652edea5227166e54ca1bf6e81a4c02afd0d78c9d793e615a2db6906f6,afb1df2172f081fa426f2f86c56912079116f6441ba64df367861d00375fddc4,AOG-LM-P07-GC-X1,2,Salah-Eddin Gherbi,S01,116,1061.97884614,794.056348548,6,printed curve labelled x=1,solid front-side run started near filled middle left node; stopped before filled UCLL node,2026-08-03T08:37:42Z
AOG_P07_SPHERICAL_PROJECTION,ef8b7d652edea5227166e54ca1bf6e81a4c02afd0d78c9d793e615a2db6906f6,afb1df2172f081fa426f2f86c56912079116f6441ba64df367861d00375fddc4,AOG-LM-P07-GC-X1,2,Salah-Eddin Gherbi,S01,117,1064.93695722,796.028422605,6,printed curve labelled x=1,solid front-side run started near filled middle left node; stopped before filled UCLL node,2026-08-03T08:37:42Z
AOG_P07_SPHERICAL_PROJECTION,ef8b7d652edea5227166e54ca1bf6e81a4c02afd0d78c9d793e615a2db6906f6,afb1df2172f081fa426f2f86c56912079116f6441ba64df367861d00375fddc4,AOG-LM-P07-GC-X1,2,Salah-Eddin Gherbi,S01,118,1067.64855905,797.753987404,6,printed curve labelled x=1,solid front-side run started near filled middle left node; stopped before filled UCLL node,2026-08-03T08:37:42Z
AOG_P07_SPHERICAL_PROJECTION,ef8b7d652edea5227166e54ca1bf6e81a4c02afd0d78c9d793e615a2db6906f6,afb1df2172f081fa426f2f86c56912079116f6441ba64df367861d00375fddc4,AOG-LM-P07-GC-X1,2,Salah-Eddin Gherbi,S02,0,1096.79276149,809.147475587,6,printed curve labelled x=1,solid front-side run started near filled UCLL node; stopped before great circle projection of y = 0 (x axis),2026-08-03T08:40:58Z
AOG_P07_SPHERICAL_PROJECTION,ef8b7d652edea5227166e54ca1bf6e81a4c02afd0d78c9d793e615a2db6906f6,afb1df2172f081fa426f2f86c56912079116f6441ba64df367861d00375fddc4,AOG-LM-P07-GC-X1,2,Salah-Eddin Gherbi,S02,1,1101.35189963,811.101391932,6,printed curve labelled x=1,solid front-side run started near filled UCLL node; stopped before great circle projection of y = 0 (x axis),2026-08-03T08:40:58Z
AOG_P07_SPHERICAL_PROJECTION,ef8b7d652edea5227166e54ca1bf6e81a4c02afd0d78c9d793e615a2db6906f6,afb1df2172f081fa426f2f86c56912079116f6441ba64df367861d00375fddc4,AOG-LM-P07-GC-X1,2,Salah-Eddin Gherbi,S02,2,1105.69393595,812.404002828,6,printed curve labelled x=1,solid front-side run started near filled UCLL node; stopped before great circle projection of y = 0 (x axis),2026-08-03T08:40:58Z
AOG_P07_SPHERICAL_PROJECTION,ef8b7d652edea5227166e54ca1bf6e81a4c02afd0d78c9d793e615a2db6906f6,afb1df2172f081fa426f2f86c56912079116f6441ba64df367861d00375fddc4,AOG-LM-P07-GC-X1,2,Salah-Eddin Gherbi,S02,3,1109.81887045,814.140817357,6,printed curve labelled x=1,solid front-side run started near filled UCLL node; stopped before great circle projection of y = 0 (x axis),2026-08-03T08:40:58Z
AOG_P07_SPHERICAL_PROJECTION,ef8b7d652edea5227166e54ca1bf6e81a4c02afd0d78c9d793e615a2db6906f6,afb1df2172f081fa426f2f86c56912079116f6441ba64df367861d00375fddc4,AOG-LM-P07-GC-X1,2,Salah-Eddin Gherbi,S02,4,1115.8977213,815.877631885,6,printed curve labelled x=1,solid front-side run started near filled UCLL node; stopped before great circle projection of y = 0 (x axis),2026-08-03T08:40:58Z
AOG_P07_SPHERICAL_PROJECTION,ef8b7d652edea5227166e54ca1bf6e81a4c02afd0d78c9d793e615a2db6906f6,afb1df2172f081fa426f2f86c56912079116f6441ba64df367861d00375fddc4,AOG-LM-P07-GC-X1,2,Salah-Eddin Gherbi,S02,5,1121.97657215,817.397344598,6,printed curve labelled x=1,solid front-side run started near filled UCLL node; stopped before great circle projection of y = 0 (x axis),2026-08-03T08:40:58Z
AOG_P07_SPHERICAL_PROJECTION,ef8b7d652edea5227166e54ca1bf6e81a4c02afd0d78c9d793e615a2db6906f6,afb1df2172f081fa426f2f86c56912079116f6441ba64df367861d00375fddc4,AOG-LM-P07-GC-X1,2,Salah-Eddin Gherbi,S02,6,1128.70672845,818.91705731,6,printed curve labelled x=1,solid front-side run started near filled UCLL node; stopped before great circle projection of y = 0 (x axis),2026-08-03T08:40:58Z
AOG_P07_SPHERICAL_PROJECTION,ef8b7d652edea5227166e54ca1bf6e81a4c02afd0d78c9d793e615a2db6906f6,afb1df2172f081fa426f2f86c56912079116f6441ba64df367861d00375fddc4,AOG-LM-P07-GC-X1,2,Salah-Eddin Gherbi,S02,7,1136.95659746,820.219668207,6,printed curve labelled x=1,solid front-side run started near filled UCLL node; stopped before great circle projection of y = 0 (x axis),2026-08-03T08:40:58Z
AOG_P07_SPHERICAL_PROJECTION,ef8b7d652edea5227166e54ca1bf6e81a4c02afd0d78c9d793e615a2db6906f6,afb1df2172f081fa426f2f86c56912079116f6441ba64df367861d00375fddc4,AOG-LM-P07-GC-X1,2,Salah-Eddin Gherbi,S02,8,1143.90385558,821.956482735,6,printed curve labelled x=1,solid front-side run started near filled UCLL node; stopped before great circle projection of y = 0 (x axis),2026-08-03T08:40:58Z
AOG_P07_SPHERICAL_PROJECTION,ef8b7d652edea5227166e54ca1bf6e81a4c02afd0d78c9d793e615a2db6906f6,afb1df2172f081fa426f2f86c56912079116f6441ba64df367861d00375fddc4,AOG-LM-P07-GC-X1,2,Salah-Eddin Gherbi,S02,9,1149.98270643,823.91039908,6,printed curve labelled x=1,solid front-side run started near filled UCLL node; stopped before great circle projection of y = 0 (x axis),2026-08-03T08:40:58Z
AOG_P07_SPHERICAL_PROJECTION,ef8b7d652edea5227166e54ca1bf6e81a4c02afd0d78c9d793e615a2db6906f6,afb1df2172f081fa426f2f86c56912079116f6441ba64df367861d00375fddc4,AOG-LM-P07-GC-X1,2,Salah-Eddin Gherbi,S02,10,1157.14706636,824.778806344,6,printed curve labelled x=1,solid front-side run started near filled UCLL node; stopped before great circle projection of y = 0 (x axis),2026-08-03T08:40:58Z
AOG_P07_SPHERICAL_PROJECTION,ef8b7d652edea5227166e54ca1bf6e81a4c02afd0d78c9d793e615a2db6906f6,afb1df2172f081fa426f2f86c56912079116f6441ba64df367861d00375fddc4,AOG-LM-P07-GC-X1,2,Salah-Eddin Gherbi,S02,11,1164.74562992,825.864315425,6,printed curve labelled x=1,solid front-side run started near filled UCLL node; stopped before great circle projection of y = 0 (x axis),2026-08-03T08:40:58Z
AOG_P07_SPHERICAL_PROJECTION,ef8b7d652edea5227166e54ca1bf6e81a4c02afd0d78c9d793e615a2db6906f6,afb1df2172f081fa426f2f86c56912079116f6441ba64df367861d00375fddc4,AOG-LM-P07-GC-X1,2,Salah-Eddin Gherbi,S02,12,1171.69288804,827.601129953,6,printed curve labelled x=1,solid front-side run started near filled UCLL node; stopped before great circle projection of y = 0 (x axis),2026-08-03T08:40:58Z
AOG_P07_SPHERICAL_PROJECTION,ef8b7d652edea5227166e54ca1bf6e81a4c02afd0d78c9d793e615a2db6906f6,afb1df2172f081fa426f2f86c56912079116f6441ba64df367861d00375fddc4,AOG-LM-P07-GC-X1,2,Salah-Eddin Gherbi,S02,13,1178.85724797,829.120842666,6,printed curve labelled x=1,solid front-side run started near filled UCLL node; stopped before great circle projection of y = 0 (x axis),2026-08-03T08:40:58Z
AOG_P07_SPHERICAL_PROJECTION,ef8b7d652edea5227166e54ca1bf6e81a4c02afd0d78c9d793e615a2db6906f6,afb1df2172f081fa426f2f86c56912079116f6441ba64df367861d00375fddc4,AOG-LM-P07-GC-X1,2,Salah-Eddin Gherbi,S02,14,1186.89001516,830.423453562,6,printed curve labelled x=1,solid front-side run started near filled UCLL node; stopped before great circle projection of y = 0 (x axis),2026-08-03T08:40:58Z
AOG_P07_SPHERICAL_PROJECTION,ef8b7d652edea5227166e54ca1bf6e81a4c02afd0d78c9d793e615a2db6906f6,afb1df2172f081fa426f2f86c56912079116f6441ba64df367861d00375fddc4,AOG-LM-P07-GC-X1,2,Salah-Eddin Gherbi,S02,15,1195.13988417,831.508962643,6,printed curve labelled x=1,solid front-side run started near filled UCLL node; stopped before great circle projection of y = 0 (x axis),2026-08-03T08:40:58Z
AOG_P07_SPHERICAL_PROJECTION,ef8b7d652edea5227166e54ca1bf6e81a4c02afd0d78c9d793e615a2db6906f6,afb1df2172f081fa426f2f86c56912079116f6441ba64df367861d00375fddc4,AOG-LM-P07-GC-X1,2,Salah-Eddin Gherbi,S02,16,1204.25816045,832.377369907,6,printed curve labelled x=1,solid front-side run started near filled UCLL node; stopped before great circle projection of y = 0 (x axis),2026-08-03T08:40:58Z
AOG_P07_SPHERICAL_PROJECTION,ef8b7d652edea5227166e54ca1bf6e81a4c02afd0d78c9d793e615a2db6906f6,afb1df2172f081fa426f2f86c56912079116f6441ba64df367861d00375fddc4,AOG-LM-P07-GC-X1,2,Salah-Eddin Gherbi,S02,17,1214.24484399,832.811573539,6,printed curve labelled x=1,solid front-side run started near filled UCLL node; stopped before great circle projection of y = 0 (x axis),2026-08-03T08:40:58Z
AOG_P07_SPHERICAL_PROJECTION,ef8b7d652edea5227166e54ca1bf6e81a4c02afd0d78c9d793e615a2db6906f6,afb1df2172f081fa426f2f86c56912079116f6441ba64df367861d00375fddc4,AOG-LM-P07-GC-X1,2,Salah-Eddin Gherbi,S02,18,1224.44862934,834.548388068,6,printed curve labelled x=1,solid front-side run started near filled UCLL node; stopped before great circle projection of y = 0 (x axis),2026-08-03T08:40:58Z
AOG_P07_SPHERICAL_PROJECTION,ef8b7d652edea5227166e54ca1bf6e81a4c02afd0d78c9d793e615a2db6906f6,afb1df2172f081fa426f2f86c56912079116f6441ba64df367861d00375fddc4,AOG-LM-P07-GC-X1,2,Salah-Eddin Gherbi,S02,19,1237.04053467,834.548388068,6,printed curve labelled x=1,solid front-side run started near filled UCLL node; stopped before great circle projection of y = 0 (x axis),2026-08-03T08:40:58Z
AOG_P07_SPHERICAL_PROJECTION,ef8b7d652edea5227166e54ca1bf6e81a4c02afd0d78c9d793e615a2db6906f6,afb1df2172f081fa426f2f86c56912079116f6441ba64df367861d00375fddc4,AOG-LM-P07-GC-X1,2,Salah-Eddin Gherbi,S02,20,1247.89562548,835.416795332,6,printed curve labelled x=1,solid front-side run started near filled UCLL node; stopped before great circle projection of y = 0 (x axis),2026-08-03T08:40:58Z
AOG_P07_SPHERICAL_PROJECTION,ef8b7d652edea5227166e54ca1bf6e81a4c02afd0d78c9d793e615a2db6906f6,afb1df2172f081fa426f2f86c56912079116f6441ba64df367861d00375fddc4,AOG-LM-P07-GC-X1,2,Salah-Eddin Gherbi,S02,21,1260.27042899,834.9825917,6,printed curve labelled x=1,solid front-side run started near filled UCLL node; stopped before great circle projection of y = 0 (x axis),2026-08-03T08:40:58Z
AOG_P07_SPHERICAL_PROJECTION,ef8b7d652edea5227166e54ca1bf6e81a4c02afd0d78c9d793e615a2db6906f6,afb1df2172f081fa426f2f86c56912079116f6441ba64df367861d00375fddc4,AOG-LM-P07-GC-X1,2,Salah-Eddin Gherbi,S02,22,1274.16494522,834.9825917,6,printed curve labelled x=1,solid front-side run started near filled UCLL node; stopped before great circle projection of y = 0 (x axis),2026-08-03T08:40:58Z
AOG_P07_SPHERICAL_PROJECTION,ef8b7d652edea5227166e54ca1bf6e81a4c02afd0d78c9d793e615a2db6906f6,afb1df2172f081fa426f2f86c56912079116f6441ba64df367861d00375fddc4,AOG-LM-P07-GC-X1,2,Salah-Eddin Gherbi,S02,23,1283.50032331,834.9825917,6,printed curve labelled x=1,solid front-side run started near filled UCLL node; stopped before great circle projection of y = 0 (x axis),2026-08-03T08:40:58Z
AOG_P07_SPHERICAL_PROJECTION,ef8b7d652edea5227166e54ca1bf6e81a4c02afd0d78c9d793e615a2db6906f6,afb1df2172f081fa426f2f86c56912079116f6441ba64df367861d00375fddc4,AOG-LM-P07-GC-X1,2,Salah-Eddin Gherbi,S02,24,1293.26990504,834.331286251,6,printed curve labelled x=1,solid front-side run started near filled UCLL node; stopped before great circle projection of y = 0 (x axis),2026-08-03T08:40:58Z
AOG_P07_SPHERICAL_PROJECTION,ef8b7d652edea5227166e54ca1bf6e81a4c02afd0d78c9d793e615a2db6906f6,afb1df2172f081fa426f2f86c56912079116f6441ba64df367861d00375fddc4,AOG-LM-P07-GC-X1,2,Salah-Eddin Gherbi,S02,25,1302.82238494,833.245777171,6,printed curve labelled x=1,solid front-side run started near filled UCLL node; stopped before great circle projection of y = 0 (x axis),2026-08-03T08:40:58Z
AOG_P07_SPHERICAL_PROJECTION,ef8b7d652edea5227166e54ca1bf6e81a4c02afd0d78c9d793e615a2db6906f6,afb1df2172f081fa426f2f86c56912079116f6441ba64df367861d00375fddc4,AOG-LM-P07-GC-X1,2,Salah-Eddin Gherbi,S02,26,1313.0261703,832.160268091,6,printed curve labelled x=1,solid front-side run started near filled UCLL node; stopped before great circle projection of y = 0 (x axis),2026-08-03T08:40:58Z
AOG_P07_SPHERICAL_PROJECTION,ef8b7d652edea5227166e54ca1bf6e81a4c02afd0d78c9d793e615a2db6906f6,afb1df2172f081fa426f2f86c56912079116f6441ba64df367861d00375fddc4,AOG-LM-P07-GC-X1,2,Salah-Eddin Gherbi,S02,27,1322.14444658,830.857657194,6,printed curve labelled x=1,solid front-side run started near filled UCLL node; stopped before great circle projection of y = 0 (x axis),2026-08-03T08:40:58Z
AOG_P07_SPHERICAL_PROJECTION,ef8b7d652edea5227166e54ca1bf6e81a4c02afd0d78c9d793e615a2db6906f6,afb1df2172f081fa426f2f86c56912079116f6441ba64df367861d00375fddc4,AOG-LM-P07-GC-X1,2,Salah-Eddin Gherbi,S03,0,1332.93070022,830.794274054,6,printed curve labelled x=1,solid front-side run started near great circle projection of y = 0 (x axis); stopped before bottom spiral occlusion near UCLR filled node,2026-08-03T08:43:15Z
AOG_P07_SPHERICAL_PROJECTION,ef8b7d652edea5227166e54ca1bf6e81a4c02afd0d78c9d793e615a2db6906f6,afb1df2172f081fa426f2f86c56912079116f6441ba64df367861d00375fddc4,AOG-LM-P07-GC-X1,2,Salah-Eddin Gherbi,S03,1,1337.33627853,830.243576765,6,printed curve labelled x=1,solid front-side run started near great circle projection of y = 0 (x axis); stopped before bottom spiral occlusion near UCLR filled node,2026-08-03T08:43:15Z
AOG_P07_SPHERICAL_PROJECTION,ef8b7d652edea5227166e54ca1bf6e81a4c02afd0d78c9d793e615a2db6906f6,afb1df2172f081fa426f2f86c56912079116f6441ba64df367861d00375fddc4,AOG-LM-P07-GC-X1,2,Salah-Eddin Gherbi,S03,2,1341.74185685,829.830553798,6,printed curve labelled x=1,solid front-side run started near great circle projection of y = 0 (x axis); stopped before bottom spiral occlusion near UCLR filled node,2026-08-03T08:43:15Z
AOG_P07_SPHERICAL_PROJECTION,ef8b7d652edea5227166e54ca1bf6e81a4c02afd0d78c9d793e615a2db6906f6,afb1df2172f081fa426f2f86c56912079116f6441ba64df367861d00375fddc4,AOG-LM-P07-GC-X1,2,Salah-Eddin Gherbi,S03,3,1347.59301555,828.935670702,6,printed curve labelled x=1,solid front-side run started near great circle projection of y = 0 (x axis); stopped before bottom spiral occlusion near UCLR filled node,2026-08-03T08:43:15Z
AOG_P07_SPHERICAL_PROJECTION,ef8b7d652edea5227166e54ca1bf6e81a4c02afd0d78c9d793e615a2db6906f6,afb1df2172f081fa426f2f86c56912079116f6441ba64df367861d00375fddc4,AOG-LM-P07-GC-X1,2,Salah-Eddin Gherbi,S03,4,1353.09998845,828.316136251,6,printed curve labelled x=1,solid front-side run started near great circle projection of y = 0 (x axis); stopped before bottom spiral occlusion near UCLR filled node,2026-08-03T08:43:15Z
AOG_P07_SPHERICAL_PROJECTION,ef8b7d652edea5227166e54ca1bf6e81a4c02afd0d78c9d793e615a2db6906f6,afb1df2172f081fa426f2f86c56912079116f6441ba64df367861d00375fddc4,AOG-LM-P07-GC-X1,2,Salah-Eddin Gherbi,S03,5,1358.88230999,827.214741672,6,printed curve labelled x=1,solid front-side run started near great circle projection of y = 0 (x axis); stopped before bottom spiral occlusion near UCLR filled node,2026-08-03T08:43:15Z
AOG_P07_SPHERICAL_PROJECTION,ef8b7d652edea5227166e54ca1bf6e81a4c02afd0d78c9d793e615a2db6906f6,afb1df2172f081fa426f2f86c56912079116f6441ba64df367861d00375fddc4,AOG-LM-P07-GC-X1,2,Salah-Eddin Gherbi,S03,6,1364.32044572,826.044509932,6,printed curve labelled x=1,solid front-side run started near great circle projection of y = 0 (x axis); stopped before bottom spiral occlusion near UCLR filled node,2026-08-03T08:43:15Z
AOG_P07_SPHERICAL_PROJECTION,ef8b7d652edea5227166e54ca1bf6e81a4c02afd0d78c9d793e615a2db6906f6,afb1df2172f081fa426f2f86c56912079116f6441ba64df367861d00375fddc4,AOG-LM-P07-GC-X1,2,Salah-Eddin Gherbi,S03,7,1368.86369836,824.874278192,6,printed curve labelled x=1,solid front-side run started near great circle projection of y = 0 (x axis); stopped before bottom spiral occlusion near UCLR filled node,2026-08-03T08:43:15Z
AOG_P07_SPHERICAL_PROJECTION,ef8b7d652edea5227166e54ca1bf6e81a4c02afd0d78c9d793e615a2db6906f6,afb1df2172f081fa426f2f86c56912079116f6441ba64df367861d00375fddc4,AOG-LM-P07-GC-X1,2,Salah-Eddin Gherbi,S03,8,1374.71485706,823.704046451,6,printed curve labelled x=1,solid front-side run started near great circle projection of y = 0 (x axis); stopped before bottom spiral occlusion near UCLR filled node,2026-08-03T08:43:15Z
AOG_P07_SPHERICAL_PROJECTION,ef8b7d652edea5227166e54ca1bf6e81a4c02afd0d78c9d793e615a2db6906f6,afb1df2172f081fa426f2f86c56912079116f6441ba64df367861d00375fddc4,AOG-LM-P07-GC-X1,2,Salah-Eddin Gherbi,S03,9,1379.05159822,822.327303227,6,printed curve labelled x=1,solid front-side run started near great circle projection of y = 0 (x axis); stopped before bottom spiral occlusion near UCLR filled node,2026-08-03T08:43:15Z
AOG_P07_SPHERICAL_PROJECTION,ef8b7d652edea5227166e54ca1bf6e81a4c02afd0d78c9d793e615a2db6906f6,afb1df2172f081fa426f2f86c56912079116f6441ba64df367861d00375fddc4,AOG-LM-P07-GC-X1,2,Salah-Eddin Gherbi,S03,10,1384.55857111,821.088234326,6,printed curve labelled x=1,solid front-side run started near great circle projection of y = 0 (x axis); stopped before bottom spiral occlusion near UCLR filled node,2026-08-03T08:43:15Z
AOG_P07_SPHERICAL_PROJECTION,ef8b7d652edea5227166e54ca1bf6e81a4c02afd0d78c9d793e615a2db6906f6,afb1df2172f081fa426f2f86c56912079116f6441ba64df367861d00375fddc4,AOG-LM-P07-GC-X1,2,Salah-Eddin Gherbi,S03,11,1389.79019536,818.816608007,6,printed curve labelled x=1,solid front-side run started near great circle projection of y = 0 (x axis); stopped before bottom spiral occlusion near UCLR filled node,2026-08-03T08:43:15Z
AOG_P07_SPHERICAL_PROJECTION,ef8b7d652edea5227166e54ca1bf6e81a4c02afd0d78c9d793e615a2db6906f6,afb1df2172f081fa426f2f86c56912079116f6441ba64df367861d00375fddc4,AOG-LM-P07-GC-X1,2,Salah-Eddin Gherbi,S04,0,1437.81378581,802.395974866,6,printed curve labelled x=1,solid front-side run started near UCLR filled node; stopped before label θ = 1 MONTH from the full label r = 1 θ = 1 MONTH,2026-08-03T08:46:39Z
AOG_P07_SPHERICAL_PROJECTION,ef8b7d652edea5227166e54ca1bf6e81a4c02afd0d78c9d793e615a2db6906f6,afb1df2172f081fa426f2f86c56912079116f6441ba64df367861d00375fddc4,AOG-LM-P07-GC-X1,2,Salah-Eddin Gherbi,S04,1,1440.42285723,801.292136954,6,printed curve labelled x=1,solid front-side run started near UCLR filled node; stopped before label θ = 1 MONTH from the full label r = 1 θ = 1 MONTH,2026-08-03T08:46:39Z
AOG_P07_SPHERICAL_PROJECTION,ef8b7d652edea5227166e54ca1bf6e81a4c02afd0d78c9d793e615a2db6906f6,afb1df2172f081fa426f2f86c56912079116f6441ba64df367861d00375fddc4,AOG-LM-P07-GC-X1,2,Salah-Eddin Gherbi,S04,2,1443.43332427,799.686554535,6,printed curve labelled x=1,solid front-side run started near UCLR filled node; stopped before label θ = 1 MONTH from the full label r = 1 θ = 1 MONTH,2026-08-03T08:46:39Z
AOG_P07_SPHERICAL_PROJECTION,ef8b7d652edea5227166e54ca1bf6e81a4c02afd0d78c9d793e615a2db6906f6,afb1df2172f081fa426f2f86c56912079116f6441ba64df367861d00375fddc4,AOG-LM-P07-GC-X1,2,Salah-Eddin Gherbi,S04,3,1445.74134899,798.582716623,6,printed curve labelled x=1,solid front-side run started near UCLR filled node; stopped before label θ = 1 MONTH from the full label r = 1 θ = 1 MONTH,2026-08-03T08:46:39Z
AOG_P07_SPHERICAL_PROJECTION,ef8b7d652edea5227166e54ca1bf6e81a4c02afd0d78c9d793e615a2db6906f6,afb1df2172f081fa426f2f86c56912079116f6441ba64df367861d00375fddc4,AOG-LM-P07-GC-X1,2,Salah-Eddin Gherbi,S04,4,1448.65146713,796.475389699,6,printed curve labelled x=1,solid front-side run started near UCLR filled node; stopped before label θ = 1 MONTH from the full label r = 1 θ = 1 MONTH,2026-08-03T08:46:39Z
AOG_P07_SPHERICAL_PROJECTION,ef8b7d652edea5227166e54ca1bf6e81a4c02afd0d78c9d793e615a2db6906f6,afb1df2172f081fa426f2f86c56912079116f6441ba64df367861d00375fddc4,AOG-LM-P07-GC-X1,2,Salah-Eddin Gherbi,S04,5,1451.36088746,795.170853985,6,printed curve labelled x=1,solid front-side run started near UCLR filled node; stopped before label θ = 1 MONTH from the full label r = 1 θ = 1 MONTH,2026-08-03T08:46:39Z
AOG_P07_SPHERICAL_PROJECTION,ef8b7d652edea5227166e54ca1bf6e81a4c02afd0d78c9d793e615a2db6906f6,afb1df2172f081fa426f2f86c56912079116f6441ba64df367861d00375fddc4,AOG-LM-P07-GC-X1,2,Salah-Eddin Gherbi,S04,6,1454.07030779,793.665620468,6,printed curve labelled x=1,solid front-side run started near UCLR filled node; stopped before label θ = 1 MONTH from the full label r = 1 θ = 1 MONTH,2026-08-03T08:46:39Z
AOG_P07_SPHERICAL_PROJECTION,ef8b7d652edea5227166e54ca1bf6e81a4c02afd0d78c9d793e615a2db6906f6,afb1df2172f081fa426f2f86c56912079116f6441ba64df367861d00375fddc4,AOG-LM-P07-GC-X1,2,Salah-Eddin Gherbi,S04,7,1456.37833251,792.060038049,6,printed curve labelled x=1,solid front-side run started near UCLR filled node; stopped before label θ = 1 MONTH from the full label r = 1 θ = 1 MONTH,2026-08-03T08:46:39Z
AOG_P07_SPHERICAL_PROJECTION,ef8b7d652edea5227166e54ca1bf6e81a4c02afd0d78c9d793e615a2db6906f6,afb1df2172f081fa426f2f86c56912079116f6441ba64df367861d00375fddc4,AOG-LM-P07-GC-X1,2,Salah-Eddin Gherbi,S04,8,1458.38531054,790.655153434,6,printed curve labelled x=1,solid front-side run started near UCLR filled node; stopped before label θ = 1 MONTH from the full label r = 1 θ = 1 MONTH,2026-08-03T08:46:39Z
AOG_P07_SPHERICAL_PROJECTION,ef8b7d652edea5227166e54ca1bf6e81a4c02afd0d78c9d793e615a2db6906f6,afb1df2172f081fa426f2f86c56912079116f6441ba64df367861d00375fddc4,AOG-LM-P07-GC-X1,2,Salah-Eddin Gherbi,S04,9,1461.19507977,788.54782651,6,printed curve labelled x=1,solid front-side run started near UCLR filled node; stopped before label θ = 1 MONTH from the full label r = 1 θ = 1 MONTH,2026-08-03T08:46:39Z
AOG_P07_SPHERICAL_PROJECTION,ef8b7d652edea5227166e54ca1bf6e81a4c02afd0d78c9d793e615a2db6906f6,afb1df2172f081fa426f2f86c56912079116f6441ba64df367861d00375fddc4,AOG-LM-P07-GC-X1,2,Salah-Eddin Gherbi,S04,10,1464.2055468,786.641197388,6,printed curve labelled x=1,solid front-side run started near UCLR filled node; stopped before label θ = 1 MONTH from the full label r = 1 θ = 1 MONTH,2026-08-03T08:46:39Z
AOG_P07_SPHERICAL_PROJECTION,ef8b7d652edea5227166e54ca1bf6e81a4c02afd0d78c9d793e615a2db6906f6,afb1df2172f081fa426f2f86c56912079116f6441ba64df367861d00375fddc4,AOG-LM-P07-GC-X1,2,Salah-Eddin Gherbi,S04,11,1466.71426933,785.637708377,6,printed curve labelled x=1,solid front-side run started near UCLR filled node; stopped before label θ = 1 MONTH from the full label r = 1 θ = 1 MONTH,2026-08-03T08:46:39Z
AOG_P07_SPHERICAL_PROJECTION,ef8b7d652edea5227166e54ca1bf6e81a4c02afd0d78c9d793e615a2db6906f6,afb1df2172f081fa426f2f86c56912079116f6441ba64df367861d00375fddc4,AOG-LM-P07-GC-X1,2,Salah-Eddin Gherbi,S04,12,1469.62438746,783.329683651,6,printed curve labelled x=1,solid front-side run started near UCLR filled node; stopped before label θ = 1 MONTH from the full label r = 1 θ = 1 MONTH,2026-08-03T08:46:39Z
AOG_P07_SPHERICAL_PROJECTION,ef8b7d652edea5227166e54ca1bf6e81a4c02afd0d78c9d793e615a2db6906f6,afb1df2172f081fa426f2f86c56912079116f6441ba64df367861d00375fddc4,AOG-LM-P07-GC-X1,2,Salah-Eddin Gherbi,S04,13,1473.2369479,781.222356727,6,printed curve labelled x=1,solid front-side run started near UCLR filled node; stopped before label θ = 1 MONTH from the full label r = 1 θ = 1 MONTH,2026-08-03T08:46:39Z
AOG_P07_SPHERICAL_PROJECTION,ef8b7d652edea5227166e54ca1bf6e81a4c02afd0d78c9d793e615a2db6906f6,afb1df2172f081fa426f2f86c56912079116f6441ba64df367861d00375fddc4,AOG-LM-P07-GC-X1,2,Salah-Eddin Gherbi,S04,14,1476.54846164,778.613285298,6,printed curve labelled x=1,solid front-side run started near UCLR filled node; stopped before label θ = 1 MONTH from the full label r = 1 θ = 1 MONTH,2026-08-03T08:46:39Z
AOG_P07_SPHERICAL_PROJECTION,ef8b7d652edea5227166e54ca1bf6e81a4c02afd0d78c9d793e615a2db6906f6,afb1df2172f081fa426f2f86c56912079116f6441ba64df367861d00375fddc4,AOG-LM-P07-GC-X1,2,Salah-Eddin Gherbi,S05,0,1525.12757192,753.103045767,6,printed curve labelled x=1,solid front-side run started near label θ = 1 MONTH from the full label r = 1 θ = 1 MONTH; stopped before filled middle right side node at outer boundary (horizon limb),2026-08-03T08:49:10Z
AOG_P07_SPHERICAL_PROJECTION,ef8b7d652edea5227166e54ca1bf6e81a4c02afd0d78c9d793e615a2db6906f6,afb1df2172f081fa426f2f86c56912079116f6441ba64df367861d00375fddc4,AOG-LM-P07-GC-X1,2,Salah-Eddin Gherbi,S05,1,1527.79990679,751.178964663,6,printed curve labelled x=1,solid front-side run started near label θ = 1 MONTH from the full label r = 1 θ = 1 MONTH; stopped before filled middle right side node at outer boundary (horizon limb),2026-08-03T08:49:10Z
AOG_P07_SPHERICAL_PROJECTION,ef8b7d652edea5227166e54ca1bf6e81a4c02afd0d78c9d793e615a2db6906f6,afb1df2172f081fa426f2f86c56912079116f6441ba64df367861d00375fddc4,AOG-LM-P07-GC-X1,2,Salah-Eddin Gherbi,S05,2,1530.36534826,749.468670348,6,printed curve labelled x=1,solid front-side run started near label θ = 1 MONTH from the full label r = 1 θ = 1 MONTH; stopped before filled middle right side node at outer boundary (horizon limb),2026-08-03T08:49:10Z
AOG_P07_SPHERICAL_PROJECTION,ef8b7d652edea5227166e54ca1bf6e81a4c02afd0d78c9d793e615a2db6906f6,afb1df2172f081fa426f2f86c56912079116f6441ba64df367861d00375fddc4,AOG-LM-P07-GC-X1,2,Salah-Eddin Gherbi,S05,3,1532.82389634,747.651482638,6,printed curve labelled x=1,solid front-side run started near label θ = 1 MONTH from the full label r = 1 θ = 1 MONTH; stopped before filled middle right side node at outer boundary (horizon limb),2026-08-03T08:49:10Z
AOG_P07_SPHERICAL_PROJECTION,ef8b7d652edea5227166e54ca1bf6e81a4c02afd0d78c9d793e615a2db6906f6,afb1df2172f081fa426f2f86c56912079116f6441ba64df367861d00375fddc4,AOG-LM-P07-GC-X1,2,Salah-Eddin Gherbi,S05,4,1535.81691139,745.19293456,6,printed curve labelled x=1,solid front-side run started near label θ = 1 MONTH from the full label r = 1 θ = 1 MONTH; stopped before filled middle right side node at outer boundary (horizon limb),2026-08-03T08:49:10Z
AOG_P07_SPHERICAL_PROJECTION,ef8b7d652edea5227166e54ca1bf6e81a4c02afd0d78c9d793e615a2db6906f6,afb1df2172f081fa426f2f86c56912079116f6441ba64df367861d00375fddc4,AOG-LM-P07-GC-X1,2,Salah-Eddin Gherbi,S05,5,1537.84788589,743.482640245,6,printed curve labelled x=1,solid front-side run started near label θ = 1 MONTH from the full label r = 1 θ = 1 MONTH; stopped before filled middle right side node at outer boundary (horizon limb),2026-08-03T08:49:10Z
AOG_P07_SPHERICAL_PROJECTION,ef8b7d652edea5227166e54ca1bf6e81a4c02afd0d78c9d793e615a2db6906f6,afb1df2172f081fa426f2f86c56912079116f6441ba64df367861d00375fddc4,AOG-LM-P07-GC-X1,2,Salah-Eddin Gherbi,S05,6,1540.84090094,741.451665746,6,printed curve labelled x=1,solid front-side run started near label θ = 1 MONTH from the full label r = 1 θ = 1 MONTH; stopped before filled middle right side node at outer boundary (horizon limb),2026-08-03T08:49:10Z
AOG_P07_SPHERICAL_PROJECTION,ef8b7d652edea5227166e54ca1bf6e81a4c02afd0d78c9d793e615a2db6906f6,afb1df2172f081fa426f2f86c56912079116f6441ba64df367861d00375fddc4,AOG-LM-P07-GC-X1,2,Salah-Eddin Gherbi,S05,7,1543.19255562,739.420691248,6,printed curve labelled x=1,solid front-side run started near label θ = 1 MONTH from the full label r = 1 θ = 1 MONTH; stopped before filled middle right side node at outer boundary (horizon limb),2026-08-03T08:49:10Z
AOG_P07_SPHERICAL_PROJECTION,ef8b7d652edea5227166e54ca1bf6e81a4c02afd0d78c9d793e615a2db6906f6,afb1df2172f081fa426f2f86c56912079116f6441ba64df367861d00375fddc4,AOG-LM-P07-GC-X1,2,Salah-Eddin Gherbi,S05,8,1545.97178389,737.496610143,6,printed curve labelled x=1,solid front-side run started near label θ = 1 MONTH from the full label r = 1 θ = 1 MONTH; stopped before filled middle right side node at outer boundary (horizon limb),2026-08-03T08:49:10Z
AOG_P07_SPHERICAL_PROJECTION,ef8b7d652edea5227166e54ca1bf6e81a4c02afd0d78c9d793e615a2db6906f6,afb1df2172f081fa426f2f86c56912079116f6441ba64df367861d00375fddc4,AOG-LM-P07-GC-X1,2,Salah-Eddin Gherbi,S05,9,1548.21654517,735.786315828,6,printed curve labelled x=1,solid front-side run started near label θ = 1 MONTH from the full label r = 1 θ = 1 MONTH; stopped before filled middle right side node at outer boundary (horizon limb),2026-08-03T08:49:10Z
AOG_P07_SPHERICAL_PROJECTION,ef8b7d652edea5227166e54ca1bf6e81a4c02afd0d78c9d793e615a2db6906f6,afb1df2172f081fa426f2f86c56912079116f6441ba64df367861d00375fddc4,AOG-LM-P07-GC-X1,2,Salah-Eddin Gherbi,S05,10,1550.67509325,734.503595092,6,printed curve labelled x=1,solid front-side run started near label θ = 1 MONTH from the full label r = 1 θ = 1 MONTH; stopped before filled middle right side node at outer boundary (horizon limb),2026-08-03T08:49:10Z
AOG_P07_SPHERICAL_PROJECTION,ef8b7d652edea5227166e54ca1bf6e81a4c02afd0d78c9d793e615a2db6906f6,afb1df2172f081fa426f2f86c56912079116f6441ba64df367861d00375fddc4,AOG-LM-P07-GC-X1,2,Salah-Eddin Gherbi,S05,11,1552.91985454,732.472620593,6,printed curve labelled x=1,solid front-side run started near label θ = 1 MONTH from the full label r = 1 θ = 1 MONTH; stopped before filled middle right side node at outer boundary (horizon limb),2026-08-03T08:49:10Z
AOG_P07_SPHERICAL_PROJECTION,ef8b7d652edea5227166e54ca1bf6e81a4c02afd0d78c9d793e615a2db6906f6,afb1df2172f081fa426f2f86c56912079116f6441ba64df367861d00375fddc4,AOG-LM-P07-GC-X1,2,Salah-Eddin Gherbi,S05,12,1555.8059762,730.548539489,6,printed curve labelled x=1,solid front-side run started near label θ = 1 MONTH from the full label r = 1 θ = 1 MONTH; stopped before filled middle right side node at outer boundary (horizon limb),2026-08-03T08:49:10Z
AOG_P07_SPHERICAL_PROJECTION,ef8b7d652edea5227166e54ca1bf6e81a4c02afd0d78c9d793e615a2db6906f6,afb1df2172f081fa426f2f86c56912079116f6441ba64df367861d00375fddc4,AOG-LM-P07-GC-X1,2,Salah-Eddin Gherbi,S05,13,1557.83695069,728.838245174,6,printed curve labelled x=1,solid front-side run started near label θ = 1 MONTH from the full label r = 1 θ = 1 MONTH; stopped before filled middle right side node at outer boundary (horizon limb),2026-08-03T08:49:10Z
AOG_P07_SPHERICAL_PROJECTION,ef8b7d652edea5227166e54ca1bf6e81a4c02afd0d78c9d793e615a2db6906f6,afb1df2172f081fa426f2f86c56912079116f6441ba64df367861d00375fddc4,AOG-LM-P07-GC-X1,2,Salah-Eddin Gherbi,S05,14,1560.40239217,726.807270675,6,printed curve labelled x=1,solid front-side run started near label θ = 1 MONTH from the full label r = 1 θ = 1 MONTH; stopped before filled middle right side node at outer boundary (horizon limb),2026-08-03T08:49:10Z
AOG_P07_SPHERICAL_PROJECTION,ef8b7d652edea5227166e54ca1bf6e81a4c02afd0d78c9d793e615a2db6906f6,afb1df2172f081fa426f2f86c56912079116f6441ba64df367861d00375fddc4,AOG-LM-P07-GC-X1,2,Salah-Eddin Gherbi,S05,15,1563.8229808,724.348722597,6,printed curve labelled x=1,solid front-side run started near label θ = 1 MONTH from the full label r = 1 θ = 1 MONTH; stopped before filled middle right side node at outer boundary (horizon limb),2026-08-03T08:49:10Z
AOG_P07_SPHERICAL_PROJECTION,ef8b7d652edea5227166e54ca1bf6e81a4c02afd0d78c9d793e615a2db6906f6,afb1df2172f081fa426f2f86c56912079116f6441ba64df367861d00375fddc4,AOG-LM-P07-GC-X1,2,Salah-Eddin Gherbi,S05,16,1566.81599585,721.997067914,6,printed curve labelled x=1,solid front-side run started near label θ = 1 MONTH from the full label r = 1 θ = 1 MONTH; stopped before filled middle right side node at outer boundary (horizon limb),2026-08-03T08:49:10Z
AOG_P07_SPHERICAL_PROJECTION,ef8b7d652edea5227166e54ca1bf6e81a4c02afd0d78c9d793e615a2db6906f6,afb1df2172f081fa426f2f86c56912079116f6441ba64df367861d00375fddc4,AOG-LM-P07-GC-X1,2,Salah-Eddin Gherbi,S05,17,1570.02279769,719.431626442,6,printed curve labelled x=1,solid front-side run started near label θ = 1 MONTH from the full label r = 1 θ = 1 MONTH; stopped before filled middle right side node at outer boundary (horizon limb),2026-08-03T08:49:10Z
AOG_P07_SPHERICAL_PROJECTION,ef8b7d652edea5227166e54ca1bf6e81a4c02afd0d78c9d793e615a2db6906f6,afb1df2172f081fa426f2f86c56912079116f6441ba64df367861d00375fddc4,AOG-LM-P07-GC-X1,2,Salah-Eddin Gherbi,S05,18,1572.58823916,716.973078364,6,printed curve labelled x=1,solid front-side run started near label θ = 1 MONTH from the full label r = 1 θ = 1 MONTH; stopped before filled middle right side node at outer boundary (horizon limb),2026-08-03T08:49:10Z
AOG_P07_SPHERICAL_PROJECTION,ef8b7d652edea5227166e54ca1bf6e81a4c02afd0d78c9d793e615a2db6906f6,afb1df2172f081fa426f2f86c56912079116f6441ba64df367861d00375fddc4,AOG-LM-P07-GC-X1,2,Salah-Eddin Gherbi,S05,19,1575.47436082,714.086956708,6,printed curve labelled x=1,solid front-side run started near label θ = 1 MONTH from the full label r = 1 θ = 1 MONTH; stopped before filled middle right side node at outer boundary (horizon limb),2026-08-03T08:49:10Z
AOG_P07_SPHERICAL_PROJECTION,ef8b7d652edea5227166e54ca1bf6e81a4c02afd0d78c9d793e615a2db6906f6,afb1df2172f081fa426f2f86c56912079116f6441ba64df367861d00375fddc4,AOG-LM-P07-GC-X1,2,Salah-Eddin Gherbi,S05,20,1578.36048247,712.162875603,6,printed curve labelled x=1,solid front-side run started near label θ = 1 MONTH from the full label r = 1 θ = 1 MONTH; stopped before filled middle right side node at outer boundary (horizon limb),2026-08-03T08:49:10Z
AOG_P07_SPHERICAL_PROJECTION,ef8b7d652edea5227166e54ca1bf6e81a4c02afd0d78c9d793e615a2db6906f6,afb1df2172f081fa426f2f86c56912079116f6441ba64df367861d00375fddc4,AOG-LM-P07-GC-X1,2,Salah-Eddin Gherbi,S05,21,1580.71213716,710.559474683,6,printed curve labelled x=1,solid front-side run started near label θ = 1 MONTH from the full label r = 1 θ = 1 MONTH; stopped before filled middle right side node at outer boundary (horizon limb),2026-08-03T08:49:10Z
AOG_P07_SPHERICAL_PROJECTION,ef8b7d652edea5227166e54ca1bf6e81a4c02afd0d78c9d793e615a2db6906f6,afb1df2172f081fa426f2f86c56912079116f6441ba64df367861d00375fddc4,AOG-LM-P07-GC-X1,2,Salah-Eddin Gherbi,S05,22,1582.95689845,708.528500184,6,printed curve labelled x=1,solid front-side run started near label θ = 1 MONTH from the full label r = 1 θ = 1 MONTH; stopped before filled middle right side node at outer boundary (horizon limb),2026-08-03T08:49:10Z
AOG_P07_SPHERICAL_PROJECTION,ef8b7d652edea5227166e54ca1bf6e81a4c02afd0d78c9d793e615a2db6906f6,afb1df2172f081fa426f2f86c56912079116f6441ba64df367861d00375fddc4,AOG-LM-P07-GC-SCAFFOLD-UR-UC-X1LL-LL,2,Salah-Eddin Gherbi,S01,0,1411.93993421,402.518191102,6,unlabelled internal spherical-scaffold curve from the upper-right rim through the upper interior crossing and X1-UC-LL incidence region toward the lower-left rim,solid front-side run started near filled upper right node; stopped near upper interior crossing node,2026-08-03T08:52:43Z
AOG_P07_SPHERICAL_PROJECTION,ef8b7d652edea5227166e54ca1bf6e81a4c02afd0d78c9d793e615a2db6906f6,afb1df2172f081fa426f2f86c56912079116f6441ba64df367861d00375fddc4,AOG-LM-P07-GC-SCAFFOLD-UR-UC-X1LL-LL,2,Salah-Eddin Gherbi,S01,1,1408.79203281,403.728922409,6,unlabelled internal spherical-scaffold curve from the upper-right rim through the upper interior crossing and X1-UC-LL incidence region toward the lower-left rim,solid front-side run started near filled upper right node; stopped near upper interior crossing node,2026-08-03T08:52:43Z
AOG_P07_SPHERICAL_PROJECTION,ef8b7d652edea5227166e54ca1bf6e81a4c02afd0d78c9d793e615a2db6906f6,afb1df2172f081fa426f2f86c56912079116f6441ba64df367861d00375fddc4,AOG-LM-P07-GC-SCAFFOLD-UR-UC-X1LL-LL,2,Salah-Eddin Gherbi,S01,2,1404.43340011,405.181799977,6,unlabelled internal spherical-scaffold curve from the upper-right rim through the upper interior crossing and X1-UC-LL incidence region toward the lower-left rim,solid front-side run started near filled upper right node; stopped near upper interior crossing node,2026-08-03T08:52:43Z
AOG_P07_SPHERICAL_PROJECTION,ef8b7d652edea5227166e54ca1bf6e81a4c02afd0d78c9d793e615a2db6906f6,afb1df2172f081fa426f2f86c56912079116f6441ba64df367861d00375fddc4,AOG-LM-P07-GC-SCAFFOLD-UR-UC-X1LL-LL,2,Salah-Eddin Gherbi,S01,3,1399.83262114,406.392531284,6,unlabelled internal spherical-scaffold curve from the upper-right rim through the upper interior crossing and X1-UC-LL incidence region toward the lower-left rim,solid front-side run started near filled upper right node; stopped near upper interior crossing node,2026-08-03T08:52:43Z
AOG_P07_SPHERICAL_PROJECTION,ef8b7d652edea5227166e54ca1bf6e81a4c02afd0d78c9d793e615a2db6906f6,afb1df2172f081fa426f2f86c56912079116f6441ba64df367861d00375fddc4,AOG-LM-P07-GC-SCAFFOLD-UR-UC-X1LL-LL,2,Salah-Eddin Gherbi,S01,4,1395.47398844,408.087555114,6,unlabelled internal spherical-scaffold curve from the upper-right rim through the upper interior crossing and X1-UC-LL incidence region toward the lower-left rim,solid front-side run started near filled upper right node; stopped near upper interior crossing node,2026-08-03T08:52:43Z
AOG_P07_SPHERICAL_PROJECTION,ef8b7d652edea5227166e54ca1bf6e81a4c02afd0d78c9d793e615a2db6906f6,afb1df2172f081fa426f2f86c56912079116f6441ba64df367861d00375fddc4,AOG-LM-P07-GC-SCAFFOLD-UR-UC-X1LL-LL,2,Salah-Eddin Gherbi,S01,5,1392.08394078,410.024725206,6,unlabelled internal spherical-scaffold curve from the upper-right rim through the upper interior crossing and X1-UC-LL incidence region toward the lower-left rim,solid front-side run started near filled upper right node; stopped near upper interior crossing node,2026-08-03T08:52:43Z
AOG_P07_SPHERICAL_PROJECTION,ef8b7d652edea5227166e54ca1bf6e81a4c02afd0d78c9d793e615a2db6906f6,afb1df2172f081fa426f2f86c56912079116f6441ba64df367861d00375fddc4,AOG-LM-P07-GC-SCAFFOLD-UR-UC-X1LL-LL,2,Salah-Eddin Gherbi,S01,6,1386.99886929,411.719749036,6,unlabelled internal spherical-scaffold curve from the upper-right rim through the upper interior crossing and X1-UC-LL incidence region toward the lower-left rim,solid front-side run started near filled upper right node; stopped near upper interior crossing node,2026-08-03T08:52:43Z
AOG_P07_SPHERICAL_PROJECTION,ef8b7d652edea5227166e54ca1bf6e81a4c02afd0d78c9d793e615a2db6906f6,afb1df2172f081fa426f2f86c56912079116f6441ba64df367861d00375fddc4,AOG-LM-P07-GC-SCAFFOLD-UR-UC-X1LL-LL,2,Salah-Eddin Gherbi,S01,7,1382.88238284,413.414772866,6,unlabelled internal spherical-scaffold curve from the upper-right rim through the upper interior crossing and X1-UC-LL incidence region toward the lower-left rim,solid front-side run started near filled upper right node; stopped near upper interior crossing node,2026-08-03T08:52:43Z
AOG_P07_SPHERICAL_PROJECTION,ef8b7d652edea5227166e54ca1bf6e81a4c02afd0d78c9d793e615a2db6906f6,afb1df2172f081fa426f2f86c56912079116f6441ba64df367861d00375fddc4,AOG-LM-P07-GC-SCAFFOLD-UR-UC-X1LL-LL,2,Salah-Eddin Gherbi,S01,8,1377.55516509,415.109796696,6,unlabelled internal spherical-scaffold curve from the upper-right rim through the upper interior crossing and X1-UC-LL incidence region toward the lower-left rim,solid front-side run started near filled upper right node; stopped near upper interior crossing node,2026-08-03T08:52:43Z
AOG_P07_SPHERICAL_PROJECTION,ef8b7d652edea5227166e54ca1bf6e81a4c02afd0d78c9d793e615a2db6906f6,afb1df2172f081fa426f2f86c56912079116f6441ba64df367861d00375fddc4,AOG-LM-P07-GC-SCAFFOLD-UR-UC-X1LL-LL,2,Salah-Eddin Gherbi,S01,9,1372.22794734,417.046966787,6,unlabelled internal spherical-scaffold curve from the upper-right rim through the upper interior crossing and X1-UC-LL incidence region toward the lower-left rim,solid front-side run started near filled upper right node; stopped near upper interior crossing node,2026-08-03T08:52:43Z
AOG_P07_SPHERICAL_PROJECTION,ef8b7d652edea5227166e54ca1bf6e81a4c02afd0d78c9d793e615a2db6906f6,afb1df2172f081fa426f2f86c56912079116f6441ba64df367861d00375fddc4,AOG-LM-P07-GC-SCAFFOLD-UR-UC-X1LL-LL,2,Salah-Eddin Gherbi,S01,10,1365.68999828,418.984136878,6,unlabelled internal spherical-scaffold curve from the upper-right rim through the upper interior crossing and X1-UC-LL incidence region toward the lower-left rim,solid front-side run started near filled upper right node; stopped near upper interior crossing node,2026-08-03T08:52:43Z
AOG_P07_SPHERICAL_PROJECTION,ef8b7d652edea5227166e54ca1bf6e81a4c02afd0d78c9d793e615a2db6906f6,afb1df2172f081fa426f2f86c56912079116f6441ba64df367861d00375fddc4,AOG-LM-P07-GC-SCAFFOLD-UR-UC-X1LL-LL,2,Salah-Eddin Gherbi,S01,11,1361.08921931,421.647745754,6,unlabelled internal spherical-scaffold curve from the upper-right rim through the upper interior crossing and X1-UC-LL incidence region toward the lower-left rim,solid front-side run started near filled upper right node; stopped near upper interior crossing node,2026-08-03T08:52:43Z
AOG_P07_SPHERICAL_PROJECTION,ef8b7d652edea5227166e54ca1bf6e81a4c02afd0d78c9d793e615a2db6906f6,afb1df2172f081fa426f2f86c56912079116f6441ba64df367861d00375fddc4,AOG-LM-P07-GC-SCAFFOLD-UR-UC-X1LL-LL,2,Salah-Eddin Gherbi,S01,12,1356.00414782,423.584915846,6,unlabelled internal spherical-scaffold curve from the upper-right rim through the upper interior crossing and X1-UC-LL incidence region toward the lower-left rim,solid front-side run started near filled upper right node; stopped near upper interior crossing node,2026-08-03T08:52:43Z
AOG_P07_SPHERICAL_PROJECTION,ef8b7d652edea5227166e54ca1bf6e81a4c02afd0d78c9d793e615a2db6906f6,afb1df2172f081fa426f2f86c56912079116f6441ba64df367861d00375fddc4,AOG-LM-P07-GC-SCAFFOLD-UR-UC-X1LL-LL,2,Salah-Eddin Gherbi,S01,13,1352.12980764,425.279939675,6,unlabelled internal spherical-scaffold curve from the upper-right rim through the upper interior crossing and X1-UC-LL incidence region toward the lower-left rim,solid front-side run started near filled upper right node; stopped near upper interior crossing node,2026-08-03T08:52:43Z
AOG_P07_SPHERICAL_PROJECTION,ef8b7d652edea5227166e54ca1bf6e81a4c02afd0d78c9d793e615a2db6906f6,afb1df2172f081fa426f2f86c56912079116f6441ba64df367861d00375fddc4,AOG-LM-P07-GC-SCAFFOLD-UR-UC-X1LL-LL,2,Salah-Eddin Gherbi,S01,14,1346.80258989,428.185694813,6,unlabelled internal spherical-scaffold curve from the upper-right rim through the upper interior crossing and X1-UC-LL incidence region toward the lower-left rim,solid front-side run started near filled upper right node; stopped near upper interior crossing node,2026-08-03T08:52:43Z
AOG_P07_SPHERICAL_PROJECTION,ef8b7d652edea5227166e54ca1bf6e81a4c02afd0d78c9d793e615a2db6906f6,afb1df2172f081fa426f2f86c56912079116f6441ba64df367861d00375fddc4,AOG-LM-P07-GC-SCAFFOLD-UR-UC-X1LL-LL,2,Salah-Eddin Gherbi,S01,15,1342.20181092,429.880718643,6,unlabelled internal spherical-scaffold curve from the upper-right rim through the upper interior crossing and X1-UC-LL incidence region toward the lower-left rim,solid front-side run started near filled upper right node; stopped near upper interior crossing node,2026-08-03T08:52:43Z
AOG_P07_SPHERICAL_PROJECTION,ef8b7d652edea5227166e54ca1bf6e81a4c02afd0d78c9d793e615a2db6906f6,afb1df2172f081fa426f2f86c56912079116f6441ba64df367861d00375fddc4,AOG-LM-P07-GC-SCAFFOLD-UR-UC-X1LL-LL,2,Salah-Eddin Gherbi,S01,16,1338.32747074,432.302181257,6,unlabelled internal spherical-scaffold curve from the upper-right rim through the upper interior crossing and X1-UC-LL incidence region toward the lower-left rim,solid front-side run started near filled upper right node; stopped near upper interior crossing node,2026-08-03T08:52:43Z
AOG_P07_SPHERICAL_PROJECTION,ef8b7d652edea5227166e54ca1bf6e81a4c02afd0d78c9d793e615a2db6906f6,afb1df2172f081fa426f2f86c56912079116f6441ba64df367861d00375fddc4,AOG-LM-P07-GC-SCAFFOLD-UR-UC-X1LL-LL,2,Salah-Eddin Gherbi,S01,17,1334.69527682,434.965790132,6,unlabelled internal spherical-scaffold curve from the upper-right rim through the upper interior crossing and X1-UC-LL incidence region toward the lower-left rim,solid front-side run started near filled upper right node; stopped near upper interior crossing node,2026-08-03T08:52:43Z
AOG_P07_SPHERICAL_PROJECTION,ef8b7d652edea5227166e54ca1bf6e81a4c02afd0d78c9d793e615a2db6906f6,afb1df2172f081fa426f2f86c56912079116f6441ba64df367861d00375fddc4,AOG-LM-P07-GC-SCAFFOLD-UR-UC-X1LL-LL,2,Salah-Eddin Gherbi,S01,18,1330.82093664,437.145106485,6,unlabelled internal spherical-scaffold curve from the upper-right rim through the upper interior crossing and X1-UC-LL incidence region toward the lower-left rim,solid front-side run started near filled upper right node; stopped near upper interior crossing node,2026-08-03T08:52:43Z
AOG_P07_SPHERICAL_PROJECTION,ef8b7d652edea5227166e54ca1bf6e81a4c02afd0d78c9d793e615a2db6906f6,afb1df2172f081fa426f2f86c56912079116f6441ba64df367861d00375fddc4,AOG-LM-P07-GC-SCAFFOLD-UR-UC-X1LL-LL,2,Salah-Eddin Gherbi,S01,19,1326.46230393,438.355837792,6,unlabelled internal spherical-scaffold curve from the upper-right rim through the upper interior crossing and X1-UC-LL incidence region toward the lower-left rim,solid front-side run started near filled upper right node; stopped near upper interior crossing node,2026-08-03T08:52:43Z
AOG_P07_SPHERICAL_PROJECTION,ef8b7d652edea5227166e54ca1bf6e81a4c02afd0d78c9d793e615a2db6906f6,afb1df2172f081fa426f2f86c56912079116f6441ba64df367861d00375fddc4,AOG-LM-P07-GC-SCAFFOLD-UR-UC-X1LL-LL,2,Salah-Eddin Gherbi,S01,20,1320.89293992,441.019446668,6,unlabelled internal spherical-scaffold curve from the upper-right rim through the upper interior crossing and X1-UC-LL incidence region toward the lower-left rim,solid front-side run started near filled upper right node; stopped near upper interior crossing node,2026-08-03T08:52:43Z
AOG_P07_SPHERICAL_PROJECTION,ef8b7d652edea5227166e54ca1bf6e81a4c02afd0d78c9d793e615a2db6906f6,afb1df2172f081fa426f2f86c56912079116f6441ba64df367861d00375fddc4,AOG-LM-P07-GC-SCAFFOLD-UR-UC-X1LL-LL,2,Salah-Eddin Gherbi,S01,21,1317.260746,444.167348067,6,unlabelled internal spherical-scaffold curve from the upper-right rim through the upper interior crossing and X1-UC-LL incidence region toward the lower-left rim,solid front-side run started near filled upper right node; stopped near upper interior crossing node,2026-08-03T08:52:43Z
AOG_P07_SPHERICAL_PROJECTION,ef8b7d652edea5227166e54ca1bf6e81a4c02afd0d78c9d793e615a2db6906f6,afb1df2172f081fa426f2f86c56912079116f6441ba64df367861d00375fddc4,AOG-LM-P07-GC-SCAFFOLD-UR-UC-X1LL-LL,2,Salah-Eddin Gherbi,S01,22,1313.87069834,446.830956942,6,unlabelled internal spherical-scaffold curve from the upper-right rim through the upper interior crossing and X1-UC-LL incidence region toward the lower-left rim,solid front-side run started near filled upper right node; stopped near upper interior crossing node,2026-08-03T08:52:43Z
AOG_P07_SPHERICAL_PROJECTION,ef8b7d652edea5227166e54ca1bf6e81a4c02afd0d78c9d793e615a2db6906f6,afb1df2172f081fa426f2f86c56912079116f6441ba64df367861d00375fddc4,AOG-LM-P07-GC-SCAFFOLD-UR-UC-X1LL-LL,2,Salah-Eddin Gherbi,S01,23,1309.51206563,449.494565818,6,unlabelled internal spherical-scaffold curve from the upper-right rim through the upper interior crossing and X1-UC-LL incidence region toward the lower-left rim,solid front-side run started near filled upper right node; stopped near upper interior crossing node,2026-08-03T08:52:43Z
AOG_P07_SPHERICAL_PROJECTION,ef8b7d652edea5227166e54ca1bf6e81a4c02afd0d78c9d793e615a2db6906f6,afb1df2172f081fa426f2f86c56912079116f6441ba64df367861d00375fddc4,AOG-LM-P07-GC-SCAFFOLD-UR-UC-X1LL-LL,2,Salah-Eddin Gherbi,S01,24,1305.15343292,451.916028432,6,unlabelled internal spherical-scaffold curve from the upper-right rim through the upper interior crossing and X1-UC-LL incidence region toward the lower-left rim,solid front-side run started near filled upper right node; stopped near upper interior crossing node,2026-08-03T08:52:43Z
AOG_P07_SPHERICAL_PROJECTION,ef8b7d652edea5227166e54ca1bf6e81a4c02afd0d78c9d793e615a2db6906f6,afb1df2172f081fa426f2f86c56912079116f6441ba64df367861d00375fddc4,AOG-LM-P07-GC-SCAFFOLD-UR-UC-X1LL-LL,2,Salah-Eddin Gherbi,S01,25,1300.79480022,454.579637308,6,unlabelled internal spherical-scaffold curve from the upper-right rim through the upper interior crossing and X1-UC-LL incidence region toward the lower-left rim,solid front-side run started near filled upper right node; stopped near upper interior crossing node,2026-08-03T08:52:43Z
AOG_P07_SPHERICAL_PROJECTION,ef8b7d652edea5227166e54ca1bf6e81a4c02afd0d78c9d793e615a2db6906f6,afb1df2172f081fa426f2f86c56912079116f6441ba64df367861d00375fddc4,AOG-LM-P07-GC-SCAFFOLD-UR-UC-X1LL-LL,2,Salah-Eddin Gherbi,S01,26,1297.88904508,457.727538706,6,unlabelled internal spherical-scaffold curve from the upper-right rim through the upper interior crossing and X1-UC-LL incidence region toward the lower-left rim,solid front-side run started near filled upper right node; stopped near upper interior crossing node,2026-08-03T08:52:43Z
AOG_P07_SPHERICAL_PROJECTION,ef8b7d652edea5227166e54ca1bf6e81a4c02afd0d78c9d793e615a2db6906f6,afb1df2172f081fa426f2f86c56912079116f6441ba64df367861d00375fddc4,AOG-LM-P07-GC-SCAFFOLD-UR-UC-X1LL-LL,2,Salah-Eddin Gherbi,S01,27,1294.49899742,459.664708798,6,unlabelled internal spherical-scaffold curve from the upper-right rim through the upper interior crossing and X1-UC-LL incidence region toward the lower-left rim,solid front-side run started near filled upper right node; stopped near upper interior crossing node,2026-08-03T08:52:43Z
AOG_P07_SPHERICAL_PROJECTION,ef8b7d652edea5227166e54ca1bf6e81a4c02afd0d78c9d793e615a2db6906f6,afb1df2172f081fa426f2f86c56912079116f6441ba64df367861d00375fddc4,AOG-LM-P07-GC-SCAFFOLD-UR-UC-X1LL-LL,2,Salah-Eddin Gherbi,S01,28,1291.10894976,461.359732628,6,unlabelled internal spherical-scaffold curve from the upper-right rim through the upper interior crossing and X1-UC-LL incidence region toward the lower-left rim,solid front-side run started near filled upper right node; stopped near upper interior crossing node,2026-08-03T08:52:43Z
AOG_P07_SPHERICAL_PROJECTION,ef8b7d652edea5227166e54ca1bf6e81a4c02afd0d78c9d793e615a2db6906f6,afb1df2172f081fa426f2f86c56912079116f6441ba64df367861d00375fddc4,AOG-LM-P07-GC-SCAFFOLD-UR-UC-X1LL-LL,2,Salah-Eddin Gherbi,S01,29,1287.96104836,463.781195242,6,unlabelled internal spherical-scaffold curve from the upper-right rim through the upper interior crossing and X1-UC-LL incidence region toward the lower-left rim,solid front-side run started near filled upper right node; stopped near upper interior crossing node,2026-08-03T08:52:43Z
AOG_P07_SPHERICAL_PROJECTION,ef8b7d652edea5227166e54ca1bf6e81a4c02afd0d78c9d793e615a2db6906f6,afb1df2172f081fa426f2f86c56912079116f6441ba64df367861d00375fddc4,AOG-LM-P07-GC-SCAFFOLD-UR-UC-X1LL-LL,2,Salah-Eddin Gherbi,S01,30,1283.84456192,466.444804118,6,unlabelled internal spherical-scaffold curve from the upper-right rim through the upper interior crossing and X1-UC-LL incidence region toward the lower-left rim,solid front-side run started near filled upper right node; stopped near upper interior crossing node,2026-08-03T08:52:43Z
AOG_P07_SPHERICAL_PROJECTION,ef8b7d652edea5227166e54ca1bf6e81a4c02afd0d78c9d793e615a2db6906f6,afb1df2172f081fa426f2f86c56912079116f6441ba64df367861d00375fddc4,AOG-LM-P07-GC-SCAFFOLD-UR-UC-X1LL-LL,2,Salah-Eddin Gherbi,S01,31,1281.18095304,469.108412993,6,unlabelled internal spherical-scaffold curve from the upper-right rim through the upper interior crossing and X1-UC-LL incidence region toward the lower-left rim,solid front-side run started near filled upper right node; stopped near upper interior crossing node,2026-08-03T08:52:43Z
AOG_P07_SPHERICAL_PROJECTION,ef8b7d652edea5227166e54ca1bf6e81a4c02afd0d78c9d793e615a2db6906f6,afb1df2172f081fa426f2f86c56912079116f6441ba64df367861d00375fddc4,AOG-LM-P07-GC-SCAFFOLD-UR-UC-X1LL-LL,2,Salah-Eddin Gherbi,S01,32,1277.30661286,471.529875608,6,unlabelled internal spherical-scaffold curve from the upper-right rim through the upper interior crossing and X1-UC-LL incidence region toward the lower-left rim,solid front-side run started near filled upper right node; stopped near upper interior crossing node,2026-08-03T08:52:43Z
AOG_P07_SPHERICAL_PROJECTION,ef8b7d652edea5227166e54ca1bf6e81a4c02afd0d78c9d793e615a2db6906f6,afb1df2172f081fa426f2f86c56912079116f6441ba64df367861d00375fddc4,AOG-LM-P07-GC-SCAFFOLD-UR-UC-X1LL-LL,2,Salah-Eddin Gherbi,S01,33,1273.9165652,474.435630745,6,unlabelled internal spherical-scaffold curve from the upper-right rim through the upper interior crossing and X1-UC-LL incidence region toward the lower-left rim,solid front-side run started near filled upper right node; stopped near upper interior crossing node,2026-08-03T08:52:43Z
AOG_P07_SPHERICAL_PROJECTION,ef8b7d652edea5227166e54ca1bf6e81a4c02afd0d78c9d793e615a2db6906f6,afb1df2172f081fa426f2f86c56912079116f6441ba64df367861d00375fddc4,AOG-LM-P07-GC-SCAFFOLD-UR-UC-X1LL-LL,2,Salah-Eddin Gherbi,S01,34,1270.52651754,477.341385882,6,unlabelled internal spherical-scaffold curve from the upper-right rim through the upper interior crossing and X1-UC-LL incidence region toward the lower-left rim,solid front-side run started near filled upper right node; stopped near upper interior crossing node,2026-08-03T08:52:43Z
AOG_P07_SPHERICAL_PROJECTION,ef8b7d652edea5227166e54ca1bf6e81a4c02afd0d78c9d793e615a2db6906f6,afb1df2172f081fa426f2f86c56912079116f6441ba64df367861d00375fddc4,AOG-LM-P07-GC-SCAFFOLD-UR-UC-X1LL-LL,2,Salah-Eddin Gherbi,S01,35,1267.6207624,480.247141019,6,unlabelled internal spherical-scaffold curve from the upper-right rim through the upper interior crossing and X1-UC-LL incidence region toward the lower-left rim,solid front-side run started near filled upper right node; stopped near upper interior crossing node,2026-08-03T08:52:43Z
AOG_P07_SPHERICAL_PROJECTION,ef8b7d652edea5227166e54ca1bf6e81a4c02afd0d78c9d793e615a2db6906f6,afb1df2172f081fa426f2f86c56912079116f6441ba64df367861d00375fddc4,AOG-LM-P07-GC-SCAFFOLD-UR-UC-X1LL-LL,2,Salah-Eddin Gherbi,S01,36,1264.23071474,482.426457372,6,unlabelled internal spherical-scaffold curve from the upper-right rim through the upper interior crossing and X1-UC-LL incidence region toward the lower-left rim,solid front-side run started near filled upper right node; stopped near upper interior crossing node,2026-08-03T08:52:43Z
AOG_P07_SPHERICAL_PROJECTION,ef8b7d652edea5227166e54ca1bf6e81a4c02afd0d78c9d793e615a2db6906f6,afb1df2172f081fa426f2f86c56912079116f6441ba64df367861d00375fddc4,AOG-LM-P07-GC-SCAFFOLD-UR-UC-X1LL-LL,2,Salah-Eddin Gherbi,S01,37,1262.29354465,484.605773725,6,unlabelled internal spherical-scaffold curve from the upper-right rim through the upper interior crossing and X1-UC-LL incidence region toward the lower-left rim,solid front-side run started near filled upper right node; stopped near upper interior crossing node,2026-08-03T08:52:43Z
AOG_P07_SPHERICAL_PROJECTION,ef8b7d652edea5227166e54ca1bf6e81a4c02afd0d78c9d793e615a2db6906f6,afb1df2172f081fa426f2f86c56912079116f6441ba64df367861d00375fddc4,AOG-LM-P07-GC-SCAFFOLD-UR-UC-X1LL-LL,2,Salah-Eddin Gherbi,S01,38,1260.1142283,486.058651293,6,unlabelled internal spherical-scaffold curve from the upper-right rim through the upper interior crossing and X1-UC-LL incidence region toward the lower-left rim,solid front-side run started near filled upper right node; stopped near upper interior crossing node,2026-08-03T08:52:43Z
AOG_P07_SPHERICAL_PROJECTION,ef8b7d652edea5227166e54ca1bf6e81a4c02afd0d78c9d793e615a2db6906f6,afb1df2172f081fa426f2f86c56912079116f6441ba64df367861d00375fddc4,AOG-LM-P07-GC-SCAFFOLD-UR-UC-X1LL-LL,2,Salah-Eddin Gherbi,S02,0,1235.68057977,508.500243242,6,unlabelled internal spherical-scaffold curve from the upper-right rim through the upper interior crossing and X1-UC-LL incidence region toward the lower-left rim,solid front-side run started near upper interior crossing node; stopped near dashed back-hemisphere of great circle projection of y = 0,2026-08-03T08:56:31Z
AOG_P07_SPHERICAL_PROJECTION,ef8b7d652edea5227166e54ca1bf6e81a4c02afd0d78c9d793e615a2db6906f6,afb1df2172f081fa426f2f86c56912079116f6441ba64df367861d00375fddc4,AOG-LM-P07-GC-SCAFFOLD-UR-UC-X1LL-LL,2,Salah-Eddin Gherbi,S02,1,1233.15876826,510.428687342,6,unlabelled internal spherical-scaffold curve from the upper-right rim through the upper interior crossing and X1-UC-LL incidence region toward the lower-left rim,solid front-side run started near upper interior crossing node; stopped near dashed back-hemisphere of great circle projection of y = 0,2026-08-03T08:56:31Z
AOG_P07_SPHERICAL_PROJECTION,ef8b7d652edea5227166e54ca1bf6e81a4c02afd0d78c9d793e615a2db6906f6,afb1df2172f081fa426f2f86c56912079116f6441ba64df367861d00375fddc4,AOG-LM-P07-GC-SCAFFOLD-UR-UC-X1LL-LL,2,Salah-Eddin Gherbi,S02,2,1230.7852986,512.505473296,6,unlabelled internal spherical-scaffold curve from the upper-right rim through the upper interior crossing and X1-UC-LL incidence region toward the lower-left rim,solid front-side run started near upper interior crossing node; stopped near dashed back-hemisphere of great circle projection of y = 0,2026-08-03T08:56:31Z
AOG_P07_SPHERICAL_PROJECTION,ef8b7d652edea5227166e54ca1bf6e81a4c02afd0d78c9d793e615a2db6906f6,afb1df2172f081fa426f2f86c56912079116f6441ba64df367861d00375fddc4,AOG-LM-P07-GC-SCAFFOLD-UR-UC-X1LL-LL,2,Salah-Eddin Gherbi,S02,3,1228.11514523,514.878942958,6,unlabelled internal spherical-scaffold curve from the upper-right rim through the upper interior crossing and X1-UC-LL incidence region toward the lower-left rim,solid front-side run started near upper interior crossing node; stopped near dashed back-hemisphere of great circle projection of y = 0,2026-08-03T08:56:31Z
AOG_P07_SPHERICAL_PROJECTION,ef8b7d652edea5227166e54ca1bf6e81a4c02afd0d78c9d793e615a2db6906f6,afb1df2172f081fa426f2f86c56912079116f6441ba64df367861d00375fddc4,AOG-LM-P07-GC-SCAFFOLD-UR-UC-X1LL-LL,2,Salah-Eddin Gherbi,S02,4,1225.89001742,516.807387058,6,unlabelled internal spherical-scaffold curve from the upper-right rim through the upper interior crossing and X1-UC-LL incidence region toward the lower-left rim,solid front-side run started near upper interior crossing node; stopped near dashed back-hemisphere of great circle projection of y = 0,2026-08-03T08:56:31Z
AOG_P07_SPHERICAL_PROJECTION,ef8b7d652edea5227166e54ca1bf6e81a4c02afd0d78c9d793e615a2db6906f6,afb1df2172f081fa426f2f86c56912079116f6441ba64df367861d00375fddc4,AOG-LM-P07-GC-SCAFFOLD-UR-UC-X1LL-LL,2,Salah-Eddin Gherbi,S02,5,1223.81323147,518.884173012,6,unlabelled internal spherical-scaffold curve from the upper-right rim through the upper interior crossing and X1-UC-LL incidence region toward the lower-left rim,solid front-side run started near upper interior crossing node; stopped near dashed back-hemisphere of great circle projection of y = 0,2026-08-03T08:56:31Z
AOG_P07_SPHERICAL_PROJECTION,ef8b7d652edea5227166e54ca1bf6e81a4c02afd0d78c9d793e615a2db6906f6,afb1df2172f081fa426f2f86c56912079116f6441ba64df367861d00375fddc4,AOG-LM-P07-GC-SCAFFOLD-UR-UC-X1LL-LL,2,Salah-Eddin Gherbi,S02,6,1220.99473624,521.851010089,6,unlabelled internal spherical-scaffold curve from the upper-right rim through the upper interior crossing and X1-UC-LL incidence region toward the lower-left rim,solid front-side run started near upper interior crossing node; stopped near dashed back-hemisphere of great circle projection of y = 0,2026-08-03T08:56:31Z
AOG_P07_SPHERICAL_PROJECTION,ef8b7d652edea5227166e54ca1bf6e81a4c02afd0d78c9d793e615a2db6906f6,afb1df2172f081fa426f2f86c56912079116f6441ba64df367861d00375fddc4,AOG-LM-P07-GC-SCAFFOLD-UR-UC-X1LL-LL,2,Salah-Eddin Gherbi,S02,7,1219.5113177,523.927796042,6,unlabelled internal spherical-scaffold curve from the upper-right rim through the upper interior crossing and X1-UC-LL incidence region toward the lower-left rim,solid front-side run started near upper interior crossing node; stopped near dashed back-hemisphere of great circle projection of y = 0,2026-08-03T08:56:31Z
AOG_P07_SPHERICAL_PROJECTION,ef8b7d652edea5227166e54ca1bf6e81a4c02afd0d78c9d793e615a2db6906f6,afb1df2172f081fa426f2f86c56912079116f6441ba64df367861d00375fddc4,AOG-LM-P07-GC-SCAFFOLD-UR-UC-X1LL-LL,2,Salah-Eddin Gherbi,S02,8,1216.84116433,525.856240142,6,unlabelled internal spherical-scaffold curve from the upper-right rim through the upper interior crossing and X1-UC-LL incidence region toward the lower-left rim,solid front-side run started near upper interior crossing node; stopped near dashed back-hemisphere of great circle projection of y = 0,2026-08-03T08:56:31Z
AOG_P07_SPHERICAL_PROJECTION,ef8b7d652edea5227166e54ca1bf6e81a4c02afd0d78c9d793e615a2db6906f6,afb1df2172f081fa426f2f86c56912079116f6441ba64df367861d00375fddc4,AOG-LM-P07-GC-SCAFFOLD-UR-UC-X1LL-LL,2,Salah-Eddin Gherbi,S02,9,1214.31935282,528.526393512,6,unlabelled internal spherical-scaffold curve from the upper-right rim through the upper interior crossing and X1-UC-LL incidence region toward the lower-left rim,solid front-side run started near upper interior crossing node; stopped near dashed back-hemisphere of great circle projection of y = 0,2026-08-03T08:56:31Z
AOG_P07_SPHERICAL_PROJECTION,ef8b7d652edea5227166e54ca1bf6e81a4c02afd0d78c9d793e615a2db6906f6,afb1df2172f081fa426f2f86c56912079116f6441ba64df367861d00375fddc4,AOG-LM-P07-GC-SCAFFOLD-UR-UC-X1LL-LL,2,Salah-Eddin Gherbi,S02,10,1211.20417389,531.789914296,6,unlabelled internal spherical-scaffold curve from the upper-right rim through the upper interior crossing and X1-UC-LL incidence region toward the lower-left rim,solid front-side run started near upper interior crossing node; stopped near dashed back-hemisphere of great circle projection of y = 0,2026-08-03T08:56:31Z
AOG_P07_SPHERICAL_PROJECTION,ef8b7d652edea5227166e54ca1bf6e81a4c02afd0d78c9d793e615a2db6906f6,afb1df2172f081fa426f2f86c56912079116f6441ba64df367861d00375fddc4,AOG-LM-P07-GC-SCAFFOLD-UR-UC-X1LL-LL,2,Salah-Eddin Gherbi,S02,11,1208.08899496,534.905093227,6,unlabelled internal spherical-scaffold curve from the upper-right rim through the upper interior crossing and X1-UC-LL incidence region toward the lower-left rim,solid front-side run started near upper interior crossing node; stopped near dashed back-hemisphere of great circle projection of y = 0,2026-08-03T08:56:31Z
AOG_P07_SPHERICAL_PROJECTION,ef8b7d652edea5227166e54ca1bf6e81a4c02afd0d78c9d793e615a2db6906f6,afb1df2172f081fa426f2f86c56912079116f6441ba64df367861d00375fddc4,AOG-LM-P07-GC-SCAFFOLD-UR-UC-X1LL-LL,2,Salah-Eddin Gherbi,S02,12,1204.82547417,538.020272158,6,unlabelled internal spherical-scaffold curve from the upper-right rim through the upper interior crossing and X1-UC-LL incidence region toward the lower-left rim,solid front-side run started near upper interior crossing node; stopped near dashed back-hemisphere of great circle projection of y = 0,2026-08-03T08:56:31Z
AOG_P07_SPHERICAL_PROJECTION,ef8b7d652edea5227166e54ca1bf6e81a4c02afd0d78c9d793e615a2db6906f6,afb1df2172f081fa426f2f86c56912079116f6441ba64df367861d00375fddc4,AOG-LM-P07-GC-SCAFFOLD-UR-UC-X1LL-LL,2,Salah-Eddin Gherbi,S02,13,1201.8586371,541.283792942,6,unlabelled internal spherical-scaffold curve from the upper-right rim through the upper interior crossing and X1-UC-LL incidence region toward the lower-left rim,solid front-side run started near upper interior crossing node; stopped near dashed back-hemisphere of great circle projection of y = 0,2026-08-03T08:56:31Z
AOG_P07_SPHERICAL_PROJECTION,ef8b7d652edea5227166e54ca1bf6e81a4c02afd0d78c9d793e615a2db6906f6,afb1df2172f081fa426f2f86c56912079116f6441ba64df367861d00375fddc4,AOG-LM-P07-GC-SCAFFOLD-UR-UC-X1LL-LL,2,Salah-Eddin Gherbi,S02,14,1199.48516743,544.250630019,6,unlabelled internal spherical-scaffold curve from the upper-right rim through the upper interior crossing and X1-UC-LL incidence region toward the lower-left rim,solid front-side run started near upper interior crossing node; stopped near dashed back-hemisphere of great circle projection of y = 0,2026-08-03T08:56:31Z
AOG_P07_SPHERICAL_PROJECTION,ef8b7d652edea5227166e54ca1bf6e81a4c02afd0d78c9d793e615a2db6906f6,afb1df2172f081fa426f2f86c56912079116f6441ba64df367861d00375fddc4,AOG-LM-P07-GC-SCAFFOLD-UR-UC-X1LL-LL,2,Salah-Eddin Gherbi,S02,15,1196.81501407,548.107518219,6,unlabelled internal spherical-scaffold curve from the upper-right rim through the upper interior crossing and X1-UC-LL incidence region toward the lower-left rim,solid front-side run started near upper interior crossing node; stopped near dashed back-hemisphere of great circle projection of y = 0,2026-08-03T08:56:31Z
AOG_P07_SPHERICAL_PROJECTION,ef8b7d652edea5227166e54ca1bf6e81a4c02afd0d78c9d793e615a2db6906f6,afb1df2172f081fa426f2f86c56912079116f6441ba64df367861d00375fddc4,AOG-LM-P07-GC-SCAFFOLD-UR-UC-X1LL-LL,2,Salah-Eddin Gherbi,S02,16,1194.4415444,551.074355296,6,unlabelled internal spherical-scaffold curve from the upper-right rim through the upper interior crossing and X1-UC-LL incidence region toward the lower-left rim,solid front-side run started near upper interior crossing node; stopped near dashed back-hemisphere of great circle projection of y = 0,2026-08-03T08:56:31Z
AOG_P07_SPHERICAL_PROJECTION,ef8b7d652edea5227166e54ca1bf6e81a4c02afd0d78c9d793e615a2db6906f6,afb1df2172f081fa426f2f86c56912079116f6441ba64df367861d00375fddc4,AOG-LM-P07-GC-SCAFFOLD-UR-UC-X1LL-LL,2,Salah-Eddin Gherbi,S02,17,1191.62304918,554.041192373,6,unlabelled internal spherical-scaffold curve from the upper-right rim through the upper interior crossing and X1-UC-LL incidence region toward the lower-left rim,solid front-side run started near upper interior crossing node; stopped near dashed back-hemisphere of great circle projection of y = 0,2026-08-03T08:56:31Z
AOG_P07_SPHERICAL_PROJECTION,ef8b7d652edea5227166e54ca1bf6e81a4c02afd0d78c9d793e615a2db6906f6,afb1df2172f081fa426f2f86c56912079116f6441ba64df367861d00375fddc4,AOG-LM-P07-GC-SCAFFOLD-UR-UC-X1LL-LL,2,Salah-Eddin Gherbi,S02,18,1188.50787025,556.711345742,6,unlabelled internal spherical-scaffold curve from the upper-right rim through the upper interior crossing and X1-UC-LL incidence region toward the lower-left rim,solid front-side run started near upper interior crossing node; stopped near dashed back-hemisphere of great circle projection of y = 0,2026-08-03T08:56:31Z
AOG_P07_SPHERICAL_PROJECTION,ef8b7d652edea5227166e54ca1bf6e81a4c02afd0d78c9d793e615a2db6906f6,afb1df2172f081fa426f2f86c56912079116f6441ba64df367861d00375fddc4,AOG-LM-P07-GC-SCAFFOLD-UR-UC-X1LL-LL,2,Salah-Eddin Gherbi,S02,19,1186.13440059,560.123208381,6,unlabelled internal spherical-scaffold curve from the upper-right rim through the upper interior crossing and X1-UC-LL incidence region toward the lower-left rim,solid front-side run started near upper interior crossing node; stopped near dashed back-hemisphere of great circle projection of y = 0,2026-08-03T08:56:31Z
AOG_P07_SPHERICAL_PROJECTION,ef8b7d652edea5227166e54ca1bf6e81a4c02afd0d78c9d793e615a2db6906f6,afb1df2172f081fa426f2f86c56912079116f6441ba64df367861d00375fddc4,AOG-LM-P07-GC-SCAFFOLD-UR-UC-X1LL-LL,2,Salah-Eddin Gherbi,S02,20,1183.46424722,562.941703604,6,unlabelled internal spherical-scaffold curve from the upper-right rim through the upper interior crossing and X1-UC-LL incidence region toward the lower-left rim,solid front-side run started near upper interior crossing node; stopped near dashed back-hemisphere of great circle projection of y = 0,2026-08-03T08:56:31Z
AOG_P07_SPHERICAL_PROJECTION,ef8b7d652edea5227166e54ca1bf6e81a4c02afd0d78c9d793e615a2db6906f6,afb1df2172f081fa426f2f86c56912079116f6441ba64df367861d00375fddc4,AOG-LM-P07-GC-SCAFFOLD-UR-UC-X1LL-LL,2,Salah-Eddin Gherbi,S02,21,1181.53580312,565.908540681,6,unlabelled internal spherical-scaffold curve from the upper-right rim through the upper interior crossing and X1-UC-LL incidence region toward the lower-left rim,solid front-side run started near upper interior crossing node; stopped near dashed back-hemisphere of great circle projection of y = 0,2026-08-03T08:56:31Z
AOG_P07_SPHERICAL_PROJECTION,ef8b7d652edea5227166e54ca1bf6e81a4c02afd0d78c9d793e615a2db6906f6,afb1df2172f081fa426f2f86c56912079116f6441ba64df367861d00375fddc4,AOG-LM-P07-GC-SCAFFOLD-UR-UC-X1LL-LL,2,Salah-Eddin Gherbi,S02,22,1179.60735902,569.172061465,6,unlabelled internal spherical-scaffold curve from the upper-right rim through the upper interior crossing and X1-UC-LL incidence region toward the lower-left rim,solid front-side run started near upper interior crossing node; stopped near dashed back-hemisphere of great circle projection of y = 0,2026-08-03T08:56:31Z
AOG_P07_SPHERICAL_PROJECTION,ef8b7d652edea5227166e54ca1bf6e81a4c02afd0d78c9d793e615a2db6906f6,afb1df2172f081fa426f2f86c56912079116f6441ba64df367861d00375fddc4,AOG-LM-P07-GC-SCAFFOLD-UR-UC-X1LL-LL,2,Salah-Eddin Gherbi,S03,0,1175.64503903,573.91795367,6,unlabelled internal spherical-scaffold curve from the upper-right rim through the upper interior crossing and X1-UC-LL incidence region toward the lower-left rim,solid front-side run started near near dashed back-hemisphere of y = 0; stopped before filled UCLL node,2026-08-03T08:59:14Z
AOG_P07_SPHERICAL_PROJECTION,ef8b7d652edea5227166e54ca1bf6e81a4c02afd0d78c9d793e615a2db6906f6,afb1df2172f081fa426f2f86c56912079116f6441ba64df367861d00375fddc4,AOG-LM-P07-GC-SCAFFOLD-UR-UC-X1LL-LL,2,Salah-Eddin Gherbi,S03,1,1173.07959756,577.582870059,6,unlabelled internal spherical-scaffold curve from the upper-right rim through the upper interior crossing and X1-UC-LL incidence region toward the lower-left rim,solid front-side run started near near dashed back-hemisphere of y = 0; stopped before filled UCLL node,2026-08-03T08:59:14Z
AOG_P07_SPHERICAL_PROJECTION,ef8b7d652edea5227166e54ca1bf6e81a4c02afd0d78c9d793e615a2db6906f6,afb1df2172f081fa426f2f86c56912079116f6441ba64df367861d00375fddc4,AOG-LM-P07-GC-SCAFFOLD-UR-UC-X1LL-LL,2,Salah-Eddin Gherbi,S03,2,1170.14766444,580.51480317,6,unlabelled internal spherical-scaffold curve from the upper-right rim through the upper interior crossing and X1-UC-LL incidence region toward the lower-left rim,solid front-side run started near near dashed back-hemisphere of y = 0; stopped before filled UCLL node,2026-08-03T08:59:14Z
AOG_P07_SPHERICAL_PROJECTION,ef8b7d652edea5227166e54ca1bf6e81a4c02afd0d78c9d793e615a2db6906f6,afb1df2172f081fa426f2f86c56912079116f6441ba64df367861d00375fddc4,AOG-LM-P07-GC-SCAFFOLD-UR-UC-X1LL-LL,2,Salah-Eddin Gherbi,S03,3,1166.84923969,585.279194476,6,unlabelled internal spherical-scaffold curve from the upper-right rim through the upper interior crossing and X1-UC-LL incidence region toward the lower-left rim,solid front-side run started near near dashed back-hemisphere of y = 0; stopped before filled UCLL node,2026-08-03T08:59:14Z
AOG_P07_SPHERICAL_PROJECTION,ef8b7d652edea5227166e54ca1bf6e81a4c02afd0d78c9d793e615a2db6906f6,afb1df2172f081fa426f2f86c56912079116f6441ba64df367861d00375fddc4,AOG-LM-P07-GC-SCAFFOLD-UR-UC-X1LL-LL,2,Salah-Eddin Gherbi,S03,4,1165.0167815,589.310602504,6,unlabelled internal spherical-scaffold curve from the upper-right rim through the upper interior crossing and X1-UC-LL incidence region toward the lower-left rim,solid front-side run started near near dashed back-hemisphere of y = 0; stopped before filled UCLL node,2026-08-03T08:59:14Z
AOG_P07_SPHERICAL_PROJECTION,ef8b7d652edea5227166e54ca1bf6e81a4c02afd0d78c9d793e615a2db6906f6,afb1df2172f081fa426f2f86c56912079116f6441ba64df367861d00375fddc4,AOG-LM-P07-GC-SCAFFOLD-UR-UC-X1LL-LL,2,Salah-Eddin Gherbi,S03,5,1161.35186511,593.342010532,6,unlabelled internal spherical-scaffold curve from the upper-right rim through the upper interior crossing and X1-UC-LL incidence region toward the lower-left rim,solid front-side run started near near dashed back-hemisphere of y = 0; stopped before filled UCLL node,2026-08-03T08:59:14Z
AOG_P07_SPHERICAL_PROJECTION,ef8b7d652edea5227166e54ca1bf6e81a4c02afd0d78c9d793e615a2db6906f6,afb1df2172f081fa426f2f86c56912079116f6441ba64df367861d00375fddc4,AOG-LM-P07-GC-SCAFFOLD-UR-UC-X1LL-LL,2,Salah-Eddin Gherbi,S03,6,1157.32045708,598.839385116,6,unlabelled internal spherical-scaffold curve from the upper-right rim through the upper interior crossing and X1-UC-LL incidence region toward the lower-left rim,solid front-side run started near near dashed back-hemisphere of y = 0; stopped before filled UCLL node,2026-08-03T08:59:14Z
AOG_P07_SPHERICAL_PROJECTION,ef8b7d652edea5227166e54ca1bf6e81a4c02afd0d78c9d793e615a2db6906f6,afb1df2172f081fa426f2f86c56912079116f6441ba64df367861d00375fddc4,AOG-LM-P07-GC-SCAFFOLD-UR-UC-X1LL-LL,2,Salah-Eddin Gherbi,S03,7,1154.38852397,601.771318227,6,unlabelled internal spherical-scaffold curve from the upper-right rim through the upper interior crossing and X1-UC-LL incidence region toward the lower-left rim,solid front-side run started near near dashed back-hemisphere of y = 0; stopped before filled UCLL node,2026-08-03T08:59:14Z
AOG_P07_SPHERICAL_PROJECTION,ef8b7d652edea5227166e54ca1bf6e81a4c02afd0d78c9d793e615a2db6906f6,afb1df2172f081fa426f2f86c56912079116f6441ba64df367861d00375fddc4,AOG-LM-P07-GC-SCAFFOLD-UR-UC-X1LL-LL,2,Salah-Eddin Gherbi,S03,8,1151.09009922,606.535709533,6,unlabelled internal spherical-scaffold curve from the upper-right rim through the upper interior crossing and X1-UC-LL incidence region toward the lower-left rim,solid front-side run started near near dashed back-hemisphere of y = 0; stopped before filled UCLL node,2026-08-03T08:59:14Z
AOG_P07_SPHERICAL_PROJECTION,ef8b7d652edea5227166e54ca1bf6e81a4c02afd0d78c9d793e615a2db6906f6,afb1df2172f081fa426f2f86c56912079116f6441ba64df367861d00375fddc4,AOG-LM-P07-GC-SCAFFOLD-UR-UC-X1LL-LL,2,Salah-Eddin Gherbi,S03,9,1147.05869119,612.033084116,6,unlabelled internal spherical-scaffold curve from the upper-right rim through the upper interior crossing and X1-UC-LL incidence region toward the lower-left rim,solid front-side run started near near dashed back-hemisphere of y = 0; stopped before filled UCLL node,2026-08-03T08:59:14Z
AOG_P07_SPHERICAL_PROJECTION,ef8b7d652edea5227166e54ca1bf6e81a4c02afd0d78c9d793e615a2db6906f6,afb1df2172f081fa426f2f86c56912079116f6441ba64df367861d00375fddc4,AOG-LM-P07-GC-SCAFFOLD-UR-UC-X1LL-LL,2,Salah-Eddin Gherbi,S03,10,1143.02728316,618.996425256,6,unlabelled internal spherical-scaffold curve from the upper-right rim through the upper interior crossing and X1-UC-LL incidence region toward the lower-left rim,solid front-side run started near near dashed back-hemisphere of y = 0; stopped before filled UCLL node,2026-08-03T08:59:14Z
AOG_P07_SPHERICAL_PROJECTION,ef8b7d652edea5227166e54ca1bf6e81a4c02afd0d78c9d793e615a2db6906f6,afb1df2172f081fa426f2f86c56912079116f6441ba64df367861d00375fddc4,AOG-LM-P07-GC-SCAFFOLD-UR-UC-X1LL-LL,2,Salah-Eddin Gherbi,S03,11,1139.72885841,624.49379984,6,unlabelled internal spherical-scaffold curve from the upper-right rim through the upper interior crossing and X1-UC-LL incidence region toward the lower-left rim,solid front-side run started near near dashed back-hemisphere of y = 0; stopped before filled UCLL node,2026-08-03T08:59:14Z
AOG_P07_SPHERICAL_PROJECTION,ef8b7d652edea5227166e54ca1bf6e81a4c02afd0d78c9d793e615a2db6906f6,afb1df2172f081fa426f2f86c56912079116f6441ba64df367861d00375fddc4,AOG-LM-P07-GC-SCAFFOLD-UR-UC-X1LL-LL,2,Salah-Eddin Gherbi,S03,12,1136.06394203,631.823632618,6,unlabelled internal spherical-scaffold curve from the upper-right rim through the upper interior crossing and X1-UC-LL incidence region toward the lower-left rim,solid front-side run started near near dashed back-hemisphere of y = 0; stopped before filled UCLL node,2026-08-03T08:59:14Z
AOG_P07_SPHERICAL_PROJECTION,ef8b7d652edea5227166e54ca1bf6e81a4c02afd0d78c9d793e615a2db6906f6,afb1df2172f081fa426f2f86c56912079116f6441ba64df367861d00375fddc4,AOG-LM-P07-GC-SCAFFOLD-UR-UC-X1LL-LL,2,Salah-Eddin Gherbi,S03,13,1132.76551728,639.153465396,6,unlabelled internal spherical-scaffold curve from the upper-right rim through the upper interior crossing and X1-UC-LL incidence region toward the lower-left rim,solid front-side run started near near dashed back-hemisphere of y = 0; stopped before filled UCLL node,2026-08-03T08:59:14Z
AOG_P07_SPHERICAL_PROJECTION,ef8b7d652edea5227166e54ca1bf6e81a4c02afd0d78c9d793e615a2db6906f6,afb1df2172f081fa426f2f86c56912079116f6441ba64df367861d00375fddc4,AOG-LM-P07-GC-SCAFFOLD-UR-UC-X1LL-LL,2,Salah-Eddin Gherbi,S03,14,1129.10060089,644.65083998,6,unlabelled internal spherical-scaffold curve from the upper-right rim through the upper interior crossing and X1-UC-LL incidence region toward the lower-left rim,solid front-side run started near near dashed back-hemisphere of y = 0; stopped before filled UCLL node,2026-08-03T08:59:14Z
AOG_P07_SPHERICAL_PROJECTION,ef8b7d652edea5227166e54ca1bf6e81a4c02afd0d78c9d793e615a2db6906f6,afb1df2172f081fa426f2f86c56912079116f6441ba64df367861d00375fddc4,AOG-LM-P07-GC-SCAFFOLD-UR-UC-X1LL-LL,2,Salah-Eddin Gherbi,S03,15,1125.4356845,651.24768948,6,unlabelled internal spherical-scaffold curve from the upper-right rim through the upper interior crossing and X1-UC-LL incidence region toward the lower-left rim,solid front-side run started near near dashed back-hemisphere of y = 0; stopped before filled UCLL node,2026-08-03T08:59:14Z
AOG_P07_SPHERICAL_PROJECTION,ef8b7d652edea5227166e54ca1bf6e81a4c02afd0d78c9d793e615a2db6906f6,afb1df2172f081fa426f2f86c56912079116f6441ba64df367861d00375fddc4,AOG-LM-P07-GC-SCAFFOLD-UR-UC-X1LL-LL,2,Salah-Eddin Gherbi,S03,16,1122.13725975,657.844538981,6,unlabelled internal spherical-scaffold curve from the upper-right rim through the upper interior crossing and X1-UC-LL incidence region toward the lower-left rim,solid front-side run started near near dashed back-hemisphere of y = 0; stopped before filled UCLL node,2026-08-03T08:59:14Z
AOG_P07_SPHERICAL_PROJECTION,ef8b7d652edea5227166e54ca1bf6e81a4c02afd0d78c9d793e615a2db6906f6,afb1df2172f081fa426f2f86c56912079116f6441ba64df367861d00375fddc4,AOG-LM-P07-GC-SCAFFOLD-UR-UC-X1LL-LL,2,Salah-Eddin Gherbi,S03,17,1118.838835,664.441388481,6,unlabelled internal spherical-scaffold curve from the upper-right rim through the upper interior crossing and X1-UC-LL incidence region toward the lower-left rim,solid front-side run started near near dashed back-hemisphere of y = 0; stopped before filled UCLL node,2026-08-03T08:59:14Z
AOG_P07_SPHERICAL_PROJECTION,ef8b7d652edea5227166e54ca1bf6e81a4c02afd0d78c9d793e615a2db6906f6,afb1df2172f081fa426f2f86c56912079116f6441ba64df367861d00375fddc4,AOG-LM-P07-GC-SCAFFOLD-UR-UC-X1LL-LL,2,Salah-Eddin Gherbi,S03,18,1115.90690189,671.40472962,6,unlabelled internal spherical-scaffold curve from the upper-right rim through the upper interior crossing and X1-UC-LL incidence region toward the lower-left rim,solid front-side run started near near dashed back-hemisphere of y = 0; stopped before filled UCLL node,2026-08-03T08:59:14Z
AOG_P07_SPHERICAL_PROJECTION,ef8b7d652edea5227166e54ca1bf6e81a4c02afd0d78c9d793e615a2db6906f6,afb1df2172f081fa426f2f86c56912079116f6441ba64df367861d00375fddc4,AOG-LM-P07-GC-SCAFFOLD-UR-UC-X1LL-LL,2,Salah-Eddin Gherbi,S03,19,1114.07444369,679.467545677,6,unlabelled internal spherical-scaffold curve from the upper-right rim through the upper interior crossing and X1-UC-LL incidence region toward the lower-left rim,solid front-side run started near near dashed back-hemisphere of y = 0; stopped before filled UCLL node,2026-08-03T08:59:14Z
AOG_P07_SPHERICAL_PROJECTION,ef8b7d652edea5227166e54ca1bf6e81a4c02afd0d78c9d793e615a2db6906f6,afb1df2172f081fa426f2f86c56912079116f6441ba64df367861d00375fddc4,AOG-LM-P07-GC-SCAFFOLD-UR-UC-X1LL-LL,2,Salah-Eddin Gherbi,S03,20,1111.50900222,686.064395177,6,unlabelled internal spherical-scaffold curve from the upper-right rim through the upper interior crossing and X1-UC-LL incidence region toward the lower-left rim,solid front-side run started near near dashed back-hemisphere of y = 0; stopped before filled UCLL node,2026-08-03T08:59:14Z
AOG_P07_SPHERICAL_PROJECTION,ef8b7d652edea5227166e54ca1bf6e81a4c02afd0d78c9d793e615a2db6906f6,afb1df2172f081fa426f2f86c56912079116f6441ba64df367861d00375fddc4,AOG-LM-P07-GC-SCAFFOLD-UR-UC-X1LL-LL,2,Salah-Eddin Gherbi,S03,21,1107.84408583,692.294753038,6,unlabelled internal spherical-scaffold curve from the upper-right rim through the upper interior crossing and X1-UC-LL incidence region toward the lower-left rim,solid front-side run started near near dashed back-hemisphere of y = 0; stopped before filled UCLL node,2026-08-03T08:59:14Z
AOG_P07_SPHERICAL_PROJECTION,ef8b7d652edea5227166e54ca1bf6e81a4c02afd0d78c9d793e615a2db6906f6,afb1df2172f081fa426f2f86c56912079116f6441ba64df367861d00375fddc4,AOG-LM-P07-GC-SCAFFOLD-UR-UC-X1LL-LL,2,Salah-Eddin Gherbi,S03,22,1104.91215272,699.624585817,6,unlabelled internal spherical-scaffold curve from the upper-right rim through the upper interior crossing and X1-UC-LL incidence region toward the lower-left rim,solid front-side run started near near dashed back-hemisphere of y = 0; stopped before filled UCLL node,2026-08-03T08:59:14Z
AOG_P07_SPHERICAL_PROJECTION,ef8b7d652edea5227166e54ca1bf6e81a4c02afd0d78c9d793e615a2db6906f6,afb1df2172f081fa426f2f86c56912079116f6441ba64df367861d00375fddc4,AOG-LM-P07-GC-SCAFFOLD-UR-UC-X1LL-LL,2,Salah-Eddin Gherbi,S03,23,1103.44618616,705.854943678,6,unlabelled internal spherical-scaffold curve from the upper-right rim through the upper interior crossing and X1-UC-LL incidence region toward the lower-left rim,solid front-side run started near near dashed back-hemisphere of y = 0; stopped before filled UCLL node,2026-08-03T08:59:14Z
AOG_P07_SPHERICAL_PROJECTION,ef8b7d652edea5227166e54ca1bf6e81a4c02afd0d78c9d793e615a2db6906f6,afb1df2172f081fa426f2f86c56912079116f6441ba64df367861d00375fddc4,AOG-LM-P07-GC-SCAFFOLD-UR-UC-X1LL-LL,2,Salah-Eddin Gherbi,S03,24,1101.24723633,712.451793179,6,unlabelled internal spherical-scaffold curve from the upper-right rim through the upper interior crossing and X1-UC-LL incidence region toward the lower-left rim,solid front-side run started near near dashed back-hemisphere of y = 0; stopped before filled UCLL node,2026-08-03T08:59:14Z
AOG_P07_SPHERICAL_PROJECTION,ef8b7d652edea5227166e54ca1bf6e81a4c02afd0d78c9d793e615a2db6906f6,afb1df2172f081fa426f2f86c56912079116f6441ba64df367861d00375fddc4,AOG-LM-P07-GC-SCAFFOLD-UR-UC-X1LL-LL,2,Salah-Eddin Gherbi,S03,25,1099.0482865,719.781625957,6,unlabelled internal spherical-scaffold curve from the upper-right rim through the upper interior crossing and X1-UC-LL incidence region toward the lower-left rim,solid front-side run started near near dashed back-hemisphere of y = 0; stopped before filled UCLL node,2026-08-03T08:59:14Z
AOG_P07_SPHERICAL_PROJECTION,ef8b7d652edea5227166e54ca1bf6e81a4c02afd0d78c9d793e615a2db6906f6,afb1df2172f081fa426f2f86c56912079116f6441ba64df367861d00375fddc4,AOG-LM-P07-GC-SCAFFOLD-UR-UC-X1LL-LL,2,Salah-Eddin Gherbi,S03,26,1097.2158283,726.744967096,6,unlabelled internal spherical-scaffold curve from the upper-right rim through the upper interior crossing and X1-UC-LL incidence region toward the lower-left rim,solid front-side run started near near dashed back-hemisphere of y = 0; stopped before filled UCLL node,2026-08-03T08:59:14Z
AOG_P07_SPHERICAL_PROJECTION,ef8b7d652edea5227166e54ca1bf6e81a4c02afd0d78c9d793e615a2db6906f6,afb1df2172f081fa426f2f86c56912079116f6441ba64df367861d00375fddc4,AOG-LM-P07-GC-SCAFFOLD-UR-UC-X1LL-LL,2,Salah-Eddin Gherbi,S03,27,1094.65038683,734.074799875,6,unlabelled internal spherical-scaffold curve from the upper-right rim through the upper interior crossing and X1-UC-LL incidence region toward the lower-left rim,solid front-side run started near near dashed back-hemisphere of y = 0; stopped before filled UCLL node,2026-08-03T08:59:14Z
AOG_P07_SPHERICAL_PROJECTION,ef8b7d652edea5227166e54ca1bf6e81a4c02afd0d78c9d793e615a2db6906f6,afb1df2172f081fa426f2f86c56912079116f6441ba64df367861d00375fddc4,AOG-LM-P07-GC-SCAFFOLD-UR-UC-X1LL-LL,2,Salah-Eddin Gherbi,S03,28,1092.81792863,740.671649375,6,unlabelled internal spherical-scaffold curve from the upper-right rim through the upper interior crossing and X1-UC-LL incidence region toward the lower-left rim,solid front-side run started near near dashed back-hemisphere of y = 0; stopped before filled UCLL node,2026-08-03T08:59:14Z
AOG_P07_SPHERICAL_PROJECTION,ef8b7d652edea5227166e54ca1bf6e81a4c02afd0d78c9d793e615a2db6906f6,afb1df2172f081fa426f2f86c56912079116f6441ba64df367861d00375fddc4,AOG-LM-P07-GC-SCAFFOLD-UR-UC-X1LL-LL,2,Salah-Eddin Gherbi,S03,29,1090.98547044,749.10095707,6,unlabelled internal spherical-scaffold curve from the upper-right rim through the upper interior crossing and X1-UC-LL incidence region toward the lower-left rim,solid front-side run started near near dashed back-hemisphere of y = 0; stopped before filled UCLL node,2026-08-03T08:59:14Z
AOG_P07_SPHERICAL_PROJECTION,ef8b7d652edea5227166e54ca1bf6e81a4c02afd0d78c9d793e615a2db6906f6,afb1df2172f081fa426f2f86c56912079116f6441ba64df367861d00375fddc4,AOG-LM-P07-GC-SCAFFOLD-UR-UC-X1LL-LL,2,Salah-Eddin Gherbi,S03,30,1089.51950388,756.430789848,6,unlabelled internal spherical-scaffold curve from the upper-right rim through the upper interior crossing and X1-UC-LL incidence region toward the lower-left rim,solid front-side run started near near dashed back-hemisphere of y = 0; stopped before filled UCLL node,2026-08-03T08:59:14Z
AOG_P07_SPHERICAL_PROJECTION,ef8b7d652edea5227166e54ca1bf6e81a4c02afd0d78c9d793e615a2db6906f6,afb1df2172f081fa426f2f86c56912079116f6441ba64df367861d00375fddc4,AOG-LM-P07-GC-SCAFFOLD-UR-UC-X1LL-LL,2,Salah-Eddin Gherbi,S03,31,1088.05353733,762.294656071,6,unlabelled internal spherical-scaffold curve from the upper-right rim through the upper interior crossing and X1-UC-LL incidence region toward the lower-left rim,solid front-side run started near near dashed back-hemisphere of y = 0; stopped before filled UCLL node,2026-08-03T08:59:14Z
AOG_P07_SPHERICAL_PROJECTION,ef8b7d652edea5227166e54ca1bf6e81a4c02afd0d78c9d793e615a2db6906f6,afb1df2172f081fa426f2f86c56912079116f6441ba64df367861d00375fddc4,AOG-LM-P07-GC-SCAFFOLD-UR-UC-X1LL-LL,2,Salah-Eddin Gherbi,S03,32,1086.22107913,768.158522293,6,unlabelled internal spherical-scaffold curve from the upper-right rim through the upper interior crossing and X1-UC-LL incidence region toward the lower-left rim,solid front-side run started near near dashed back-hemisphere of y = 0; stopped before filled UCLL node,2026-08-03T08:59:14Z
AOG_P07_SPHERICAL_PROJECTION,ef8b7d652edea5227166e54ca1bf6e81a4c02afd0d78c9d793e615a2db6906f6,afb1df2172f081fa426f2f86c56912079116f6441ba64df367861d00375fddc4,AOG-LM-P07-GC-SCAFFOLD-UR-UC-X1LL-LL,2,Salah-Eddin Gherbi,S03,33,1085.12160422,774.022388516,6,unlabelled internal spherical-scaffold curve from the upper-right rim through the upper interior crossing and X1-UC-LL incidence region toward the lower-left rim,solid front-side run started near near dashed back-hemisphere of y = 0; stopped before filled UCLL node,2026-08-03T08:59:14Z
AOG_P07_SPHERICAL_PROJECTION,ef8b7d652edea5227166e54ca1bf6e81a4c02afd0d78c9d793e615a2db6906f6,afb1df2172f081fa426f2f86c56912079116f6441ba64df367861d00375fddc4,AOG-LM-P07-GC-SCAFFOLD-UR-UC-X1LL-LL,2,Salah-Eddin Gherbi,S03,34,1085.12160422,778.420288183,6,unlabelled internal spherical-scaffold curve from the upper-right rim through the upper interior crossing and X1-UC-LL incidence region toward the lower-left rim,solid front-side run started near near dashed back-hemisphere of y = 0; stopped before filled UCLL node,2026-08-03T08:59:14Z
AOG_P07_SPHERICAL_PROJECTION,ef8b7d652edea5227166e54ca1bf6e81a4c02afd0d78c9d793e615a2db6906f6,afb1df2172f081fa426f2f86c56912079116f6441ba64df367861d00375fddc4,AOG-LM-P07-GC-SCAFFOLD-UR-UC-X1LL-LL,2,Salah-Eddin Gherbi,S03,35,1084.38862094,784.284154406,6,unlabelled internal spherical-scaffold curve from the upper-right rim through the upper interior crossing and X1-UC-LL incidence region toward the lower-left rim,solid front-side run started near near dashed back-hemisphere of y = 0; stopped before filled UCLL node,2026-08-03T08:59:14Z
AOG_P07_SPHERICAL_PROJECTION,ef8b7d652edea5227166e54ca1bf6e81a4c02afd0d78c9d793e615a2db6906f6,afb1df2172f081fa426f2f86c56912079116f6441ba64df367861d00375fddc4,AOG-LM-P07-GC-SCAFFOLD-UR-UC-X1LL-LL,2,Salah-Eddin Gherbi,S03,36,1083.65563766,788.682054073,6,unlabelled internal spherical-scaffold curve from the upper-right rim through the upper interior crossing and X1-UC-LL incidence region toward the lower-left rim,solid front-side run started near near dashed back-hemisphere of y = 0; stopped before filled UCLL node,2026-08-03T08:59:14Z
AOG_P07_SPHERICAL_PROJECTION,ef8b7d652edea5227166e54ca1bf6e81a4c02afd0d78c9d793e615a2db6906f6,afb1df2172f081fa426f2f86c56912079116f6441ba64df367861d00375fddc4,AOG-LM-P07-GC-SCAFFOLD-UR-UC-X1LL-LL,2,Salah-Eddin Gherbi,S04,0,1078.33519346,821.209103255,6,unlabelled internal spherical-scaffold curve from the upper-right rim through the upper interior crossing and X1-UC-LL incidence region toward the lower-left rim,solid front-side run started near filled UCLL node; stopped before filled lower left node,2026-08-03T09:02:39Z
AOG_P07_SPHERICAL_PROJECTION,ef8b7d652edea5227166e54ca1bf6e81a4c02afd0d78c9d793e615a2db6906f6,afb1df2172f081fa426f2f86c56912079116f6441ba64df367861d00375fddc4,AOG-LM-P07-GC-SCAFFOLD-UR-UC-X1LL-LL,2,Salah-Eddin Gherbi,S04,1,1078.04723574,825.528469,6,unlabelled internal spherical-scaffold curve from the upper-right rim through the upper interior crossing and X1-UC-LL incidence region toward the lower-left rim,solid front-side run started near filled UCLL node; stopped before filled lower left node,2026-08-03T09:02:39Z
AOG_P07_SPHERICAL_PROJECTION,ef8b7d652edea5227166e54ca1bf6e81a4c02afd0d78c9d793e615a2db6906f6,afb1df2172f081fa426f2f86c56912079116f6441ba64df367861d00375fddc4,AOG-LM-P07-GC-SCAFFOLD-UR-UC-X1LL-LL,2,Salah-Eddin Gherbi,S04,2,1077.75927803,831.287623325,6,unlabelled internal spherical-scaffold curve from the upper-right rim through the upper interior crossing and X1-UC-LL incidence region toward the lower-left rim,solid front-side run started near filled UCLL node; stopped before filled lower left node,2026-08-03T09:02:39Z
AOG_P07_SPHERICAL_PROJECTION,ef8b7d652edea5227166e54ca1bf6e81a4c02afd0d78c9d793e615a2db6906f6,afb1df2172f081fa426f2f86c56912079116f6441ba64df367861d00375fddc4,AOG-LM-P07-GC-SCAFFOLD-UR-UC-X1LL-LL,2,Salah-Eddin Gherbi,S04,3,1076.89540488,837.9106508,6,unlabelled internal spherical-scaffold curve from the upper-right rim through the upper interior crossing and X1-UC-LL incidence region toward the lower-left rim,solid front-side run started near filled UCLL node; stopped before filled lower left node,2026-08-03T09:02:39Z
AOG_P07_SPHERICAL_PROJECTION,ef8b7d652edea5227166e54ca1bf6e81a4c02afd0d78c9d793e615a2db6906f6,afb1df2172f081fa426f2f86c56912079116f6441ba64df367861d00375fddc4,AOG-LM-P07-GC-SCAFFOLD-UR-UC-X1LL-LL,2,Salah-Eddin Gherbi,S04,4,1076.31948945,844.245720558,6,unlabelled internal spherical-scaffold curve from the upper-right rim through the upper interior crossing and X1-UC-LL incidence region toward the lower-left rim,solid front-side run started near filled UCLL node; stopped before filled lower left node,2026-08-03T09:02:39Z
AOG_P07_SPHERICAL_PROJECTION,ef8b7d652edea5227166e54ca1bf6e81a4c02afd0d78c9d793e615a2db6906f6,afb1df2172f081fa426f2f86c56912079116f6441ba64df367861d00375fddc4,AOG-LM-P07-GC-SCAFFOLD-UR-UC-X1LL-LL,2,Salah-Eddin Gherbi,S04,5,1076.31948945,853.172409763,6,unlabelled internal spherical-scaffold curve from the upper-right rim through the upper interior crossing and X1-UC-LL incidence region toward the lower-left rim,solid front-side run started near filled UCLL node; stopped before filled lower left node,2026-08-03T09:02:39Z
AOG_P07_SPHERICAL_PROJECTION,ef8b7d652edea5227166e54ca1bf6e81a4c02afd0d78c9d793e615a2db6906f6,afb1df2172f081fa426f2f86c56912079116f6441ba64df367861d00375fddc4,AOG-LM-P07-GC-SCAFFOLD-UR-UC-X1LL-LL,2,Salah-Eddin Gherbi,S04,6,1076.60744716,860.659310387,6,unlabelled internal spherical-scaffold curve from the upper-right rim through the upper interior crossing and X1-UC-LL incidence region toward the lower-left rim,solid front-side run started near filled UCLL node; stopped before filled lower left node,2026-08-03T09:02:39Z
AOG_P07_SPHERICAL_PROJECTION,ef8b7d652edea5227166e54ca1bf6e81a4c02afd0d78c9d793e615a2db6906f6,afb1df2172f081fa426f2f86c56912079116f6441ba64df367861d00375fddc4,AOG-LM-P07-GC-SCAFFOLD-UR-UC-X1LL-LL,2,Salah-Eddin Gherbi,S04,7,1075.4556163,867.282337862,6,unlabelled internal spherical-scaffold curve from the upper-right rim through the upper interior crossing and X1-UC-LL incidence region toward the lower-left rim,solid front-side run started near filled UCLL node; stopped before filled lower left node,2026-08-03T09:02:39Z
AOG_P07_SPHERICAL_PROJECTION,ef8b7d652edea5227166e54ca1bf6e81a4c02afd0d78c9d793e615a2db6906f6,afb1df2172f081fa426f2f86c56912079116f6441ba64df367861d00375fddc4,AOG-LM-P07-GC-SCAFFOLD-UR-UC-X1LL-LL,2,Salah-Eddin Gherbi,S04,8,1075.4556163,874.481280769,6,unlabelled internal spherical-scaffold curve from the upper-right rim through the upper interior crossing and X1-UC-LL incidence region toward the lower-left rim,solid front-side run started near filled UCLL node; stopped before filled lower left node,2026-08-03T09:02:39Z
AOG_P07_SPHERICAL_PROJECTION,ef8b7d652edea5227166e54ca1bf6e81a4c02afd0d78c9d793e615a2db6906f6,afb1df2172f081fa426f2f86c56912079116f6441ba64df367861d00375fddc4,AOG-LM-P07-GC-SCAFFOLD-UR-UC-X1LL-LL,2,Salah-Eddin Gherbi,S04,9,1074.59174315,883.69592769,6,unlabelled internal spherical-scaffold curve from the upper-right rim through the upper interior crossing and X1-UC-LL incidence region toward the lower-left rim,solid front-side run started near filled UCLL node; stopped before filled lower left node,2026-08-03T09:02:39Z
AOG_P07_SPHERICAL_PROJECTION,ef8b7d652edea5227166e54ca1bf6e81a4c02afd0d78c9d793e615a2db6906f6,afb1df2172f081fa426f2f86c56912079116f6441ba64df367861d00375fddc4,AOG-LM-P07-GC-SCAFFOLD-UR-UC-X1LL-LL,2,Salah-Eddin Gherbi,S04,10,1074.59174315,890.318955165,6,unlabelled internal spherical-scaffold curve from the upper-right rim through the upper interior crossing and X1-UC-LL incidence region toward the lower-left rim,solid front-side run started near filled UCLL node; stopped before filled lower left node,2026-08-03T09:02:39Z
AOG_P07_SPHERICAL_PROJECTION,ef8b7d652edea5227166e54ca1bf6e81a4c02afd0d78c9d793e615a2db6906f6,afb1df2172f081fa426f2f86c56912079116f6441ba64df367861d00375fddc4,AOG-LM-P07-GC-SCAFFOLD-UR-UC-X1LL-LL,2,Salah-Eddin Gherbi,S04,11,1074.59174315,895.502194058,6,unlabelled internal spherical-scaffold curve from the upper-right rim through the upper interior crossing and X1-UC-LL incidence region toward the lower-left rim,solid front-side run started near filled UCLL node; stopped before filled lower left node,2026-08-03T09:02:39Z
AOG_P07_SPHERICAL_PROJECTION,ef8b7d652edea5227166e54ca1bf6e81a4c02afd0d78c9d793e615a2db6906f6,afb1df2172f081fa426f2f86c56912079116f6441ba64df367861d00375fddc4,AOG-LM-P07-GC-SCAFFOLD-UR-UC-X1LL-LL,2,Salah-Eddin Gherbi,S04,12,1074.87970086,904.716840979,6,unlabelled internal spherical-scaffold curve from the upper-right rim through the upper interior crossing and X1-UC-LL incidence region toward the lower-left rim,solid front-side run started near filled UCLL node; stopped before filled lower left node,2026-08-03T09:02:39Z
AOG_P07_SPHERICAL_PROJECTION,ef8b7d652edea5227166e54ca1bf6e81a4c02afd0d78c9d793e615a2db6906f6,afb1df2172f081fa426f2f86c56912079116f6441ba64df367861d00375fddc4,AOG-LM-P07-GC-SCAFFOLD-UR-UC-X1LL-LL,2,Salah-Eddin Gherbi,S04,13,1076.03153173,911.339868454,6,unlabelled internal spherical-scaffold curve from the upper-right rim through the upper interior crossing and X1-UC-LL incidence region toward the lower-left rim,solid front-side run started near filled UCLL node; stopped before filled lower left node,2026-08-03T09:02:39Z
AOG_P07_SPHERICAL_PROJECTION,ef8b7d652edea5227166e54ca1bf6e81a4c02afd0d78c9d793e615a2db6906f6,afb1df2172f081fa426f2f86c56912079116f6441ba64df367861d00375fddc4,AOG-LM-P07-GC-SCAFFOLD-UR-UC-X1LL-LL,2,Salah-Eddin Gherbi,S04,14,1075.74357401,917.962895928,6,unlabelled internal spherical-scaffold curve from the upper-right rim through the upper interior crossing and X1-UC-LL incidence region toward the lower-left rim,solid front-side run started near filled UCLL node; stopped before filled lower left node,2026-08-03T09:02:39Z
AOG_P07_SPHERICAL_PROJECTION,ef8b7d652edea5227166e54ca1bf6e81a4c02afd0d78c9d793e615a2db6906f6,afb1df2172f081fa426f2f86c56912079116f6441ba64df367861d00375fddc4,AOG-LM-P07-GC-SCAFFOLD-UR-UC-X1LL-LL,2,Salah-Eddin Gherbi,S04,15,1076.31948945,924.873881119,6,unlabelled internal spherical-scaffold curve from the upper-right rim through the upper interior crossing and X1-UC-LL incidence region toward the lower-left rim,solid front-side run started near filled UCLL node; stopped before filled lower left node,2026-08-03T09:02:39Z
AOG_P07_SPHERICAL_PROJECTION,ef8b7d652edea5227166e54ca1bf6e81a4c02afd0d78c9d793e615a2db6906f6,afb1df2172f081fa426f2f86c56912079116f6441ba64df367861d00375fddc4,AOG-LM-P07-GC-SCAFFOLD-UR-UC-X1LL-LL,2,Salah-Eddin Gherbi,S04,16,1076.31948945,932.360781743,6,unlabelled internal spherical-scaffold curve from the upper-right rim through the upper interior crossing and X1-UC-LL incidence region toward the lower-left rim,solid front-side run started near filled UCLL node; stopped before filled lower left node,2026-08-03T09:02:39Z
AOG_P07_SPHERICAL_PROJECTION,ef8b7d652edea5227166e54ca1bf6e81a4c02afd0d78c9d793e615a2db6906f6,afb1df2172f081fa426f2f86c56912079116f6441ba64df367861d00375fddc4,AOG-LM-P07-GC-SCAFFOLD-UR-UC-X1LL-LL,2,Salah-Eddin Gherbi,S04,17,1077.1833626,938.695851501,6,unlabelled internal spherical-scaffold curve from the upper-right rim through the upper interior crossing and X1-UC-LL incidence region toward the lower-left rim,solid front-side run started near filled UCLL node; stopped before filled lower left node,2026-08-03T09:02:39Z
AOG_P07_SPHERICAL_PROJECTION,ef8b7d652edea5227166e54ca1bf6e81a4c02afd0d78c9d793e615a2db6906f6,afb1df2172f081fa426f2f86c56912079116f6441ba64df367861d00375fddc4,AOG-LM-P07-GC-SCAFFOLD-UR-UC-X1LL-LL,2,Salah-Eddin Gherbi,S04,18,1078.33519346,945.318878976,6,unlabelled internal spherical-scaffold curve from the upper-right rim through the upper interior crossing and X1-UC-LL incidence region toward the lower-left rim,solid front-side run started near filled UCLL node; stopped before filled lower left node,2026-08-03T09:02:39Z
AOG_P07_SPHERICAL_PROJECTION,ef8b7d652edea5227166e54ca1bf6e81a4c02afd0d78c9d793e615a2db6906f6,afb1df2172f081fa426f2f86c56912079116f6441ba64df367861d00375fddc4,AOG-LM-P07-GC-SCAFFOLD-UR-UC-X1LL-LL,2,Salah-Eddin Gherbi,S04,19,1079.77498204,954.245568181,6,unlabelled internal spherical-scaffold curve from the upper-right rim through the upper interior crossing and X1-UC-LL incidence region toward the lower-left rim,solid front-side run started near filled UCLL node; stopped before filled lower left node,2026-08-03T09:02:39Z
AOG_P07_SPHERICAL_PROJECTION,ef8b7d652edea5227166e54ca1bf6e81a4c02afd0d78c9d793e615a2db6906f6,afb1df2172f081fa426f2f86c56912079116f6441ba64df367861d00375fddc4,AOG-LM-P07-GC-SCAFFOLD-UR-UC-X1LL-LL,2,Salah-Eddin Gherbi,S04,20,1079.77498204,960.292680223,6,unlabelled internal spherical-scaffold curve from the upper-right rim through the upper interior crossing and X1-UC-LL incidence region toward the lower-left rim,solid front-side run started near filled UCLL node; stopped before filled lower left node,2026-08-03T09:02:39Z
AOG_P07_SPHERICAL_PROJECTION,ef8b7d652edea5227166e54ca1bf6e81a4c02afd0d78c9d793e615a2db6906f6,afb1df2172f081fa426f2f86c56912079116f6441ba64df367861d00375fddc4,AOG-LM-P07-GC-SCAFFOLD-UR-UC-X1LL-LL,2,Salah-Eddin Gherbi,S04,21,1081.79068606,968.067538563,6,unlabelled internal spherical-scaffold curve from the upper-right rim through the upper interior crossing and X1-UC-LL incidence region toward the lower-left rim,solid front-side run started near filled UCLL node; stopped before filled lower left node,2026-08-03T09:02:39Z
AOG_P07_SPHERICAL_PROJECTION,ef8b7d652edea5227166e54ca1bf6e81a4c02afd0d78c9d793e615a2db6906f6,afb1df2172f081fa426f2f86c56912079116f6441ba64df367861d00375fddc4,AOG-LM-P07-GC-SCAFFOLD-UR-UC-X1LL-LL,2,Salah-Eddin Gherbi,S04,22,1082.94251692,973.250777456,6,unlabelled internal spherical-scaffold curve from the upper-right rim through the upper interior crossing and X1-UC-LL incidence region toward the lower-left rim,solid front-side run started near filled UCLL node; stopped before filled lower left node,2026-08-03T09:02:39Z
AOG_P07_SPHERICAL_PROJECTION,ef8b7d652edea5227166e54ca1bf6e81a4c02afd0d78c9d793e615a2db6906f6,afb1df2172f081fa426f2f86c56912079116f6441ba64df367861d00375fddc4,AOG-LM-P07-GC-SCAFFOLD-UR-UC-X1LL-LL,2,Salah-Eddin Gherbi,S04,23,1083.80639007,978.721974065,6,unlabelled internal spherical-scaffold curve from the upper-right rim through the upper interior crossing and X1-UC-LL incidence region toward the lower-left rim,solid front-side run started near filled UCLL node; stopped before filled lower left node,2026-08-03T09:02:39Z
