cell_id,carrier_id,w,throat_class,e,R,a,sphere_likeness_rms,spiral_family,spiral_id,log_multiplier,b,scale,k,theta_outer,theta_inner,r_outer,r_inner,u_outer,v_outer,u_inner,v_inner,p_outer,p_inner,tau_outer,tau_inner,dot_d,cross_norm_c,delta_ambient_directed_rad,delta_ambient_directed_deg,residual_ambient_directed,directed_state,delta_ambient_line_rad,delta_ambient_line_deg,line_state,parallel_transport_used,image_pixel_data_used,technical_error
VB-W02-E14-RECIPROCAL-G30,VB-W02-E14,0.02,NARROW,1.4,0.51,0.49,0.05334433125747475,Reciprocal,RECIPROCAL,,,G30,0.5773502691896257,1.0,10.42477796076938,1.0,0.09592530447777489,0.0,0.0,2.8096367683208663,9.42477796076938,"[1.0, 0.0, 0.0]","[-0.046750695728663916, 1.717592696460603e-17, 0.22356243177367963]","[0.0, -0.48931954282969004, -0.872104572287603]","[-0.09883572487282416, 0.9105510166517023, 0.4014079540360588]",-0.7956201192585795,0.6057958615168677,2.4908268632386785,142.7138667613858,1.895056790314517,AMBIENT_DIRECTED_NOT_PARALLEL,0.6507657903511147,37.28613323861423,AMBIENT_LINE_NOT_PARALLEL,False,False,
VB-W02-E14-RECIPROCAL-GHALF,VB-W02-E14,0.02,NARROW,1.4,0.51,0.49,0.05334433125747475,Reciprocal,RECIPROCAL,,,GHALF,0.5463024898437905,1.0,10.42477796076938,1.0,0.09592530447777489,0.0,0.0,2.8126280631813176,9.42477796076938,"[1.0, 0.0, 0.0]","[-0.04627509672869318, 1.7001194726708476e-17, 0.22162143309841117]","[0.0, -0.482876861814984, -0.8756882643519397]","[-0.09808232511271998, 0.9102610716506926, 0.40224947350843776]",-0.7917891530041162,0.6107945130606727,2.484529010366878,142.35302637183725,1.8930341534183244,AMBIENT_DIRECTED_NOT_PARALLEL,0.6570636432229157,37.64697362816276,AMBIENT_LINE_NOT_PARALLEL,False,False,
VB-W02-E14-LOG-M050-G30,VB-W02-E14,0.02,NARROW,1.4,0.51,0.49,0.05334433125747475,Logarithmic,LOG-M050,0.5,0.1243629016242374,G30,0.5773502691896257,1.0,10.42477796076938,1.0,0.30971810485952367,0.0,0.0,2.0799184771396644,9.42477796076938,"[1.0, 0.0, 0.0]","[-0.271168648995867, 9.962574540657019e-17, 0.5989964842334048]","[0.0, -0.9763053136230149, -0.21639763074365334]","[-0.19749065370021338, 0.9680793216995565, 0.15433686727023163]",-0.9785391181975169,0.20606114179346444,2.9340446556244073,168.1083756701936,1.9892406180236302,AMBIENT_DIRECTED_NOT_PARALLEL,0.20754799796538587,11.891624329806406,AMBIENT_LINE_NOT_PARALLEL,False,False,
VB-W02-E14-LOG-M050-GHALF,VB-W02-E14,0.02,NARROW,1.4,0.51,0.49,0.05334433125747475,Logarithmic,LOG-M050,0.5,0.1243629016242374,GHALF,0.5463024898437905,1.0,10.42477796076938,1.0,0.30971810485952367,0.0,0.0,2.08845349218488,9.42477796076938,"[1.0, 0.0, 0.0]","[-0.2675256465730398, 9.828732802964977e-17, 0.5961209007769716]","[0.0, -0.9754989460173337, -0.22000410523231453]","[-0.19791354192733518, 0.9674370418271236, 0.1577840296815898]",-0.9784469489105334,0.20649834906765704,2.933597838680468,168.08277494509093,1.9891942835784209,AMBIENT_DIRECTED_NOT_PARALLEL,0.20799481490932542,11.917225054909077,AMBIENT_LINE_NOT_PARALLEL,False,False,
VB-W02-E14-LOG-M075-G30,VB-W02-E14,0.02,NARROW,1.4,0.51,0.49,0.05334433125747475,Logarithmic,LOG-M075,0.75,0.1865443524363561,G30,0.5773502691896257,1.0,10.42477796076938,1.0,0.17236531991943516,0.0,0.0,2.5464610914148955,9.42477796076938,"[1.0, 0.0, 0.0]","[-0.10424337253823779, 3.82983937533834e-17, 0.38458374402837037]","[0.0, -0.9489275565673645, -0.3154940449312654]","[-0.24172345696661784, 0.8316900807984187, 0.4998613606327535]",-0.9469169187642308,0.32147838023427855,2.8143023226698145,161.24764536284516,1.9732799693729377,AMBIENT_DIRECTED_NOT_PARALLEL,0.32729033091997894,18.752354637154863,AMBIENT_LINE_NOT_PARALLEL,False,False,
VB-W02-E14-LOG-M075-GHALF,VB-W02-E14,0.02,NARROW,1.4,0.51,0.49,0.05334433125747475,Logarithmic,LOG-M075,0.75,0.1865443524363561,GHALF,0.5463024898437905,1.0,10.42477796076938,1.0,0.17236531991943516,0.0,0.0,2.5516847093392996,9.42477796076938,"[1.0, 0.0, 0.0]","[-0.10281397301297873, 3.7773240887390024e-17, 0.3816111859943162]","[0.0, -0.94726394140171, -0.3204544044323587]","[-0.24069211989289685, 0.8298693657695037, 0.5033727636441855]",-0.9474133454484254,0.32001242611221004,2.8158500504943933,161.3363236350285,1.9735315277179766,AMBIENT_DIRECTED_NOT_PARALLEL,0.3257426030953998,18.663676364971515,AMBIENT_LINE_NOT_PARALLEL,False,False,
VB-W02-E14-LOG-M100-G30,VB-W02-E14,0.02,NARROW,1.4,0.51,0.49,0.05334433125747475,Logarithmic,LOG-M100,1.0,0.2487258032484748,G30,0.5773502691896257,1.0,10.42477796076938,1.0,0.0959253044777749,0.0,0.0,2.8096367683208663,9.42477796076938,"[1.0, 0.0, 0.0]","[-0.046750695728663916, 1.717592696460603e-17, 0.22356243177367963]","[0.0, -0.9141997368062873, -0.40526391552088026]","[-0.18221336920644457, 0.6474152344018291, 0.7400350007579781]",-0.8917763189242088,0.4524765154192957,2.672052205771604,153.0973140293351,1.9451356348204663,AMBIENT_DIRECTED_NOT_PARALLEL,0.4695404478181892,26.902685970664905,AMBIENT_LINE_NOT_PARALLEL,False,False,
VB-W02-E14-LOG-M100-GHALF,VB-W02-E14,0.02,NARROW,1.4,0.51,0.49,0.05334433125747475,Logarithmic,LOG-M100,1.0,0.2487258032484748,GHALF,0.5463024898437905,1.0,10.42477796076938,1.0,0.0959253044777749,0.0,0.0,2.8126280631813176,9.42477796076938,"[1.0, 0.0, 0.0]","[-0.04627509672869318, 1.7001194726708476e-17, 0.22162143309841117]","[0.0, -0.9115596800746897, -0.4111677877243416]","[-0.18068645773237785, 0.646715344675275, 0.741020692662267]",-0.8942034715514902,0.44766075488617907,2.677445042675493,153.40630082353033,1.9463830412082255,AMBIENT_DIRECTED_NOT_PARALLEL,0.46414761091430046,26.59369917646968,AMBIENT_LINE_NOT_PARALLEL,False,False,
VB-W02-E14-LOG-M125-G30,VB-W02-E14,0.02,NARROW,1.4,0.51,0.49,0.05334433125747475,Logarithmic,LOG-M125,1.25,0.3109072540605935,G30,0.5773502691896257,1.0,10.42477796076938,1.0,0.053384660228952954,0.0,0.0,2.956721292039026,9.42477796076938,"[1.0, 0.0, 0.0]","[-0.02834964650382249, 1.0415491154359548e-17, 0.1261005807874578]","[0.0, -0.8746883808035016, -0.484685708977837]","[-0.1071684856268848, 0.5872190041773635, 0.8023021605488705]",-0.9024980314410226,0.43069397864966613,2.6963310645255727,154.48839016733177,1.9506399111271269,AMBIENT_DIRECTED_NOT_PARALLEL,0.4452615890642205,25.511609832668242,AMBIENT_LINE_NOT_PARALLEL,False,False,
VB-W02-E14-LOG-M125-GHALF,VB-W02-E14,0.02,NARROW,1.4,0.51,0.49,0.05334433125747475,Logarithmic,LOG-M125,1.25,0.3109072540605935,GHALF,0.5463024898437905,1.0,10.42477796076938,1.0,0.053384660228952954,0.0,0.0,2.9584006776816585,9.42477796076938,"[1.0, 0.0, 0.0]","[-0.02819906042207032, 1.0360166725455368e-17, 0.12496797613298877]","[0.0, -0.8710820781777648, -0.4911374686149556]","[-0.10605852060237114, 0.5885974112660625, 0.8014391291037181]",-0.906333441332669,0.42256324156519076,2.7053210477787455,155.00347826563186,1.9526051527805972,AMBIENT_DIRECTED_NOT_PARALLEL,0.43627160581104774,24.996521734368155,AMBIENT_LINE_NOT_PARALLEL,False,False,
VB-W02-E14-LOG-M150-G30,VB-W02-E14,0.02,NARROW,1.4,0.51,0.49,0.05334433125747475,Logarithmic,LOG-M150,1.5,0.3730887048727122,G30,0.5773502691896257,1.0,10.42477796076938,1.0,0.029709803510929233,0.0,0.0,3.0386849671123177,9.42477796076938,"[1.0, 0.0, 0.0]","[-0.022592259145573945, 8.300261354440393e-18, 0.0704701393794694]","[0.0, -0.8327099894044518, -0.5537093764295831]","[-0.05577200939751999, 0.6521148881301759, 0.7560659069464322]",-0.9616633634603402,0.274232702969842,2.8638009273421576,164.08370650235696,1.9807389345697934,AMBIENT_DIRECTED_NOT_PARALLEL,0.2777917262476355,15.916293497643046,AMBIENT_LINE_NOT_PARALLEL,False,False,
VB-W02-E14-LOG-M150-GHALF,VB-W02-E14,0.02,NARROW,1.4,0.51,0.49,0.05334433125747475,Logarithmic,LOG-M150,1.5,0.3730887048727122,GHALF,0.5463024898437905,1.0,10.42477796076938,1.0,0.029709803510929233,0.0,0.0,3.039622118871914,9.42477796076938,"[1.0, 0.0, 0.0]","[-0.022545300889707742, 8.283009171118367e-18, 0.06983062349698048]","[0.0, -0.8282377141630403, -0.5603769167604802]","[-0.05509835561421424, 0.6547360467344151, 0.7538467220298828]",-0.964715388528558,0.2632949280487446,2.875156593898369,164.73433826958572,1.9822791874650543,AMBIENT_DIRECTED_NOT_PARALLEL,0.2664360596914239,15.265661730414266,AMBIENT_LINE_NOT_PARALLEL,False,False,
VB-W02-E14-LOG-M200-G30,VB-W02-E14,0.02,NARROW,1.4,0.51,0.49,0.05334433125747475,Logarithmic,LOG-M200,2.0,0.4974516064969496,G30,0.5773502691896257,1.0,10.42477796076938,1.0,0.009201664039153823,0.0,0.0,3.1097174542045405,9.42477796076938,"[1.0, 0.0, 0.0]","[-0.020248905866594724, 7.439327326728388e-18, 0.02186268415495867]","[0.0, -0.7482598142203453, -0.6634057961933513]","[-0.010773115474887998, 0.8809917775177686, 0.47300890893200637]",-0.9730075956116837,0.23077308959662243,2.908720509457658,166.65740897506646,1.9864579510332878,AMBIENT_DIRECTED_NOT_PARALLEL,0.23287214413213533,13.342591024933553,AMBIENT_LINE_NOT_PARALLEL,False,False,
VB-W02-E14-LOG-M200-GHALF,VB-W02-E14,0.02,NARROW,1.4,0.51,0.49,0.05334433125747475,Logarithmic,LOG-M200,2.0,0.4974516064969496,GHALF,0.5463024898437905,1.0,10.42477796076938,1.0,0.009201664039153823,0.0,0.0,3.110008025832131,9.42477796076938,"[1.0, 0.0, 0.0]","[-0.020244388916445866, 7.437667826165875e-18, 0.021663452353257236]","[0.0, -0.7425111848457803, -0.6698336662029728]","[-0.010601030499825616, 0.8827420987962081, 0.46973823047012825]",-0.9700923627619262,0.24273608654459117,2.896407354131032,165.95191714236176,1.9849898552697574,AMBIENT_DIRECTED_NOT_PARALLEL,0.24518529945876116,14.048082857638242,AMBIENT_LINE_NOT_PARALLEL,False,False,
VB-W02-E14-GOLDEN-MEAN-G30,VB-W02-E14,0.02,NARROW,1.4,0.51,0.49,0.05334433125747475,Golden Mean logarithmic,GOLDEN-MEAN,,0.30634896253003313,G30,0.5773502691896257,1.0,10.42477796076938,1.0,0.05572809000084122,0.0,0.0,2.94861146044251,9.42477796076938,"[1.0, 0.0, 0.0]","[-0.029095944811495356, 1.0689676704469748e-17, 0.1315649186461698]","[0.0, -0.8776943458538831, -0.4792208627095904]","[-0.11194889443117617, 0.5866895652611333, 0.8020366569236967]",-0.8992868128568594,0.4373593810835113,2.6889324319422228,154.06447974613783,1.948992977338225,AMBIENT_DIRECTED_NOT_PARALLEL,0.4526602216475706,25.93552025386218,AMBIENT_LINE_NOT_PARALLEL,False,False,
VB-W02-E14-GOLDEN-MEAN-GHALF,VB-W02-E14,0.02,NARROW,1.4,0.51,0.49,0.05334433125747475,Golden Mean logarithmic,GOLDEN-MEAN,,0.30634896253003313,GHALF,0.5463024898437905,1.0,10.42477796076938,1.0,0.05572809000084122,0.0,0.0,2.9503639487250326,9.42477796076938,"[1.0, 0.0, 0.0]","[-0.028931993391010213, 1.062944192977591e-17, 0.13038482700765353]","[0.0, -0.8741563015860219, -0.4856446853384149]","[-0.11080283731894157, 0.5879344966549551, 0.8012838191834132]",-0.903085873404827,0.42946001589978194,2.697697893898013,154.5667037216871,1.9509412463756193,AMBIENT_DIRECTED_NOT_PARALLEL,0.4438947596917801,25.433296278312895,AMBIENT_LINE_NOT_PARALLEL,False,False,
VB-W02-E16-RECIPROCAL-G30,VB-W02-E16,0.02,NARROW,1.6,0.51,0.49,0.01961545587838003,Reciprocal,RECIPROCAL,,,G30,0.5773502691896257,1.0,10.42477796076938,1.0,0.09592530447777489,0.0,0.0,2.8096367683208663,9.42477796076938,"[1.0, 0.0, 0.0]","[-0.046750695728663916, 1.717592696460603e-17, 0.25549992202706245]","[0.0, -0.44069851850127423, -0.8976551764406989]","[-0.09648480890136124, 0.8888925633886468, 0.44784002992545063]",-0.7937395568721148,0.6082577708968945,2.487728876737598,142.53636520988536,1.8940641788873551,AMBIENT_DIRECTED_NOT_PARALLEL,0.6538637768521957,37.46363479011466,AMBIENT_LINE_NOT_PARALLEL,False,False,
VB-W02-E16-RECIPROCAL-GHALF,VB-W02-E16,0.02,NARROW,1.6,0.51,0.49,0.01961545587838003,Reciprocal,RECIPROCAL,,,GHALF,0.5463024898437905,1.0,10.42477796076938,1.0,0.09592530447777489,0.0,0.0,2.8126280631813176,9.42477796076938,"[1.0, 0.0, 0.0]","[-0.04627509672869318, 1.7001194726708476e-17, 0.25328163782675567]","[0.0, -0.43455820902654324, -0.900643749197008]","[-0.09573988545362894, 0.8885218680591089, 0.4487346257133244]",-0.7902645073616497,0.6127658675256392,2.4820368655123146,142.21023698973553,1.8922285841629438,AMBIENT_DIRECTED_NOT_PARALLEL,0.6595557880774784,37.78976301026445,AMBIENT_LINE_NOT_PARALLEL,False,False,
VB-W02-E16-LOG-M050-G30,VB-W02-E16,0.02,NARROW,1.6,0.51,0.49,0.01961545587838003,Logarithmic,LOG-M050,0.5,0.1243629016242374,G30,0.5773502691896257,1.0,10.42477796076938,1.0,0.30971810485952367,0.0,0.0,2.0799184771396644,9.42477796076938,"[1.0, 0.0, 0.0]","[-0.271168648995867, 9.962574540657019e-17, 0.6845674105524627]","[0.0, -0.9693819521781348, -0.24555779521592924]","[-0.19677453683325663, 0.9645689888416104, 0.17574540511527043]",-0.978191423613206,0.20770541343347154,2.932364024369516,168.01208259237055,1.9890658227485614,AMBIENT_DIRECTED_NOT_PARALLEL,0.20922862922027716,11.987917407629453,AMBIENT_LINE_NOT_PARALLEL,False,False,
VB-W02-E16-LOG-M050-GHALF,VB-W02-E16,0.02,NARROW,1.6,0.51,0.49,0.01961545587838003,Logarithmic,LOG-M050,0.5,0.1243629016242374,GHALF,0.5463024898437905,1.0,10.42477796076938,1.0,0.30971810485952367,0.0,0.0,2.08845349218488,9.42477796076938,"[1.0, 0.0, 0.0]","[-0.2675256465730398, 9.828732802964977e-17, 0.6812810294593962]","[0.0, -0.9683513522789873, -0.24959098248826359]","[-0.1971636597380316, 0.9637714826143788, 0.17964136655566704]",-0.9781062836517215,0.20810597752351567,2.931954511969682,167.98861926020177,1.9890230182940172,AMBIENT_DIRECTED_NOT_PARALLEL,0.20963814162011152,12.011380739798236,AMBIENT_LINE_NOT_PARALLEL,False,False,
VB-W02-E16-LOG-M075-G30,VB-W02-E16,0.02,NARROW,1.6,0.51,0.49,0.01961545587838003,Logarithmic,LOG-M075,0.75,0.1865443524363561,G30,0.5773502691896257,1.0,10.42477796076938,1.0,0.17236531991943516,0.0,0.0,2.5464610914148955,9.42477796076938,"[1.0, 0.0, 0.0]","[-0.10424337253823779, 3.82983937533834e-17, 0.4395242788895662]","[0.0, -0.9347926897526128, -0.35519378821296355]","[-0.23297759851137143, 0.8015984884615609, 0.5506008553280818]",-0.9448984107278905,0.327363702025602,2.808080465056384,160.89115918086424,1.9722567838534062,AMBIENT_DIRECTED_NOT_PARALLEL,0.3335121885334092,19.108840819135757,AMBIENT_LINE_NOT_PARALLEL,False,False,
VB-W02-E16-LOG-M075-GHALF,VB-W02-E16,0.02,NARROW,1.6,0.51,0.49,0.01961545587838003,Logarithmic,LOG-M075,0.75,0.1865443524363561,GHALF,0.5463024898437905,1.0,10.42477796076938,1.0,0.17236531991943516,0.0,0.0,2.5516847093392996,9.42477796076938,"[1.0, 0.0, 0.0]","[-0.10281397301297873, 3.7773240887390024e-17, 0.43612706970779]","[0.0, -0.932716924135947, -0.3606094000859906]","[-0.23186746641329298, 0.7994433194597482, 0.5541911736849113]",-0.9455008606229947,0.32561959793780354,2.8099256875121514,160.99688263984248,1.9725622224016126,AMBIENT_DIRECTED_NOT_PARALLEL,0.331666966077642,19.003117360157532,AMBIENT_LINE_NOT_PARALLEL,False,False,
VB-W02-E16-LOG-M100-G30,VB-W02-E16,0.02,NARROW,1.6,0.51,0.49,0.01961545587838003,Logarithmic,LOG-M100,1.0,0.2487258032484748,G30,0.5773502691896257,1.0,10.42477796076938,1.0,0.0959253044777749,0.0,0.0,2.8096367683208663,9.42477796076938,"[1.0, 0.0, 0.0]","[-0.046750695728663916, 1.717592696460603e-17, 0.25549992202706245]","[0.0, -0.8920498486038181, -0.4519370172998727]","[-0.1686258584395153, 0.5991379784220974, 0.7826870400599584]",-0.8881861893081933,0.45948372454548453,2.6641788119270986,152.64620179160065,1.9432890620328174,AMBIENT_DIRECTED_NOT_PARALLEL,0.47741384166269485,27.35379820839936,AMBIENT_LINE_NOT_PARALLEL,False,False,
VB-W02-E16-LOG-M100-GHALF,VB-W02-E16,0.02,NARROW,1.6,0.51,0.49,0.01961545587838003,Logarithmic,LOG-M100,1.0,0.2487258032484748,GHALF,0.5463024898437905,1.0,10.42477796076938,1.0,0.0959253044777749,0.0,0.0,2.8126280631813176,9.42477796076938,"[1.0, 0.0, 0.0]","[-0.04627509672869318, 1.7001194726708476e-17, 0.25328163782675567]","[0.0, -0.8888496000121798, -0.4581990708831565]","[-0.16718081785272285, 0.5983757808836823, 0.7835796060349824]",-0.8909015209436555,0.4541965213212024,2.6701225185003437,152.98675109291176,1.944685846579676,AMBIENT_DIRECTED_NOT_PARALLEL,0.47147013508944974,27.01324890708825,AMBIENT_LINE_NOT_PARALLEL,False,False,
VB-W02-E16-LOG-M125-G30,VB-W02-E16,0.02,NARROW,1.6,0.51,0.49,0.01961545587838003,Logarithmic,LOG-M125,1.25,0.3109072540605935,G30,0.5773502691896257,1.0,10.42477796076938,1.0,0.053384660228952954,0.0,0.0,2.956721292039026,9.42477796076938,"[1.0, 0.0, 0.0]","[-0.02834964650382249, 1.0415491154359548e-17, 0.14411494947138037]","[0.0, -0.8448377540541844, -0.5350225876770826]","[-0.09795156688562123, 0.5367158192795943, 0.8380582437275381]",-0.9018178775087425,0.4321163220773161,2.694754463525746,154.39805758406558,1.9502911974926935,AMBIENT_DIRECTED_NOT_PARALLEL,0.4468381900640473,25.601942415934428,AMBIENT_LINE_NOT_PARALLEL,False,False,
VB-W02-E16-LOG-M125-GHALF,VB-W02-E16,0.02,NARROW,1.6,0.51,0.49,0.01961545587838003,Logarithmic,LOG-M125,1.25,0.3109072540605935,GHALF,0.5463024898437905,1.0,10.42477796076938,1.0,0.053384660228952954,0.0,0.0,2.9584006776816585,9.42477796076938,"[1.0, 0.0, 0.0]","[-0.02819906042207032, 1.0360166725455368e-17, 0.14282054415198717]","[0.0, -0.8405991741978767, -0.5416576671088926]","[-0.09695422339835014, 0.5380709119782362, 0.8373049457922317]",-0.9058346078653619,0.42363151817753897,2.704142044000289,154.9359263250963,1.9523496653342414,AMBIENT_DIRECTED_NOT_PARALLEL,0.43745060958950466,25.064073674903714,AMBIENT_LINE_NOT_PARALLEL,False,False,
VB-W02-E16-LOG-M150-G30,VB-W02-E16,0.02,NARROW,1.6,0.51,0.49,0.01961545587838003,Logarithmic,LOG-M150,1.5,0.3730887048727122,G30,0.5773502691896257,1.0,10.42477796076938,1.0,0.029709803510929233,0.0,0.0,3.0386849671123177,9.42477796076938,"[1.0, 0.0, 0.0]","[-0.022592259145573945, 8.300261354440393e-18, 0.08053730214796503]","[0.0, -0.7961847065348976, -0.6050536447951861]","[-0.05145162705049943, 0.6015987657716336, 0.7971396710087283]",-0.9612960001323113,0.2755176947668148,2.8624644543723856,164.0071322417557,1.9805534580678763,AMBIENT_DIRECTED_NOT_PARALLEL,0.2791281992174077,15.99286775824431,AMBIENT_LINE_NOT_PARALLEL,False,False,
VB-W02-E16-LOG-M150-GHALF,VB-W02-E16,0.02,NARROW,1.6,0.51,0.49,0.01961545587838003,Logarithmic,LOG-M150,1.5,0.3730887048727122,GHALF,0.5463024898437905,1.0,10.42477796076938,1.0,0.029709803510929233,0.0,0.0,3.039622118871914,9.42477796076938,"[1.0, 0.0, 0.0]","[-0.022545300889707742, 8.283009171118367e-18, 0.07980642685369199]","[0.0, -0.7910867573133721, -0.6117039663132928]","[-0.050852359388131665, 0.6042806973410593, 0.7951470784488008]",-0.9644330790561603,0.26432713826289994,2.8740864739641125,164.67302491378,1.9821367657435551,AMBIENT_DIRECTED_NOT_PARALLEL,0.26750617962568085,15.326975086220004,AMBIENT_LINE_NOT_PARALLEL,False,False,
VB-W02-E16-LOG-M200-G30,VB-W02-E16,0.02,NARROW,1.6,0.51,0.49,0.01961545587838003,Logarithmic,LOG-M200,2.0,0.4974516064969496,G30,0.5773502691896257,1.0,10.42477796076938,1.0,0.009201664039153823,0.0,0.0,3.1097174542045405,9.42477796076938,"[1.0, 0.0, 0.0]","[-0.020248905866594724, 7.439327326728388e-18, 0.024985924748524197]","[0.0, -0.7024360354214504, -0.711746876453557]","[-0.010422115234856649, 0.8522880728099532, 0.5229688522846532]",-0.9708993019977155,0.23948809026828238,2.8997540900327277,166.14367098467383,1.9853963342354168,AMBIENT_DIRECTED_NOT_PARALLEL,0.24183856355706557,13.856329015326175,AMBIENT_LINE_NOT_PARALLEL,False,False,
VB-W02-E16-LOG-M200-GHALF,VB-W02-E16,0.02,NARROW,1.6,0.51,0.49,0.01961545587838003,Logarithmic,LOG-M200,2.0,0.4974516064969496,GHALF,0.5463024898437905,1.0,10.42477796076938,1.0,0.009201664039153823,0.0,0.0,3.110008025832131,9.42477796076938,"[1.0, 0.0, 0.0]","[-0.020244388916445866, 7.437667826165875e-18, 0.024758231260865415]","[0.0, -0.6962350877578579, -0.7178138355972304]","[-0.010260169900214045, 0.8543588202929532, 0.5195822698103277]",-0.9677979302242307,0.2517283580641943,2.887126945417458,165.42018889091753,1.9838336272098176,AMBIENT_DIRECTED_NOT_PARALLEL,0.2544657081723352,14.579811109082469,AMBIENT_LINE_NOT_PARALLEL,False,False,
VB-W02-E16-GOLDEN-MEAN-G30,VB-W02-E16,0.02,NARROW,1.6,0.51,0.49,0.01961545587838003,Golden Mean logarithmic,GOLDEN-MEAN,,0.30634896253003313,G30,0.5773502691896257,1.0,10.42477796076938,1.0,0.05572809000084122,0.0,0.0,2.94861146044251,9.42477796076938,"[1.0, 0.0, 0.0]","[-0.029095944811495356, 1.0689676704469748e-17, 0.15035990702419405]","[0.0, -0.8483795027556629, -0.5293885334081708]","[-0.1023264147935952, 0.536261122675868, 0.8378265412016421]",-0.8984887085001243,0.43899662948339246,2.6871110166122296,153.9601203349888,1.9485834385522858,AMBIENT_DIRECTED_NOT_PARALLEL,0.4544816369775635,26.0398796650112,AMBIENT_LINE_NOT_PARALLEL,False,False,
VB-W02-E16-GOLDEN-MEAN-GHALF,VB-W02-E16,0.02,NARROW,1.6,0.51,0.49,0.01961545587838003,Golden Mean logarithmic,GOLDEN-MEAN,,0.30634896253003313,GHALF,0.5463024898437905,1.0,10.42477796076938,1.0,0.05572809000084122,0.0,0.0,2.9503639487250326,9.42477796076938,"[1.0, 0.0, 0.0]","[-0.028931993391010213, 1.062944192977591e-17, 0.14901123086588977]","[0.0, -0.8442116687624851, -0.5360099423753818]","[-0.1012945027193173, 0.5374820168076602, 0.8371693408906088]",-0.9024796805082325,0.4307324300186354,2.6962884586045037,154.48594902787224,1.950630503456886,AMBIENT_DIRECTED_NOT_PARALLEL,0.44530419498528967,25.514050972127777,AMBIENT_LINE_NOT_PARALLEL,False,False,
VB-W02-E18-RECIPROCAL-G30,VB-W02-E18,0.02,NARROW,1.8,0.51,0.49,0.04942671621680366,Reciprocal,RECIPROCAL,,,G30,0.5773502691896257,1.0,10.42477796076938,1.0,0.09592530447777489,0.0,0.0,2.8096367683208663,9.42477796076938,"[1.0, 0.0, 0.0]","[-0.046750695728663916, 1.717592696460603e-17, 0.2874374122804452]","[0.0, -0.39996841974031677, -0.9165289210987474]","[-0.09401307821090565, 0.8661210716433335, 0.49091326156533355]",-0.7963572783045163,0.6048264918895531,2.492044681417497,142.7836426032464,1.8954457408770724,AMBIENT_DIRECTED_NOT_PARALLEL,0.6495479721722962,37.216357396753615,AMBIENT_LINE_NOT_PARALLEL,False,False,
VB-W02-E18-RECIPROCAL-GHALF,VB-W02-E18,0.02,NARROW,1.8,0.51,0.49,0.04942671621680366,Reciprocal,RECIPROCAL,,,GHALF,0.5463024898437905,1.0,10.42477796076938,1.0,0.09592530447777489,0.0,0.0,2.8126280631813176,9.42477796076938,"[1.0, 0.0, 0.0]","[-0.04627509672869318, 1.7001194726708476e-17, 0.28494184255510013]","[0.0, -0.394163931406747, -0.9190401488389814]","[-0.09327780470079407, 0.8656723254734249, 0.49184415830589395]",-0.7932413355736587,0.6089073686015949,2.486910218275467,142.4894595351426,1.8938011171047813,AMBIENT_DIRECTED_NOT_PARALLEL,0.6546824353143263,37.51054046485742,AMBIENT_LINE_NOT_PARALLEL,False,False,
VB-W02-E18-LOG-M050-G30,VB-W02-E18,0.02,NARROW,1.8,0.51,0.49,0.04942671621680366,Logarithmic,LOG-M050,0.5,0.1243629016242374,G30,0.5773502691896257,1.0,10.42477796076938,1.0,0.30971810485952367,0.0,0.0,2.0799184771396644,9.42477796076938,"[1.0, 0.0, 0.0]","[-0.271168648995867, 9.962574540657019e-17, 0.7701383368715206]","[0.0, -0.9617107711589322, -0.2740664018753337]","[-0.19597227982059573, 0.9606364056530186, 0.19690749522546694]",-0.9778201072026375,0.2094465037908786,2.9305837793452465,167.91008206598073,1.9888791351928037,AMBIENT_DIRECTED_NOT_PARALLEL,0.2110088742445469,12.089917934019274,AMBIENT_LINE_NOT_PARALLEL,False,False,
VB-W02-E18-LOG-M050-GHALF,VB-W02-E18,0.02,NARROW,1.8,0.51,0.49,0.04942671621680366,Logarithmic,LOG-M050,0.5,0.1243629016242374,GHALF,0.5463024898437905,1.0,10.42477796076938,1.0,0.30971810485952367,0.0,0.0,2.08845349218488,9.42477796076938,"[1.0, 0.0, 0.0]","[-0.2675256465730398, 9.828732802964977e-17, 0.7664411581418207]","[0.0, -0.960437638251264, -0.2784951400479626]","[-0.19632401154611934, 0.9596671310119134, 0.20123588185460903]",-0.9777436479162231,0.20980314334984815,2.9302190358751528,167.8891838045394,1.9888406914160939,AMBIENT_DIRECTED_NOT_PARALLEL,0.21137361771464047,12.110816195460592,AMBIENT_LINE_NOT_PARALLEL,False,False,
VB-W02-E18-LOG-M075-G30,VB-W02-E18,0.02,NARROW,1.8,0.51,0.49,0.04942671621680366,Logarithmic,LOG-M075,0.75,0.1865443524363561,G30,0.5773502691896257,1.0,10.42477796076938,1.0,0.17236531991943516,0.0,0.0,2.5464610914148955,9.42477796076938,"[1.0, 0.0, 0.0]","[-0.10424337253823779, 3.82983937533834e-17, 0.49446481375076196]","[0.0, -0.919512328877169, -0.3930611619619587]","[-0.2241280993495698, 0.7711503028975063, 0.5958974789534133]",-0.943306366419251,0.3319233331251516,2.803250880583353,160.61444437375766,1.9714493990053363,AMBIENT_DIRECTED_NOT_PARALLEL,0.33834177300644025,19.38555562624235,AMBIENT_LINE_NOT_PARALLEL,False,False,
VB-W02-E18-LOG-M075-GHALF,VB-W02-E18,0.02,NARROW,1.8,0.51,0.49,0.04942671621680366,Logarithmic,LOG-M075,0.75,0.1865443524363561,GHALF,0.5463024898437905,1.0,10.42477796076938,1.0,0.17236531991943516,0.0,0.0,2.5516847093392996,9.42477796076938,"[1.0, 0.0, 0.0]","[-0.10281397301297873, 3.7773240887390024e-17, 0.4906429534212638]","[0.0, -0.917013792854404, -0.39885549227104833]","[-0.2229514619889667, 0.7687023091595099, 0.5994909553027632]",-0.9440208801876255,0.32988570410034584,2.805410154484338,160.73816165509683,1.9718117963880963,AMBIENT_DIRECTED_NOT_PARALLEL,0.3361824991054553,19.26183834490316,AMBIENT_LINE_NOT_PARALLEL,False,False,
VB-W02-E18-LOG-M100-G30,VB-W02-E18,0.02,NARROW,1.8,0.51,0.49,0.04942671621680366,Logarithmic,LOG-M100,1.0,0.2487258032484748,G30,0.5773502691896257,1.0,10.42477796076938,1.0,0.0959253044777749,0.0,0.0,2.8096367683208663,9.42477796076938,"[1.0, 0.0, 0.0]","[-0.046750695728663916, 1.717592696460603e-17, 0.2874374122804452]","[0.0, -0.8687937237255876, -0.49517417704786215]","[-0.15638183377216228, 0.5556342106439218, 0.8165876229947167]",-0.8870846190985393,0.4616068441420684,2.6617869305596864,152.50915708415195,1.942722120684551,AMBIENT_DIRECTED_NOT_PARALLEL,0.47980572303010705,27.49084291584806,AMBIENT_LINE_NOT_PARALLEL,False,False,
VB-W02-E18-LOG-M100-GHALF,VB-W02-E18,0.02,NARROW,1.8,0.51,0.49,0.04942671621680366,Logarithmic,LOG-M100,1.0,0.2487258032484748,GHALF,0.5463024898437905,1.0,10.42477796076938,1.0,0.0959253044777749,0.0,0.0,2.8126280631813176,9.42477796076938,"[1.0, 0.0, 0.0]","[-0.04627509672869318, 1.7001194726708476e-17, 0.28494184255510013]","[0.0, -0.8650560299843482, -0.5016752584966877]","[-0.1550169662491553, 0.5548387633279364, 0.8173883329749907]",-0.8900301211232953,0.45590172569672566,2.6682075613912053,152.87703213260957,1.9442377020947286,AMBIENT_DIRECTED_NOT_PARALLEL,0.4733850921985878,27.122967867390436,AMBIENT_LINE_NOT_PARALLEL,False,False,
VB-W02-E18-LOG-M125-G30,VB-W02-E18,0.02,NARROW,1.8,0.51,0.49,0.04942671621680366,Logarithmic,LOG-M125,1.25,0.3109072540605935,G30,0.5773502691896257,1.0,10.42477796076938,1.0,0.053384660228952954,0.0,0.0,2.956721292039026,9.42477796076938,"[1.0, 0.0, 0.0]","[-0.02834964650382249, 1.0415491154359548e-17, 0.1621293181553029]","[0.0, -0.8144419357301695, -0.5802450631621905]","[-0.08992213889720774, 0.49271937125768456, 0.8655296818270204]",-0.903510643399331,0.42856565105491984,2.698688004045442,154.62343285438786,1.9511589599001566,AMBIENT_DIRECTED_NOT_PARALLEL,0.4429046495443513,25.37656714561215,AMBIENT_LINE_NOT_PARALLEL,False,False,
VB-W02-E18-LOG-M125-GHALF,VB-W02-E18,0.02,NARROW,1.8,0.51,0.49,0.04942671621680366,Logarithmic,LOG-M125,1.25,0.3109072540605935,GHALF,0.5463024898437905,1.0,10.42477796076938,1.0,0.053384660228952954,0.0,0.0,2.9584006776816585,9.42477796076938,"[1.0, 0.0, 0.0]","[-0.02819906042207032, 1.0360166725455368e-17, 0.16067311217098557]","[0.0, -0.8096422651512303, -0.5869236768786763]","[-0.08901912700090134, 0.4940331753479498, 0.8648738732807342]",-0.9076050928907999,0.41982495799878605,2.708340203538125,155.17646314833692,1.9532563031465175,AMBIENT_DIRECTED_NOT_PARALLEL,0.4332524500516678,24.82353685166307,AMBIENT_LINE_NOT_PARALLEL,False,False,
VB-W02-E18-LOG-M150-G30,VB-W02-E18,0.02,NARROW,1.8,0.51,0.49,0.04942671621680366,Logarithmic,LOG-M150,1.5,0.3730887048727122,G30,0.5773502691896257,1.0,10.42477796076938,1.0,0.029709803510929233,0.0,0.0,3.0386849671123177,9.42477796076938,"[1.0, 0.0, 0.0]","[-0.022592259145573945, 8.300261354440393e-18, 0.09060446491646067]","[0.0, -0.760085581734012, -0.6498229823883337]","[-0.04759173234282967, 0.5564669006536762, 0.8295056452426951]",-0.9619943001986395,0.27306952665086964,2.86501026536439,164.15299646703556,1.9809060049374576,AMBIENT_DIRECTED_NOT_PARALLEL,0.2765823882254035,15.847003532964454,AMBIENT_LINE_NOT_PARALLEL,False,False,
VB-W02-E18-LOG-M150-GHALF,VB-W02-E18,0.02,NARROW,1.8,0.51,0.49,0.04942671621680366,Logarithmic,LOG-M150,1.5,0.3730887048727122,GHALF,0.5463024898437905,1.0,10.42477796076938,1.0,0.029709803510929233,0.0,0.0,3.039622118871914,9.42477796076938,"[1.0, 0.0, 0.0]","[-0.022545300889707742, 8.283009171118367e-18, 0.08978223021040348]","[0.0, -0.7544801589587714, -0.6563228548035995]","[-0.0470543893279015, 0.5591492614727761, 0.8277306251670451]",-0.9651255505956631,0.26178745498479905,2.876718870588407,164.82385013035656,1.9824860910461204,AMBIENT_DIRECTED_NOT_PARALLEL,0.26487378300138636,15.176149869643446,AMBIENT_LINE_NOT_PARALLEL,False,False,
VB-W02-E18-LOG-M200-G30,VB-W02-E18,0.02,NARROW,1.8,0.51,0.49,0.04942671621680366,Logarithmic,LOG-M200,2.0,0.4974516064969496,G30,0.5773502691896257,1.0,10.42477796076938,1.0,0.009201664039153823,0.0,0.0,3.1097174542045405,9.42477796076938,"[1.0, 0.0, 0.0]","[-0.020248905866594724, 7.439327326728388e-18, 0.028109165342089723]","[0.0, -0.6594666010028795, -0.7517338639184145]","[-0.010062997411956973, 0.8229205374974269, 0.5680673596045042]",-0.9697240809603158,0.24420320801674708,2.8948947149355417,165.86524930053412,1.9848043132562543,AMBIENT_DIRECTED_NOT_PARALLEL,0.24669793865425133,14.134750699465894,AMBIENT_LINE_NOT_PARALLEL,False,False,
VB-W02-E18-LOG-M200-GHALF,VB-W02-E18,0.02,NARROW,1.8,0.51,0.49,0.04942671621680366,Logarithmic,LOG-M200,2.0,0.4974516064969496,GHALF,0.5463024898437905,1.0,10.42477796076938,1.0,0.009201664039153823,0.0,0.0,3.110008025832131,9.42477796076938,"[1.0, 0.0, 0.0]","[-0.020244388916445866, 7.437667826165875e-18, 0.02785301016847359]","[0.0, -0.6529823559088805, -0.7573731199822766]","[-0.009910965904909993, 0.8252807917250898, 0.5646356237118242]",-0.9665336396507584,0.2565399061032378,2.882152060872982,165.1351490029542,1.9831962281381834,AMBIENT_DIRECTED_NOT_PARALLEL,0.2594405927168112,14.864850997045805,AMBIENT_LINE_NOT_PARALLEL,False,False,
VB-W02-E18-GOLDEN-MEAN-G30,VB-W02-E18,0.02,NARROW,1.8,0.51,0.49,0.04942671621680366,Golden Mean logarithmic,GOLDEN-MEAN,,0.30634896253003313,G30,0.5773502691896257,1.0,10.42477796076938,1.0,0.05572809000084122,0.0,0.0,2.94861146044251,9.42477796076938,"[1.0, 0.0, 0.0]","[-0.029095944811495356, 1.0689676704469748e-17, 0.1691548954022183]","[0.0, -0.8184623000683214, -0.5745602347594837]","[-0.09394244857686469, 0.49232334624805685, 0.8653279950946341]",-0.9001311543530435,0.43561899059046694,2.690866824042408,154.17531224940188,1.9494261485642608,AMBIENT_DIRECTED_NOT_PARALLEL,0.4507258295473855,25.824687750598123,AMBIENT_LINE_NOT_PARALLEL,False,False,
VB-W02-E18-GOLDEN-MEAN-GHALF,VB-W02-E18,0.02,NARROW,1.8,0.51,0.49,0.04942671621680366,Golden Mean logarithmic,GOLDEN-MEAN,,0.30634896253003313,GHALF,0.5463024898437905,1.0,10.42477796076938,1.0,0.05572809000084122,0.0,0.0,2.9503639487250326,9.42477796076938,"[1.0, 0.0, 0.0]","[-0.028931993391010213, 1.062944192977591e-17, 0.167637634724126]","[0.0, -0.8137321717431731, -0.5812400129637832]","[-0.09300654615432094, 0.4935050240767505, 0.8647557884070219]",-0.9042115806723452,0.4270847894482066,2.7003263766402377,154.71730468933956,1.9515181683357934,AMBIENT_DIRECTED_NOT_PARALLEL,0.4412662769495556,25.282695310660458,AMBIENT_LINE_NOT_PARALLEL,False,False,
VB-W02-E20-RECIPROCAL-G30,VB-W02-E20,0.02,NARROW,2.0,0.51,0.49,0.09872610704213672,Reciprocal,RECIPROCAL,,,G30,0.5773502691896257,1.0,10.42477796076938,1.0,0.09592530447777489,0.0,0.0,2.8096367683208663,9.42477796076938,"[1.0, 0.0, 0.0]","[-0.046750695728663916, 1.717592696460603e-17, 0.31937490253382805]","[0.0, -0.3655702394304475, -0.9307837557901218]","[-0.09146340799953608, 0.8426315408479007, 0.5306661204235701]",-0.8019764187778378,0.5973556928031023,2.501392847817324,143.31925308414247,1.898407974476423,AMBIENT_DIRECTED_NOT_PARALLEL,0.640199805772469,36.68074691585751,AMBIENT_LINE_NOT_PARALLEL,False,False,
VB-W02-E20-RECIPROCAL-GHALF,VB-W02-E20,0.02,NARROW,2.0,0.51,0.49,0.09872610704213672,Reciprocal,RECIPROCAL,,,GHALF,0.5463024898437905,1.0,10.42477796076938,1.0,0.09592530447777489,0.0,0.0,2.8126280631813176,9.42477796076938,"[1.0, 0.0, 0.0]","[-0.04627509672869318, 1.7001194726708476e-17, 0.31660204728344454]","[0.0, -0.36010235269819985, -0.9329128017029358]","[-0.09073886079709653, 0.842109448105003, 0.5316184125418649]",-0.7991992161732926,0.601066230017953,2.4967580900909523,143.05370102735574,1.8969444990158741,AMBIENT_DIRECTED_NOT_PARALLEL,0.6448345634988408,36.946298972644264,AMBIENT_LINE_NOT_PARALLEL,False,False,
VB-W02-E20-LOG-M050-G30,VB-W02-E20,0.02,NARROW,2.0,0.51,0.49,0.09872610704213672,Logarithmic,LOG-M050,0.5,0.1243629016242374,G30,0.5773502691896257,1.0,10.42477796076938,1.0,0.30971810485952367,0.0,0.0,2.0799184771396644,9.42477796076938,"[1.0, 0.0, 0.0]","[-0.271168648995867, 9.962574540657019e-17, 0.8557092631905783]","[0.0, -0.953348935428301, -0.30187051415751953]","[-0.19508714864241983, 0.9562975816401901, 0.21779793337792316]",-0.977432055540573,0.21125003385024693,2.9287389742789363,167.8043825216568,1.988684014890537,AMBIENT_DIRECTED_NOT_PARALLEL,0.21285367931085702,12.195617478343197,AMBIENT_LINE_NOT_PARALLEL,False,False,
VB-W02-E20-LOG-M050-GHALF,VB-W02-E20,0.02,NARROW,2.0,0.51,0.49,0.09872610704213672,Logarithmic,LOG-M050,0.5,0.1243629016242374,GHALF,0.5463024898437905,1.0,10.42477796076938,1.0,0.30971810485952367,0.0,0.0,2.08845349218488,9.42477796076938,"[1.0, 0.0, 0.0]","[-0.2675256465730398, 9.828732802964977e-17, 0.8516012868242452]","[0.0, -0.9518184569913446, -0.3066620695987949]","[-0.19539815819104925, 0.9551413930443537, 0.2225409604293931]",-0.9773660784318215,0.2115550725716655,2.9284268819829173,167.78650095027638,1.988650838348362,AMBIENT_DIRECTED_NOT_PARALLEL,0.2131657716068761,12.213499049723637,AMBIENT_LINE_NOT_PARALLEL,False,False,
VB-W02-E20-LOG-M075-G30,VB-W02-E20,0.02,NARROW,2.0,0.51,0.49,0.09872610704213672,Logarithmic,LOG-M075,0.75,0.1865443524363561,G30,0.5773502691896257,1.0,10.42477796076938,1.0,0.17236531991943516,0.0,0.0,2.5464610914148955,9.42477796076938,"[1.0, 0.0, 0.0]","[-0.10424337253823779, 3.82983937533834e-17, 0.5494053486119578]","[0.0, -0.9032903463295925, -0.4290297777867692]","[-0.21533926075245344, 0.740910830176539, 0.6361447512207412]",-0.9421826416459662,0.3350997907803422,2.799881511007077,160.42139371741726,1.9708793172824999,AMBIENT_DIRECTED_NOT_PARALLEL,0.34171114258271607,19.578606282582736,AMBIENT_LINE_NOT_PARALLEL,False,False,
VB-W02-E20-LOG-M075-GHALF,VB-W02-E20,0.02,NARROW,2.0,0.51,0.49,0.09872610704213672,Logarithmic,LOG-M075,0.75,0.1865443524363561,GHALF,0.5463024898437905,1.0,10.42477796076938,1.0,0.17236531991943516,0.0,0.0,2.5516847093392996,9.42477796076938,"[1.0, 0.0, 0.0]","[-0.10281397301297873, 3.7773240887390024e-17, 0.5451588371347375]","[0.0, -0.9003684035040836, -0.43512841549536574]","[-0.21410921126550508, 0.7382155902626916, 0.6396835060749722]",-0.9430104628635674,0.33276307927689425,2.8023605252801165,160.5634307726151,1.9712992988704516,AMBIENT_DIRECTED_NOT_PARALLEL,0.3392321283096768,19.436569227384894,AMBIENT_LINE_NOT_PARALLEL,False,False,
VB-W02-E20-LOG-M100-G30,VB-W02-E20,0.02,NARROW,2.0,0.51,0.49,0.09872610704213672,Logarithmic,LOG-M100,1.0,0.2487258032484748,G30,0.5773502691896257,1.0,10.42477796076938,1.0,0.0959253044777749,0.0,0.0,2.8096367683208663,9.42477796076938,"[1.0, 0.0, 0.0]","[-0.046750695728663916, 1.717592696460603e-17, 0.31937490253382805]","[0.0, -0.8448377540541844, -0.5350225876770824]","[-0.145421871486387, 0.5166927949663425, 0.8437304278756729]",-0.8879364172592785,0.4599662149601388,2.663635504386277,152.61507256253395,1.9431605272129622,AMBIENT_DIRECTED_NOT_PARALLEL,0.47795714920351623,27.384927437466057,AMBIENT_LINE_NOT_PARALLEL,False,False,
VB-W02-E20-LOG-M100-GHALF,VB-W02-E20,0.02,NARROW,2.0,0.51,0.49,0.09872610704213672,Logarithmic,LOG-M100,1.0,0.2487258032484748,GHALF,0.5463024898437905,1.0,10.42477796076938,1.0,0.0959253044777749,0.0,0.0,2.8126280631813176,9.42477796076938,"[1.0, 0.0, 0.0]","[-0.04627509672869318, 1.7001194726708476e-17, 0.31660204728344454]","[0.0, -0.8405991741978767, -0.5416576671088925]","[-0.1441335360237201, 0.5158846468001961, 0.8444457087280011]",-0.8910527006713325,0.45389986189282405,2.6704554781488454,153.00582827551906,1.9447635849487372,AMBIENT_DIRECTED_NOT_PARALLEL,0.4711371754409479,26.994171724480935,AMBIENT_LINE_NOT_PARALLEL,False,False,
VB-W02-E20-LOG-M125-G30,VB-W02-E20,0.02,NARROW,2.0,0.51,0.49,0.09872610704213672,Logarithmic,LOG-M125,1.25,0.3109072540605935,G30,0.5773502691896257,1.0,10.42477796076938,1.0,0.053384660228952954,0.0,0.0,2.956721292039026,9.42477796076938,"[1.0, 0.0, 0.0]","[-0.02834964650382249, 1.0415491154359548e-17, 0.18014368683922546]","[0.0, -0.7840691536811175, -0.6206734747399602]","[-0.08293041327640942, 0.4544089096279405, 0.886924511671963]",-0.9067785276886187,0.421607283764004,2.706375541631236,155.06389631290205,1.9528330843615993,AMBIENT_DIRECTED_NOT_PARALLEL,0.43521711195855745,24.936103687097972,AMBIENT_LINE_NOT_PARALLEL,False,False,
VB-W02-E20-LOG-M125-GHALF,VB-W02-E20,0.02,NARROW,2.0,0.51,0.49,0.09872610704213672,Logarithmic,LOG-M125,1.25,0.3109072540605935,GHALF,0.5463024898437905,1.0,10.42477796076938,1.0,0.053384660228952954,0.0,0.0,2.9584006776816585,9.42477796076938,"[1.0, 0.0, 0.0]","[-0.02819906042207032, 1.0360166725455368e-17, 0.17852568018998397]","[0.0, -0.7787888726066118, -0.6272861324022097]","[-0.08210690862435512, 0.45567214768668096, 0.8863528357142879]",-0.9108692404340907,0.4126950773040829,2.716181770536577,155.62575184211727,1.9549267200762748,AMBIENT_DIRECTED_NOT_PARALLEL,0.42541088305321606,24.374248157882718,AMBIENT_LINE_NOT_PARALLEL,False,False,
VB-W02-E20-LOG-M150-G30,VB-W02-E20,0.02,NARROW,2.0,0.51,0.49,0.09872610704213672,Logarithmic,LOG-M150,1.5,0.3730887048727122,G30,0.5773502691896257,1.0,10.42477796076938,1.0,0.029709803510929233,0.0,0.0,3.0386849671123177,9.42477796076938,"[1.0, 0.0, 0.0]","[-0.022592259145573945, 8.300261354440393e-18, 0.1006716276849563]","[0.0, -0.7250259952930385, -0.6887215011521992]","[-0.0441611467599295, 0.5163547376209879, 0.8552353933585821]",-0.9633896115203469,0.2681053084418045,2.870166854841214,164.44844728073915,1.9816102601270247,AMBIENT_DIRECTED_NOT_PARALLEL,0.2714257987485793,15.551552719260856,AMBIENT_LINE_NOT_PARALLEL,False,False,
VB-W02-E20-LOG-M150-GHALF,VB-W02-E20,0.02,NARROW,2.0,0.51,0.49,0.09872610704213672,Logarithmic,LOG-M150,1.5,0.3730887048727122,GHALF,0.5463024898437905,1.0,10.42477796076938,1.0,0.029709803510929233,0.0,0.0,3.039622118871914,9.42477796076938,"[1.0, 0.0, 0.0]","[-0.022545300889707742, 8.283009171118367e-18, 0.09975803356711498]","[0.0, -0.7190279992196741, -0.6949811050223973]","[-0.04367551355735326, 0.5189979404441548, 0.8536589408717201]",-0.9664508847559695,0.2568514889082866,2.8818296756718427,165.11667769155144,1.9831544996575377,AMBIENT_DIRECTED_NOT_PARALLEL,0.2597629779179507,14.883322308448577,AMBIENT_LINE_NOT_PARALLEL,False,False,
VB-W02-E20-LOG-M200-G30,VB-W02-E20,0.02,NARROW,2.0,0.51,0.49,0.09872610704213672,Logarithmic,LOG-M200,2.0,0.4974516064969496,G30,0.5773502691896257,1.0,10.42477796076938,1.0,0.009201664039153823,0.0,0.0,3.1097174542045405,9.42477796076938,"[1.0, 0.0, 0.0]","[-0.020248905866594724, 7.439327326728388e-18, 0.031232405935655246]","[0.0, -0.6196737704334119, -0.7848594894863915]","[-0.009702479832530315, 0.7934385344625716, 0.6085730473123057]",-0.9693173794862965,0.24581256645220484,2.8932347627388046,165.7701410454676,1.984599395085213,AMBIENT_DIRECTED_NOT_PARALLEL,0.2483578908509887,14.229858954532414,AMBIENT_LINE_NOT_PARALLEL,False,False,
VB-W02-E20-LOG-M200-GHALF,VB-W02-E20,0.02,NARROW,2.0,0.51,0.49,0.09872610704213672,Logarithmic,LOG-M200,2.0,0.4974516064969496,GHALF,0.5463024898437905,1.0,10.42477796076938,1.0,0.009201664039153823,0.0,0.0,3.110008025832131,9.42477796076938,"[1.0, 0.0, 0.0]","[-0.020244388916445866, 7.437667826165875e-18, 0.03094778907608177]","[0.0, -0.6130407591688621, -0.7900512816252279]","[-0.009559947551382461, 0.7960516825253775, 0.6051531427261453]",-0.9661141437833329,0.2581152091253,2.8805218593570165,165.04174533633355,1.982984691712638,AMBIENT_DIRECTED_NOT_PARALLEL,0.2610707942327767,14.958254663666457,AMBIENT_LINE_NOT_PARALLEL,False,False,
VB-W02-E20-GOLDEN-MEAN-G30,VB-W02-E20,0.02,NARROW,2.0,0.51,0.49,0.09872610704213672,Golden Mean logarithmic,GOLDEN-MEAN,,0.30634896253003313,G30,0.5773502691896257,1.0,10.42477796076938,1.0,0.05572809000084122,0.0,0.0,2.94861146044251,9.42477796076938,"[1.0, 0.0, 0.0]","[-0.029095944811495356, 1.0689676704469748e-17, 0.18794988378024255]","[0.0, -0.7885024616939517, -0.6150315991090037]","[-0.08664114858576881, 0.45405948898191273, 0.886748719670473]",-0.9034055078845287,0.42878722966513005,2.6984427479399584,154.60938071464383,1.9511050755325963,AMBIENT_DIRECTED_NOT_PARALLEL,0.44314990564983486,25.390619285356173,AMBIENT_LINE_NOT_PARALLEL,False,False,
VB-W02-E20-GOLDEN-MEAN-GHALF,VB-W02-E20,0.02,NARROW,2.0,0.51,0.49,0.09872610704213672,Golden Mean logarithmic,GOLDEN-MEAN,,0.30634896253003313,GHALF,0.5463024898437905,1.0,10.42477796076938,1.0,0.05572809000084122,0.0,0.0,2.9503639487250326,9.42477796076938,"[1.0, 0.0, 0.0]","[-0.028931993391010213, 1.062944192977591e-17, 0.1862640385823622]","[0.0, -0.7832874721867792, -0.6216596624482288]","[-0.08578645815722967, 0.45519428307870685, 0.8862498791251259]",-0.9074937800483027,0.4200655177155619,2.7080751384015054,155.16127603471256,1.9531993139709545,AMBIENT_DIRECTED_NOT_PARALLEL,0.4335175151882879,24.83872396528746,AMBIENT_LINE_NOT_PARALLEL,False,False,
VB-W02-E22-RECIPROCAL-G30,VB-W02-E22,0.02,NARROW,2.2,0.51,0.49,0.15132507602591755,Reciprocal,RECIPROCAL,,,G30,0.5773502691896257,1.0,10.42477796076938,1.0,0.09592530447777489,0.0,0.0,2.8096367683208663,9.42477796076938,"[1.0, 0.0, 0.0]","[-0.046750695728663916, 1.717592696460603e-17, 0.3513123927872109]","[0.0, -0.33625905489865404, -0.9417695301923205]","[-0.08887328503023807, 0.818769328009558, 0.5672021920961791]",-0.809492342390973,0.587130434920875,2.514083283895494,144.04636151160219,1.902362921416927,AMBIENT_DIRECTED_NOT_PARALLEL,0.6275093696942989,35.953638488397814,AMBIENT_LINE_NOT_PARALLEL,False,False,
VB-W02-E22-RECIPROCAL-GHALF,VB-W02-E22,0.02,NARROW,2.2,0.51,0.49,0.15132507602591755,Reciprocal,RECIPROCAL,,,GHALF,0.5463024898437905,1.0,10.42477796076938,1.0,0.09592530447777489,0.0,0.0,2.8126280631813176,9.42477796076938,"[1.0, 0.0, 0.0]","[-0.04627509672869318, 1.7001194726708476e-17, 0.34826225201178906]","[0.0, -0.331112883930241, -0.9435911498606792]","[-0.08816041507829568, 0.8181799708980599, 0.5681630720439972]",-0.8070235761963886,0.590519218538391,2.5098905894538848,143.80613781531,1.901064741767828,AMBIENT_DIRECTED_NOT_PARALLEL,0.6317020641359086,36.193862184690005,AMBIENT_LINE_NOT_PARALLEL,False,False,
VB-W02-E22-LOG-M050-G30,VB-W02-E22,0.02,NARROW,2.2,0.51,0.49,0.15132507602591755,Logarithmic,LOG-M050,0.5,0.1243629016242374,G30,0.5773502691896257,1.0,10.42477796076938,1.0,0.30971810485952367,0.0,0.0,2.0799184771396644,9.42477796076938,"[1.0, 0.0, 0.0]","[-0.271168648995867, 9.962574540657019e-17, 0.9412801895096362]","[0.0, -0.9443559589773465, -0.32892525403802014]","[-0.1941226635782616, 0.9515697728593403, 0.23839328611708938]",-0.9770341575794603,0.2130827419642294,2.9268635695627823,167.69692974654225,1.9884839237868936,AMBIENT_DIRECTED_NOT_PARALLEL,0.214729084027011,12.303070253457749,AMBIENT_LINE_NOT_PARALLEL,False,False,
VB-W02-E22-LOG-M050-GHALF,VB-W02-E22,0.02,NARROW,2.2,0.51,0.49,0.15132507602591755,Logarithmic,LOG-M050,0.5,0.1243629016242374,GHALF,0.5463024898437905,1.0,10.42477796076938,1.0,0.30971810485952367,0.0,0.0,2.08845349218488,9.42477796076938,"[1.0, 0.0, 0.0]","[-0.2675256465730398, 9.828732802964977e-17, 0.9367614155066698]","[0.0, -0.942556804708911, -0.33404590986409005]","[-0.19438993152526132, 0.9502129994966337, 0.24353194884699264]",-0.9769805800319861,0.21332825935717983,2.9266122742302216,167.6825315845752,1.9884569796865037,AMBIENT_DIRECTED_NOT_PARALLEL,0.21498037935957182,12.317468415424822,AMBIENT_LINE_NOT_PARALLEL,False,False,
VB-W02-E22-LOG-M075-G30,VB-W02-E22,0.02,NARROW,2.2,0.51,0.49,0.15132507602591755,Logarithmic,LOG-M075,0.75,0.1865443524363561,G30,0.5773502691896257,1.0,10.42477796076938,1.0,0.17236531991943516,0.0,0.0,2.5464610914148955,9.42477796076938,"[1.0, 0.0, 0.0]","[-0.10424337253823779, 3.82983937533834e-17, 0.6043458834731535]","[0.0, -0.8863228073973, -0.4630679011628518]","[-0.2067339416058869, 0.7113027868938696, 0.6717956703828241]",-0.9415308940837634,0.3369266618803406,2.7979418630801636,160.31026007746382,1.9705486008133695,AMBIENT_DIRECTED_NOT_PARALLEL,0.34365079050962966,19.689739922536184,AMBIENT_LINE_NOT_PARALLEL,False,False,
VB-W02-E22-LOG-M075-GHALF,VB-W02-E22,0.02,NARROW,2.2,0.51,0.49,0.15132507602591755,Logarithmic,LOG-M075,0.75,0.1865443524363561,GHALF,0.5463024898437905,1.0,10.42477796076938,1.0,0.17236531991943516,0.0,0.0,2.5516847093392996,9.42477796076938,"[1.0, 0.0, 0.0]","[-0.10281397301297873, 3.7773240887390024e-17, 0.5996747208482113]","[0.0, -0.88298544274284, -0.4694003705838237]","[-0.20546329405791305, 0.7084057990956489, 0.6752377793063169]",-0.9424688719946503,0.3342939205566435,2.800736703777466,160.47039265383066,1.971024541701422,AMBIENT_DIRECTED_NOT_PARALLEL,0.3408559498123272,19.529607346169353,AMBIENT_LINE_NOT_PARALLEL,False,False,
VB-W02-E22-LOG-M100-G30,VB-W02-E22,0.02,NARROW,2.2,0.51,0.49,0.15132507602591755,Logarithmic,LOG-M100,1.0,0.2487258032484748,G30,0.5773502691896257,1.0,10.42477796076938,1.0,0.0959253044777749,0.0,0.0,2.8096367683208663,9.42477796076938,"[1.0, 0.0, 0.0]","[-0.046750695728663916, 1.717592696460603e-17, 0.3513123927872109]","[0.0, -0.8205354925995941, -0.5715955785206367]","[-0.13563637766282158, 0.4819243374974313, 0.8656510301398423]",-0.8902383250339563,0.45549503250939644,2.668664451116047,152.90320998554589,1.9443447868286923,AMBIENT_DIRECTED_NOT_PARALLEL,0.4729282024737462,27.096790014454115,AMBIENT_LINE_NOT_PARALLEL,False,False,
VB-W02-E22-LOG-M100-GHALF,VB-W02-E22,0.02,NARROW,2.2,0.51,0.49,0.15132507602591755,Logarithmic,LOG-M100,1.0,0.2487258032484748,GHALF,0.5463024898437905,1.0,10.42477796076938,1.0,0.0959253044777749,0.0,0.0,2.8126280631813176,9.42477796076938,"[1.0, 0.0, 0.0]","[-0.04627509672869318, 1.7001194726708476e-17, 0.34826225201178906]","[0.0, -0.8158417757692813, -0.5782751913316233]","[-0.13441990905615164, 0.48111750547030996, 0.8662893477235895]",-0.8934693983199906,0.4491240744668606,2.6758079207182095,153.31250064482978,1.9460058572984773,AMBIENT_DIRECTED_NOT_PARALLEL,0.46578473287158356,26.6874993551702,AMBIENT_LINE_NOT_PARALLEL,False,False,
VB-W02-E22-LOG-M125-G30,VB-W02-E22,0.02,NARROW,2.2,0.51,0.49,0.15132507602591755,Logarithmic,LOG-M125,1.25,0.3109072540605935,G30,0.5773502691896257,1.0,10.42477796076938,1.0,0.053384660228952954,0.0,0.0,2.956721292039026,9.42477796076938,"[1.0, 0.0, 0.0]","[-0.02834964650382249, 1.0415491154359548e-17, 0.19815805552314802]","[0.0, -0.7541569139358046, -0.6566942585121508]","[-0.07682716852057703, 0.4209667900831298, 0.9038166560891743]",-0.9110062240799669,0.41239260382257265,2.716513816809358,155.64477669215069,1.954996789808089,AMBIENT_DIRECTED_NOT_PARALLEL,0.4250788367804355,24.355223307849343,AMBIENT_LINE_NOT_PARALLEL,False,False,
VB-W02-E22-LOG-M125-GHALF,VB-W02-E22,0.02,NARROW,2.2,0.51,0.49,0.15132507602591755,Logarithmic,LOG-M125,1.25,0.3109072540605935,GHALF,0.5463024898437905,1.0,10.42477796076938,1.0,0.053384660228952954,0.0,0.0,2.9584006776816585,9.42477796076938,"[1.0, 0.0, 0.0]","[-0.02819906042207032, 1.0360166725455368e-17, 0.19637824820898236]","[0.0, -0.7484783041143334, -0.6631592782055692]","[-0.0760712190773392, 0.42217562876107406, 0.9033166156493964]",-0.9150320934786422,0.403381045543904,2.726383801503128,156.21028515896242,1.9570549780109103,AMBIENT_DIRECTED_NOT_PARALLEL,0.4152088520866653,23.789714841037586,AMBIENT_LINE_NOT_PARALLEL,False,False,
VB-W02-E22-LOG-M150-G30,VB-W02-E22,0.02,NARROW,2.2,0.51,0.49,0.15132507602591755,Logarithmic,LOG-M150,1.5,0.3730887048727122,G30,0.5773502691896257,1.0,10.42477796076938,1.0,0.029709803510929233,0.0,0.0,3.0386849671123177,9.42477796076938,"[1.0, 0.0, 0.0]","[-0.022592259145573945, 8.300261354440393e-18, 0.11073879045345193]","[0.0, -0.6914074790535115, -0.7224650150068639]","[-0.04111617994122419, 0.48075142660905934, 0.8758924166588011]",-0.9651967598689482,0.2615247880000749,2.8769910189044463,164.83944308026722,1.98252200989999,AMBIENT_DIRECTED_NOT_PARALLEL,0.2646016346853471,15.160556919732803,AMBIENT_LINE_NOT_PARALLEL,False,False,
VB-W02-E22-LOG-M150-GHALF,VB-W02-E22,0.02,NARROW,2.2,0.51,0.49,0.15132507602591755,Logarithmic,LOG-M150,1.5,0.3730887048727122,GHALF,0.5463024898437905,1.0,10.42477796076938,1.0,0.029709803510929233,0.0,0.0,3.039622118871914,9.42477796076938,"[1.0, 0.0, 0.0]","[-0.022545300889707742, 8.283009171118367e-18, 0.10973383692382649]","[0.0, -0.685121196323524, -0.7284290949352745]","[-0.040674006474639694, 0.48333090719653743, 0.8744923437891684]",-0.968145915872797,0.25038667212697935,2.8885130245902753,165.49960537759094,1.9840090301572708,AMBIENT_DIRECTED_NOT_PARALLEL,0.253079628999518,14.50039462240906,AMBIENT_LINE_NOT_PARALLEL,False,False,
VB-W02-E22-LOG-M200-G30,VB-W02-E22,0.02,NARROW,2.2,0.51,0.49,0.15132507602591755,Logarithmic,LOG-M200,2.0,0.4974516064969496,G30,0.5773502691896257,1.0,10.42477796076938,1.0,0.009201664039153823,0.0,0.0,3.1097174542045405,9.42477796076938,"[1.0, 0.0, 0.0]","[-0.020248905866594724, 7.439327326728388e-18, 0.034355646529220775]","[0.0, -0.5831049584338893, -0.8123968288033946]","[-0.009345843971717487, 0.7642739662671917, 0.644823975738086]",-0.969504892358353,0.24507195615414415,2.893998742266782,165.8139138480551,1.984693876827534,AMBIENT_DIRECTED_NOT_PARALLEL,0.24759391132301092,14.18608615194489,AMBIENT_LINE_NOT_PARALLEL,False,False,
VB-W02-E22-LOG-M200-GHALF,VB-W02-E22,0.02,NARROW,2.2,0.51,0.49,0.15132507602591755,Logarithmic,LOG-M200,2.0,0.4974516064969496,GHALF,0.5463024898437905,1.0,10.42477796076938,1.0,0.009201664039153823,0.0,0.0,3.110008025832131,9.42477796076938,"[1.0, 0.0, 0.0]","[-0.020244388916445866, 7.437667826165875e-18, 0.034042567983689945]","[0.0, -0.5764253470466775, -0.8171498144661831]","[-0.0092122768408577, 0.7671013297550836, 0.6414598068806728]",-0.9663454124040973,0.25724802025585225,2.8814193568580233,165.09316815526478,1.983101314811776,AMBIENT_DIRECTED_NOT_PARALLEL,0.2601732967317697,14.906831844735219,AMBIENT_LINE_NOT_PARALLEL,False,False,
VB-W02-E22-GOLDEN-MEAN-G30,VB-W02-E22,0.02,NARROW,2.2,0.51,0.49,0.15132507602591755,Golden Mean logarithmic,GOLDEN-MEAN,,0.30634896253003313,G30,0.5773502691896257,1.0,10.42477796076938,1.0,0.05572809000084122,0.0,0.0,2.94861146044251,9.42477796076938,"[1.0, 0.0, 0.0]","[-0.029095944811495356, 1.0689676704469748e-17, 0.20674487215826684]","[0.0, -0.7589352463918926, -0.6511661015317654]","[-0.08026706843203532, 0.42065490438699704, 0.9036629068078944]",-0.9076844856318632,0.41965327896159704,2.708529351361931,155.18730052034508,1.953296949074494,AMBIENT_DIRECTED_NOT_PARALLEL,0.4330633022278623,24.81269947965493,AMBIENT_LINE_NOT_PARALLEL,False,False,
VB-W02-E22-GOLDEN-MEAN-GHALF,VB-W02-E22,0.02,NARROW,2.2,0.51,0.49,0.15132507602591755,Golden Mean logarithmic,GOLDEN-MEAN,,0.30634896253003313,GHALF,0.5463024898437905,1.0,10.42477796076938,1.0,0.05572809000084122,0.0,0.0,2.9503639487250326,9.42477796076938,"[1.0, 0.0, 0.0]","[-0.028931993391010213, 1.062944192977591e-17, 0.20489044244059842]","[0.0, -0.7533154031042438, -0.6576594129531566]","[-0.0794815918383464, 0.4217398292455491, 0.9032265457717557]",-0.9117185493291863,0.4108153926145957,2.71824442456467,155.74393321252268,1.9553611172001895,AMBIENT_DIRECTED_NOT_PARALLEL,0.4233482290251232,24.256066787477337,AMBIENT_LINE_NOT_PARALLEL,False,False,
VB-W05-E14-RECIPROCAL-G30,VB-W05-E14,0.05,NARROW,1.4,0.525,0.475,0.057415631872077696,Reciprocal,RECIPROCAL,,,G30,0.5773502691896257,1.0,10.42477796076938,1.0,0.09592530447777489,0.0,0.0,2.8096367683208663,9.42477796076938,"[1.0, 0.0, 0.0]","[-0.07593179687982726, 2.789688960071623e-17, 0.21671868386224044]","[0.0, -0.5009389664919515, -0.8654826121014654]","[-0.06252958720226391, 0.9651925540378984, 0.2539554771098925]",-0.7032966101720155,0.7108965312340132,2.350820508606485,134.69209353594923,1.845695863446638,AMBIENT_DIRECTED_NOT_PARALLEL,0.7907721449833084,45.3079064640508,AMBIENT_LINE_NOT_PARALLEL,False,False,
VB-W05-E14-RECIPROCAL-GHALF,VB-W05-E14,0.05,NARROW,1.4,0.525,0.475,0.057415631872077696,Reciprocal,RECIPROCAL,,,GHALF,0.5463024898437905,1.0,10.42477796076938,1.0,0.09592530447777489,0.0,0.0,2.8126280631813176,9.42477796076938,"[1.0, 0.0, 0.0]","[-0.07547075703291689, 2.7727506308876777e-17, 0.21483710351376592]","[0.0, -0.4944411466439631, -0.8692111092855421]","[-0.06182616684931899, 0.9653423972553296, 0.2535578457749897]",-0.6977002981970888,0.7163897639523429,2.3429786575144127,134.24278856480342,1.8426612809722187,AMBIENT_DIRECTED_NOT_PARALLEL,0.7986139960753806,45.7572114351966,AMBIENT_LINE_NOT_PARALLEL,False,False,
VB-W05-E14-LOG-M050-G30,VB-W05-E14,0.05,NARROW,1.4,0.525,0.475,0.057415631872077696,Logarithmic,LOG-M050,0.5,0.1243629016242374,G30,0.5773502691896257,1.0,10.42477796076938,1.0,0.30971810485952367,0.0,0.0,2.0799184771396644,9.42477796076938,"[1.0, 0.0, 0.0]","[-0.293479812802116, 1.0782273400874272e-16, 0.5806598571650352]","[0.0, -0.9776863585859289, -0.2100699508139757]","[-0.17799986279967742, 0.9741487783919403, 0.1391050193227629]",-0.9816337564340575,0.19077517718288695,2.949640886913544,169.001973899371,1.9907956984251587,AMBIENT_DIRECTED_NOT_PARALLEL,0.1919517666762494,10.998026100629009,AMBIENT_LINE_NOT_PARALLEL,False,False,
VB-W05-E14-LOG-M050-GHALF,VB-W05-E14,0.05,NARROW,1.4,0.525,0.475,0.057415631872077696,Logarithmic,LOG-M050,0.5,0.1243629016242374,GHALF,0.5463024898437905,1.0,10.42477796076938,1.0,0.30971810485952367,0.0,0.0,2.08845349218488,9.42477796076938,"[1.0, 0.0, 0.0]","[-0.2899483308616202, 1.0652528859234027e-16, 0.5778723017735949]","[0.0, -0.9769253302305911, -0.21358113014461366]","[-0.17816332090100281, 0.973695495749293, 0.14203841960210908]",-0.9815645199114907,0.19113108917945576,2.9492783030655874,168.98119937516347,1.9907609198050331,AMBIENT_DIRECTED_NOT_PARALLEL,0.19231435052420603,11.018800624836537,AMBIENT_LINE_NOT_PARALLEL,False,False,
VB-W05-E14-LOG-M075-G30,VB-W05-E14,0.05,NARROW,1.4,0.525,0.475,0.057415631872077696,Logarithmic,LOG-M075,0.75,0.1865443524363561,G30,0.5773502691896257,1.0,10.42477796076938,1.0,0.17236531991943516,0.0,0.0,2.5464610914148955,9.42477796076938,"[1.0, 0.0, 0.0]","[-0.1316644937870673, 4.8372750263306555e-17, 0.37281077227239984]","[0.0, -0.9517875944656679, -0.3067578442701297]","[-0.19852364464235242, 0.8899746894321778, 0.41052821424113545]",-0.9729996188026592,0.230806719594296,2.9086859463816106,166.65542865668195,1.9864539354350301,AMBIENT_DIRECTED_NOT_PARALLEL,0.2329067072081827,13.344571343318059,AMBIENT_LINE_NOT_PARALLEL,False,False,
VB-W05-E14-LOG-M075-GHALF,VB-W05-E14,0.05,NARROW,1.4,0.525,0.475,0.057415631872077696,Logarithmic,LOG-M075,0.75,0.1865443524363561,GHALF,0.5463024898437905,1.0,10.42477796076938,1.0,0.17236531991943516,0.0,0.0,2.5516847093392996,9.42477796076938,"[1.0, 0.0, 0.0]","[-0.1302788513901325, 4.7863673505455844e-17, 0.3699292109128576]","[0.0, -0.9502098697944232, -0.31161065987104053]","[-0.1973136247992974, 0.8892608763132264, 0.4126529138721728]",-0.9735715082842809,0.2283823948054455,2.9111768119879646,166.79814474326034,1.9867418092365605,AMBIENT_DIRECTED_NOT_PARALLEL,0.2304158416018287,13.201855256739679,AMBIENT_LINE_NOT_PARALLEL,False,False,
VB-W05-E14-LOG-M100-G30,VB-W05-E14,0.05,NARROW,1.4,0.525,0.475,0.057415631872077696,Logarithmic,LOG-M100,1.0,0.2487258032484748,G30,0.5773502691896257,1.0,10.42477796076938,1.0,0.0959253044777749,0.0,0.0,2.8096367683208663,9.42477796076938,"[1.0, 0.0, 0.0]","[-0.07593179687982726, 2.789688960071623e-17, 0.21671868386224044]","[0.0, -0.9187596150322572, -0.39481738789696]","[-0.13744657493129356, 0.8182286226135583, 0.55822070919626]",-0.9721506565956628,0.23435678117055148,2.905035783533531,166.44628973095155,1.986026513718114,AMBIENT_DIRECTED_NOT_PARALLEL,0.2365568700562619,13.553710269048446,AMBIENT_LINE_NOT_PARALLEL,False,False,
VB-W05-E14-LOG-M100-GHALF,VB-W05-E14,0.05,NARROW,1.4,0.525,0.475,0.057415631872077696,Logarithmic,LOG-M100,1.0,0.2487258032484748,GHALF,0.5463024898437905,1.0,10.42477796076938,1.0,0.0959253044777749,0.0,0.0,2.8126280631813176,9.42477796076938,"[1.0, 0.0, 0.0]","[-0.07547075703291689, 2.7727506308876777e-17, 0.21483710351376592]","[0.0, -0.9162408573303581, -0.4006278714200132]","[-0.13598130280502738, 0.8188429250806067, 0.5576785358366264]",-0.9736789084436105,0.22792407343687834,2.911647548937015,166.82511598370178,1.9867958669393344,AMBIENT_DIRECTED_NOT_PARALLEL,0.22994510465277831,13.174884016298227,AMBIENT_LINE_NOT_PARALLEL,False,False,
VB-W05-E14-LOG-M125-G30,VB-W05-E14,0.05,NARROW,1.4,0.525,0.475,0.057415631872077696,Logarithmic,LOG-M125,1.25,0.3109072540605935,G30,0.5773502691896257,1.0,10.42477796076938,1.0,0.053384660228952954,0.0,0.0,2.956721292039026,9.42477796076938,"[1.0, 0.0, 0.0]","[-0.058094045080236134, 2.1343405907109965e-17, 0.12224035892661726]","[0.0, -0.8809489456190953, -0.473211321940425]","[-0.0723176167612348, 0.8376518531959074, 0.5413959134897834]",-0.9941231927844603,0.10825468843440983,3.033125401414866,173.78528423499546,1.9970594346611021,AMBIENT_DIRECTED_NOT_PARALLEL,0.10846725217492735,6.214715765004536,AMBIENT_LINE_NOT_PARALLEL,False,False,
VB-W05-E14-LOG-M125-GHALF,VB-W05-E14,0.05,NARROW,1.4,0.525,0.475,0.057415631872077696,Logarithmic,LOG-M125,1.25,0.3109072540605935,GHALF,0.5463024898437905,1.0,10.42477796076938,1.0,0.053384660228952954,0.0,0.0,2.9584006776816585,9.42477796076938,"[1.0, 0.0, 0.0]","[-0.05794806877649672, 2.1289775083172216e-17, 0.1211424258432034]","[0.0, -0.8774857670204602, -0.4796026779288398]","[-0.07133597230869011, 0.839243849264859, 0.5390556005885445]",-0.9949570423841834,0.10030196314189611,3.041121743418675,174.24344088335693,1.9974769297211836,AMBIENT_DIRECTED_NOT_PARALLEL,0.10047091017111817,5.7565591166430865,AMBIENT_LINE_NOT_PARALLEL,False,False,
VB-W05-E14-LOG-M150-G30,VB-W05-E14,0.05,NARROW,1.4,0.525,0.475,0.057415631872077696,Logarithmic,LOG-M150,1.5,0.3730887048727122,G30,0.5773502691896257,1.0,10.42477796076938,1.0,0.029709803510929233,0.0,0.0,3.0386849671123177,9.42477796076938,"[1.0, 0.0, 0.0]","[-0.052512904273770644, 1.9292928039841372e-17, 0.06831289021479177]","[0.0, -0.8405141483066122, -0.5417895961500281]","[-0.03209492090388732, 0.8998144864547907, 0.4350905722010932]",-0.9920343521180148,0.1259676316272982,3.015289481333231,172.76336129058518,1.9960132024202721,AMBIENT_DIRECTED_NOT_PARALLEL,0.1263031722565619,7.2366387094148275,AMBIENT_LINE_NOT_PARALLEL,False,False,
VB-W05-E14-LOG-M150-GHALF,VB-W05-E14,0.05,NARROW,1.4,0.525,0.475,0.057415631872077696,Logarithmic,LOG-M150,1.5,0.3730887048727122,GHALF,0.5463024898437905,1.0,10.42477796076938,1.0,0.029709803510929233,0.0,0.0,3.039622118871914,9.42477796076938,"[1.0, 0.0, 0.0]","[-0.05246738351553304, 1.927620398458024e-17, 0.06769295134911373]","[0.0, -0.8361907412967079, -0.5484387332871944]","[-0.031591044287629426, 0.9012129798886708, 0.43222351949078325]",-0.9906340692457808,0.1365435492784109,3.0046212150396645,172.15211465724212,1.9953115392067378,AMBIENT_DIRECTED_NOT_PARALLEL,0.13697143855012855,7.84788534275787,AMBIENT_LINE_NOT_PARALLEL,False,False,
VB-W05-E14-LOG-M200-G30,VB-W05-E14,0.05,NARROW,1.4,0.525,0.475,0.057415631872077696,Logarithmic,LOG-M200,2.0,0.4974516064969496,G30,0.5773502691896257,1.0,10.42477796076938,1.0,0.009201664039153823,0.0,0.0,3.1097174542045405,9.42477796076938,"[1.0, 0.0, 0.0]","[-0.05024128629925001, 1.8458349135426687e-17, 0.021193418313480344]","[0.0, -0.7583885815088396, -0.6518026997773256]","[-0.0046757620869621345, 0.9786887679688584, 0.20529596367319156]",-0.8760388498541104,0.48224053494733093,2.6383821613976175,151.16816259068747,1.9370280585753583,AMBIENT_DIRECTED_NOT_PARALLEL,0.503210492192176,28.83183740931255,AMBIENT_LINE_NOT_PARALLEL,False,False,
VB-W05-E14-LOG-M200-GHALF,VB-W05-E14,0.05,NARROW,1.4,0.525,0.475,0.057415631872077696,Logarithmic,LOG-M200,2.0,0.4974516064969496,GHALF,0.5463024898437905,1.0,10.42477796076938,1.0,0.009201664039153823,0.0,0.0,3.110008025832131,9.42477796076938,"[1.0, 0.0, 0.0]","[-0.0502369076230853, 1.8456740435901804e-17, 0.021000285444484054]","[0.0, -0.752761922493242, -0.6582928588738285]","[-0.004593066295183847, 0.9790596797486559, 0.2035216136739954]",-0.8709756716712854,0.4913261435714092,2.6279809579715283,150.57221753251554,1.9344124026025504,AMBIENT_DIRECTED_NOT_PARALLEL,0.5136116956182649,29.427782467484455,AMBIENT_LINE_NOT_PARALLEL,False,False,
VB-W05-E14-GOLDEN-MEAN-G30,VB-W05-E14,0.05,NARROW,1.4,0.525,0.475,0.057415631872077696,Golden Mean logarithmic,GOLDEN-MEAN,,0.30634896253003313,G30,0.5773502691896257,1.0,10.42477796076938,1.0,0.05572809000084122,0.0,0.0,2.94861146044251,9.42477796076938,"[1.0, 0.0, 0.0]","[-0.05881749752134757, 2.1609198022012703e-17, 0.12753742113659317]","[0.0, -0.8838340815820092, -0.4678005090143515]","[-0.07630210261876026, 0.8338762597277573, 0.5466519666098367]",-0.9927323264033012,0.12034337586211151,3.020956888764055,173.08807981715248,1.9963628559975268,AMBIENT_DIRECTED_NOT_PARALLEL,0.1206357648257379,6.91192018284753,AMBIENT_LINE_NOT_PARALLEL,False,False,
VB-W05-E14-GOLDEN-MEAN-GHALF,VB-W05-E14,0.05,NARROW,1.4,0.525,0.475,0.057415631872077696,Golden Mean logarithmic,GOLDEN-MEAN,,0.30634896253003313,GHALF,0.5463024898437905,1.0,10.42477796076938,1.0,0.05572809000084122,0.0,0.0,2.9503639487250326,9.42477796076938,"[1.0, 0.0, 0.0]","[-0.058658565021897646, 2.1550807168993153e-17, 0.1263934547523172]","[0.0, -0.8804381089779859, -0.47416108682521396]","[-0.07528046136448502, 0.8354411852845303, 0.5443995573722756]",-0.9936873431250428,0.11218495493199569,3.029171039261002,173.5587159729128,1.9968411770218697,AMBIENT_DIRECTED_NOT_PARALLEL,0.1124216143287913,6.441284027087203,AMBIENT_LINE_NOT_PARALLEL,False,False,
VB-W05-E16-RECIPROCAL-G30,VB-W05-E16,0.05,NARROW,1.6,0.525,0.475,0.021835643794133015,Reciprocal,RECIPROCAL,,,G30,0.5773502691896257,1.0,10.42477796076938,1.0,0.09592530447777489,0.0,0.0,2.8096367683208663,9.42477796076938,"[1.0, 0.0, 0.0]","[-0.07593179687982726, 2.789688960071623e-17, 0.24767849584256052]","[0.0, -0.451809278425312, -0.8921145531425878]","[-0.06192132235821433, 0.9558035155902175, 0.28741153321116236]",-0.6882449082138947,0.7254784258113043,2.329863374835605,133.4913382201867,1.8375227390233269,AMBIENT_DIRECTED_NOT_PARALLEL,0.8117292787541885,46.50866177981332,AMBIENT_LINE_NOT_PARALLEL,False,False,
VB-W05-E16-RECIPROCAL-GHALF,VB-W05-E16,0.05,NARROW,1.6,0.525,0.475,0.021835643794133015,Reciprocal,RECIPROCAL,,,GHALF,0.5463024898437905,1.0,10.42477796076938,1.0,0.09592530447777489,0.0,0.0,2.8126280631813176,9.42477796076938,"[1.0, 0.0, 0.0]","[-0.07547075703291689, 2.7727506308876777e-17, 0.2455281183014468]","[0.0, -0.44559004031255256, -0.895237128348829]","[-0.06122659921573462, 0.9559808585053752, 0.28697021050938665]",-0.682881936457521,0.7305287543006274,2.3224967250324027,133.06926027731234,1.8346018295300597,AMBIENT_DIRECTED_NOT_PARALLEL,0.8190959285573904,46.930739722687676,AMBIENT_LINE_NOT_PARALLEL,False,False,
VB-W05-E16-LOG-M050-G30,VB-W05-E16,0.05,NARROW,1.6,0.525,0.475,0.021835643794133015,Logarithmic,LOG-M050,0.5,0.1243629016242374,G30,0.5773502691896257,1.0,10.42477796076938,1.0,0.30971810485952367,0.0,0.0,2.0799184771396644,9.42477796076938,"[1.0, 0.0, 0.0]","[-0.293479812802116, 1.0782273400874272e-16, 0.663611265331469]","[0.0, -0.9711487418434355, -0.23847457142410888]","[-0.17747499944340742, 0.9712763323726502, 0.15850839329605063]",-0.9810540093244056,0.19373443366760915,2.9466253749264655,168.8291977894403,1.9905044633581737,AMBIENT_DIRECTED_NOT_PARALLEL,0.19496727866332764,11.1708022105597,AMBIENT_LINE_NOT_PARALLEL,False,False,
VB-W05-E16-LOG-M050-GHALF,VB-W05-E16,0.05,NARROW,1.6,0.525,0.475,0.021835643794133015,Logarithmic,LOG-M050,0.5,0.1243629016242374,GHALF,0.5463024898437905,1.0,10.42477796076938,1.0,0.30971810485952367,0.0,0.0,2.08845349218488,9.42477796076938,"[1.0, 0.0, 0.0]","[-0.2899483308616202, 1.0652528859234027e-16, 0.6604254877412514]","[0.0, -0.9701748808111056, -0.24240606560718966]","[-0.17761568845964684, 0.970702583185821, 0.16183065905254096]",-0.9809799963008813,0.1941088531147486,2.946243710346218,168.80733001980246,1.9904672799626129,AMBIENT_DIRECTED_NOT_PARALLEL,0.19534894324357538,11.192669980197527,AMBIENT_LINE_NOT_PARALLEL,False,False,
VB-W05-E16-LOG-M075-G30,VB-W05-E16,0.05,NARROW,1.6,0.525,0.475,0.021835643794133015,Logarithmic,LOG-M075,0.75,0.1865443524363561,G30,0.5773502691896257,1.0,10.42477796076938,1.0,0.17236531991943516,0.0,0.0,2.5464610914148955,9.42477796076938,"[1.0, 0.0, 0.0]","[-0.1316644937870673, 4.8372750263306555e-17, 0.42606945402559987]","[0.0, -0.9383681220951563, -0.3456374797900391]","[-0.19359254603409864, 0.867868743511498, 0.4575213330062424]",-0.9725168835644243,0.23283236712738223,2.9066035720623593,166.53611739682242,1.9862109070108462,AMBIENT_DIRECTED_NOT_PARALLEL,0.23498908152743406,13.463882603177588,AMBIENT_LINE_NOT_PARALLEL,False,False,
VB-W05-E16-LOG-M075-GHALF,VB-W05-E16,0.05,NARROW,1.6,0.525,0.475,0.021835643794133015,Logarithmic,LOG-M075,0.75,0.1865443524363561,GHALF,0.5463024898437905,1.0,10.42477796076938,1.0,0.17236531991943516,0.0,0.0,2.5516847093392996,9.42477796076938,"[1.0, 0.0, 0.0]","[-0.1302788513901325, 4.7863673505455844e-17, 0.42277624104326583]","[0.0, -0.9363946820787463, -0.3509487133109957]","[-0.19236361749907063, 0.8669519869294651, 0.4597722164525864]",-0.9731656979585338,0.2301054634659506,2.909406600574712,166.69671910043508,1.9865375395187141,AMBIENT_DIRECTED_NOT_PARALLEL,0.2321860530150815,13.303280899564953,AMBIENT_LINE_NOT_PARALLEL,False,False,
VB-W05-E16-LOG-M100-G30,VB-W05-E16,0.05,NARROW,1.6,0.525,0.475,0.021835643794133015,Logarithmic,LOG-M100,1.0,0.2487258032484748,G30,0.5773502691896257,1.0,10.42477796076938,1.0,0.0959253044777749,0.0,0.0,2.8096367683208663,9.42477796076938,"[1.0, 0.0, 0.0]","[-0.07593179687982726, 2.789688960071623e-17, 0.24767849584256052]","[0.0, -0.8975932324976726, -0.4408246691989675]","[-0.1313255875154163, 0.7817899765081041, 0.6095555944253064]",-0.9704365354191046,0.24135643915952468,2.8978292831256507,166.0333876725207,1.9851632353129576,AMBIENT_DIRECTED_NOT_PARALLEL,0.24376337046414248,13.96661232747931,AMBIENT_LINE_NOT_PARALLEL,False,False,
VB-W05-E16-LOG-M100-GHALF,VB-W05-E16,0.05,NARROW,1.6,0.525,0.475,0.021835643794133015,Logarithmic,LOG-M100,1.0,0.2487258032484748,GHALF,0.5463024898437905,1.0,10.42477796076938,1.0,0.0959253044777749,0.0,0.0,2.8126280631813176,9.42477796076938,"[1.0, 0.0, 0.0]","[-0.07547075703291689, 2.7727506308876777e-17, 0.2455281183014468]","[0.0, -0.8945287050937498, -0.4470105096787984]","[-0.12993655441969287, 0.782443071960207, 0.609015049869059]",-0.9721539158141665,0.23434326098094266,2.905049691014695,166.44708657092588,1.9860281547924572,AMBIENT_DIRECTED_NOT_PARALLEL,0.23654296257509827,13.552913429074113,AMBIENT_LINE_NOT_PARALLEL,False,False,
VB-W05-E16-LOG-M125-G30,VB-W05-E16,0.05,NARROW,1.6,0.525,0.475,0.021835643794133015,Logarithmic,LOG-M125,1.25,0.3109072540605935,G30,0.5773502691896257,1.0,10.42477796076938,1.0,0.053384660228952954,0.0,0.0,2.956721292039026,9.42477796076938,"[1.0, 0.0, 0.0]","[-0.058094045080236134, 2.1343405907109965e-17, 0.13970326734470545]","[0.0, -0.8522232549229026, -0.523178290612878]","[-0.06927637720805674, 0.8024253058921825, 0.592717818210963]",-0.9939426009673481,0.10990043667912894,3.0314697742480377,173.690423785889,1.996969003749106,AMBIENT_DIRECTED_NOT_PARALLEL,0.11012287934175574,6.309576214111005,AMBIENT_LINE_NOT_PARALLEL,False,False,
VB-W05-E16-LOG-M125-GHALF,VB-W05-E16,0.05,NARROW,1.6,0.525,0.475,0.021835643794133015,Logarithmic,LOG-M125,1.25,0.3109072540605935,GHALF,0.5463024898437905,1.0,10.42477796076938,1.0,0.053384660228952954,0.0,0.0,2.9584006776816585,9.42477796076938,"[1.0, 0.0, 0.0]","[-0.05794806877649672, 2.1289775083172216e-17, 0.13844848667794676]","[0.0, -0.8481334883024053, -0.5297825837265638]","[-0.06836029805123743, 0.8042360371167834, 0.5903653667459143]",-0.9948648049156912,0.10121274593678345,3.0402063019357928,174.19098994999658,1.9974307521992802,AMBIENT_DIRECTED_NOT_PARALLEL,0.10138635165400038,5.809010050003435,AMBIENT_LINE_NOT_PARALLEL,False,False,
VB-W05-E16-LOG-M150-G30,VB-W05-E16,0.05,NARROW,1.6,0.525,0.475,0.021835643794133015,Logarithmic,LOG-M150,1.5,0.3730887048727122,G30,0.5773502691896257,1.0,10.42477796076938,1.0,0.029709803510929233,0.0,0.0,3.0386849671123177,9.42477796076938,"[1.0, 0.0, 0.0]","[-0.052512904273770644, 1.9292928039841372e-17, 0.07807187453119059]","[0.0, -0.8051190084515877, -0.593113296284894]","[-0.031203528621601747, 0.8748233767674817, 0.4834360343030934]",-0.9910692695217094,0.13334805214065024,3.0078462127531513,172.33689341516427,1.99552963872838,AMBIENT_DIRECTED_NOT_PARALLEL,0.13374644083664208,7.663106584835754,AMBIENT_LINE_NOT_PARALLEL,False,False,
VB-W05-E16-LOG-M150-GHALF,VB-W05-E16,0.05,NARROW,1.6,0.525,0.475,0.021835643794133015,Logarithmic,LOG-M150,1.5,0.3730887048727122,GHALF,0.5463024898437905,1.0,10.42477796076938,1.0,0.029709803510929233,0.0,0.0,3.039622118871914,9.42477796076938,"[1.0, 0.0, 0.0]","[-0.05246738351553304, 1.927620398458024e-17, 0.0773633729704157]","[0.0, -0.8001634568016823, -0.5997819957277664]","[-0.030724701972384385, 0.8764984141903357, 0.48042327442634897]",-0.9894912313092357,0.14459288766095246,2.9964911294910945,171.68629506822876,1.9947386953228916,AMBIENT_DIRECTED_NOT_PARALLEL,0.14510152409869861,8.313704931771237,AMBIENT_LINE_NOT_PARALLEL,False,False,
VB-W05-E16-LOG-M200-G30,VB-W05-E16,0.05,NARROW,1.6,0.525,0.475,0.021835643794133015,Logarithmic,LOG-M200,2.0,0.4974516064969496,G30,0.5773502691896257,1.0,10.42477796076938,1.0,0.009201664039153823,0.0,0.0,3.1097174542045405,9.42477796076938,"[1.0, 0.0, 0.0]","[-0.05024128629925001, 1.8458349135426687e-17, 0.024221049501120397]","[0.0, -0.7134145621466618, -0.7007422225876551]","[-0.004645887588831433, 0.9724357047835541, 0.23312489311659598]",-0.8571102482869729,0.5151330141637632,2.6004298224814297,148.9936537481398,1.927231303340091,AMBIENT_DIRECTED_NOT_PARALLEL,0.5411628311083634,31.006346251860197,AMBIENT_LINE_NOT_PARALLEL,False,False,
VB-W05-E16-LOG-M200-GHALF,VB-W05-E16,0.05,NARROW,1.6,0.525,0.475,0.021835643794133015,Logarithmic,LOG-M200,2.0,0.4974516064969496,GHALF,0.5463024898437905,1.0,10.42477796076938,1.0,0.009201664039153823,0.0,0.0,3.110008025832131,9.42477796076938,"[1.0, 0.0, 0.0]","[-0.0502369076230853, 1.8456740435901804e-17, 0.024000326222267495]","[0.0, -0.7073074672828923, -0.7069060381167077]","[-0.004564220489681347, 0.9729108973705345, 0.23113535789442236]",-0.8515381228289123,0.5242926905546295,2.5897083787906583,148.37936027437144,1.92433787201152,AMBIENT_DIRECTED_NOT_PARALLEL,0.5518842747991352,31.620639725628582,AMBIENT_LINE_NOT_PARALLEL,False,False,
VB-W05-E16-GOLDEN-MEAN-G30,VB-W05-E16,0.05,NARROW,1.6,0.525,0.475,0.021835643794133015,Golden Mean logarithmic,GOLDEN-MEAN,,0.30634896253003313,G30,0.5773502691896257,1.0,10.42477796076938,1.0,0.05572809000084122,0.0,0.0,2.94861146044251,9.42477796076938,"[1.0, 0.0, 0.0]","[-0.05881749752134757, 2.1609198022012703e-17, 0.14575705272753506]","[0.0, -0.8556385896920202, -0.5175737665587877]","[-0.07303465767004581, 0.798167613711619, 0.5979919725221392]",-0.9924479689242578,0.1226663318849784,3.018616592552068,172.95399072139514,1.9962204131429262,AMBIENT_DIRECTED_NOT_PARALLEL,0.12297606103772532,7.046009278604863,AMBIENT_LINE_NOT_PARALLEL,False,False,
VB-W05-E16-GOLDEN-MEAN-GHALF,VB-W05-E16,0.05,NARROW,1.6,0.525,0.475,0.021835643794133015,Golden Mean logarithmic,GOLDEN-MEAN,,0.30634896253003313,GHALF,0.5463024898437905,1.0,10.42477796076938,1.0,0.05572809000084122,0.0,0.0,2.9503639487250326,9.42477796076938,"[1.0, 0.0, 0.0]","[-0.058658565021897646, 2.1550807168993153e-17, 0.14444966257407682]","[0.0, -0.8516193203438925, -0.5241607894692303]","[-0.07208161079896372, 0.7999412499816897, 0.5957333614649752]",-0.9935054926830902,0.11378416413776907,3.027561523735662,173.46649752625004,1.9967501058886115,AMBIENT_DIRECTED_NOT_PARALLEL,0.1140311298541312,6.5335024737499605,AMBIENT_LINE_NOT_PARALLEL,False,False,
VB-W05-E18-RECIPROCAL-G30,VB-W05-E18,0.05,NARROW,1.8,0.525,0.475,0.04105995579825946,Reciprocal,RECIPROCAL,,,G30,0.5773502691896257,1.0,10.42477796076938,1.0,0.09592530447777489,0.0,0.0,2.8096367683208663,9.42477796076938,"[1.0, 0.0, 0.0]","[-0.07593179687982726, 2.789688960071623e-17, 0.27863830782288057]","[0.0, -0.4104978680505435, -0.9118615576533308]","[-0.06125296080565068, 0.9454868379532301, 0.3198479545811472]",-0.6797773853262474,0.7334185069924339,2.31825538853157,132.82624959631985,1.8329088276977923,AMBIENT_DIRECTED_NOT_PARALLEL,0.823337265058223,47.17375040368017,AMBIENT_LINE_NOT_PARALLEL,False,False,
VB-W05-E18-RECIPROCAL-GHALF,VB-W05-E18,0.05,NARROW,1.8,0.525,0.475,0.04105995579825946,Reciprocal,RECIPROCAL,,,GHALF,0.5463024898437905,1.0,10.42477796076938,1.0,0.09592530447777489,0.0,0.0,2.8126280631813176,9.42477796076938,"[1.0, 0.0, 0.0]","[-0.07547075703291689, 2.7727506308876777e-17, 0.27621913308912766]","[0.0, -0.40459979423418696, -0.9144938526341518]","[-0.06056773165697467, 0.9456934216309978, 0.3193673467431897]",-0.6746868391292524,0.7381041045176342,2.3113366693074333,132.42983618514077,1.8301294157131363,AMBIENT_DIRECTED_NOT_PARALLEL,0.8302559842823599,47.570163814859235,AMBIENT_LINE_NOT_PARALLEL,False,False,
VB-W05-E18-LOG-M050-G30,VB-W05-E18,0.05,NARROW,1.8,0.525,0.475,0.04105995579825946,Logarithmic,LOG-M050,0.5,0.1243629016242374,G30,0.5773502691896257,1.0,10.42477796076938,1.0,0.30971810485952367,0.0,0.0,2.0799184771396644,9.42477796076938,"[1.0, 0.0, 0.0]","[-0.293479812802116, 1.0782273400874272e-16, 0.7465626734979025]","[0.0, -0.9638956659766265, -0.26628020037448447]","[-0.17688573058973103, 0.9680514111568439, 0.1777298615061079]",-0.980426502791015,0.19688543019985,2.943412501994769,168.64511373034225,1.9901891883893925,AMBIENT_DIRECTED_NOT_PARALLEL,0.19818015159502436,11.354886269657746,AMBIENT_LINE_NOT_PARALLEL,False,False,
VB-W05-E18-LOG-M050-GHALF,VB-W05-E18,0.05,NARROW,1.8,0.525,0.475,0.04105995579825946,Logarithmic,LOG-M050,0.5,0.1243629016242374,GHALF,0.5463024898437905,1.0,10.42477796076938,1.0,0.30971810485952367,0.0,0.0,2.08845349218488,9.42477796076938,"[1.0, 0.0, 0.0]","[-0.2899483308616202, 1.0652528859234027e-16, 0.7429786737089078]","[0.0, -0.9626909803409058, -0.2706031713972799]","[-0.17700110170309857, 0.9673437529082314, 0.18142952820670627]",-0.9803485115317232,0.19727340402987634,2.9430167668164553,168.62243977482004,1.9901500001415589,AMBIENT_DIRECTED_NOT_PARALLEL,0.19857588677333812,11.377560225179982,AMBIENT_LINE_NOT_PARALLEL,False,False,
VB-W05-E18-LOG-M075-G30,VB-W05-E18,0.05,NARROW,1.8,0.525,0.475,0.04105995579825946,Logarithmic,LOG-M075,0.75,0.1865443524363561,G30,0.5773502691896257,1.0,10.42477796076938,1.0,0.17236531991943516,0.0,0.0,2.5464610914148955,9.42477796076938,"[1.0, 0.0, 0.0]","[-0.1316644937870673, 4.8372750263306555e-17, 0.47932813577879985]","[0.0, -0.9238247494236018, -0.38281566367172004]","[-0.18842498824887516, 0.8447027592111777, 0.5009723269647082]",-0.9721373686938519,0.23441189472591595,2.904979090744569,166.4430414734152,1.9860198230097563,AMBIENT_DIRECTED_NOT_PARALLEL,0.23661356284522406,13.556958526584806,AMBIENT_LINE_NOT_PARALLEL,False,False,
VB-W05-E18-LOG-M075-GHALF,VB-W05-E18,0.05,NARROW,1.8,0.525,0.475,0.04105995579825946,Logarithmic,LOG-M075,0.75,0.1865443524363561,GHALF,0.5463024898437905,1.0,10.42477796076938,1.0,0.17236531991943516,0.0,0.0,2.5516847093392996,9.42477796076938,"[1.0, 0.0, 0.0]","[-0.1302788513901325, 4.7863673505455844e-17, 0.47562327117367403]","[0.0, -0.9214431550840512, -0.38851320691676516]","[-0.18718024471868744, 0.8435913567366427, 0.5033062475533984]",-0.9728626056512615,0.23138355716307513,2.9080930600563275,166.6214587725122,1.9863849605004873,AMBIENT_DIRECTED_NOT_PARALLEL,0.23349959353346592,13.378541227487807,AMBIENT_LINE_NOT_PARALLEL,False,False,
VB-W05-E18-LOG-M100-G30,VB-W05-E18,0.05,NARROW,1.8,0.525,0.475,0.04105995579825946,Logarithmic,LOG-M100,1.0,0.2487258032484748,G30,0.5773502691896257,1.0,10.42477796076938,1.0,0.0959253044777749,0.0,0.0,2.8096367683208663,9.42477796076938,"[1.0, 0.0, 0.0]","[-0.07593179687982726, 2.789688960071623e-17, 0.27863830782288057]","[0.0, -0.8752871947730146, -0.48360348082534166]","[-0.12528836985935787, 0.7458500173668579, 0.6542251722242447]",-0.9692185399536448,0.2462019939198814,2.892832987916339,165.7471210438257,1.9845495911937525,AMBIENT_DIRECTED_NOT_PARALLEL,0.24875966567345426,14.252878956174309,AMBIENT_LINE_NOT_PARALLEL,False,False,
VB-W05-E18-LOG-M100-GHALF,VB-W05-E18,0.05,NARROW,1.8,0.525,0.475,0.04105995579825946,Logarithmic,LOG-M100,1.0,0.2487258032484748,GHALF,0.5463024898437905,1.0,10.42477796076938,1.0,0.0959253044777749,0.0,0.0,2.8126280631813176,9.42477796076938,"[1.0, 0.0, 0.0]","[-0.07547075703291689, 2.7727506308876777e-17, 0.27621913308912766]","[0.0, -0.8716944219496111, -0.4900498288357351]","[-0.12397306414700957, 0.7465325333946565, 0.6536970674168253]",-0.9710923811620713,0.23870397409548658,2.9005616281256907,166.18993950919665,1.9854935815368788,AMBIENT_DIRECTED_NOT_PARALLEL,0.2410310254641025,13.810060490803346,AMBIENT_LINE_NOT_PARALLEL,False,False,
VB-W05-E18-LOG-M125-G30,VB-W05-E18,0.05,NARROW,1.8,0.525,0.475,0.04105995579825946,Logarithmic,LOG-M125,1.25,0.3109072540605935,G30,0.5773502691896257,1.0,10.42477796076938,1.0,0.053384660228952954,0.0,0.0,2.956721292039026,9.42477796076938,"[1.0, 0.0, 0.0]","[-0.058094045080236134, 2.1343405907109965e-17, 0.15716617576279363]","[0.0, -0.8228356308038687, -0.5682794424221235]","[-0.06625397520919538, 0.7674169531721529, 0.637715948328838]",-0.9938588762929992,0.11065502254130735,3.030710557762322,173.64692388552075,1.9969270774332242,AMBIENT_DIRECTED_NOT_PARALLEL,0.11088209582747093,6.353076114479239,AMBIENT_LINE_NOT_PARALLEL,False,False,
VB-W05-E18-LOG-M125-GHALF,VB-W05-E18,0.05,NARROW,1.8,0.525,0.475,0.04105995579825946,Logarithmic,LOG-M125,1.25,0.3109072540605935,GHALF,0.5463024898437905,1.0,10.42477796076938,1.0,0.053384660228952954,0.0,0.0,2.9584006776816585,9.42477796076938,"[1.0, 0.0, 0.0]","[-0.05794806877649672, 2.1289775083172216e-17, 0.15575454751269008]","[0.0, -0.8181827512913696, -0.5749582467356086]","[-0.06539997753544131, 0.7694088566028112, 0.6353997594581843]",-0.99484538683754,0.10140343331497946,3.0400146284162997,174.1800078662852,1.9974210306480404,AMBIENT_DIRECTED_NOT_PARALLEL,0.10157802517349339,5.819992133714803,AMBIENT_LINE_NOT_PARALLEL,False,False,
VB-W05-E18-LOG-M150-G30,VB-W05-E18,0.05,NARROW,1.8,0.525,0.475,0.04105995579825946,Logarithmic,LOG-M150,1.5,0.3730887048727122,G30,0.5773502691896257,1.0,10.42477796076938,1.0,0.029709803510929233,0.0,0.0,3.0386849671123177,9.42477796076938,"[1.0, 0.0, 0.0]","[-0.052512904273770644, 1.9292928039841372e-17, 0.08783085884758941]","[0.0, -0.7699492724962077, -0.638105099323427]","[-0.030277863814925636, 0.8488714012152486, 0.527731555965403]",-0.9903361147439272,0.13868806666005223,3.0024560976025327,172.02806256594428,1.995162206310017,AMBIENT_DIRECTED_NOT_PARALLEL,0.13913655598726066,7.971937434055721,AMBIENT_LINE_NOT_PARALLEL,False,False,
VB-W05-E18-LOG-M150-GHALF,VB-W05-E18,0.05,NARROW,1.8,0.525,0.475,0.04105995579825946,Logarithmic,LOG-M150,1.5,0.3730887048727122,GHALF,0.5463024898437905,1.0,10.42477796076938,1.0,0.029709803510929233,0.0,0.0,3.039622118871914,9.42477796076938,"[1.0, 0.0, 0.0]","[-0.05246738351553304, 1.927620398458024e-17, 0.08703379459171766]","[0.0, -0.7644718832017989, -0.6446570714681528]","[-0.029824073678253345, 0.8508057558110836, 0.5246332914598203]",-0.9886256396510147,0.15039728928615068,2.9906225328964635,171.35004925169156,1.9943047107455845,AMBIENT_DIRECTED_NOT_PARALLEL,0.15097012069332982,8.649950748308452,AMBIENT_LINE_NOT_PARALLEL,False,False,
VB-W05-E18-LOG-M200-G30,VB-W05-E18,0.05,NARROW,1.8,0.525,0.475,0.04105995579825946,Logarithmic,LOG-M200,2.0,0.4974516064969496,G30,0.5773502691896257,1.0,10.42477796076938,1.0,0.009201664039153823,0.0,0.0,3.1097174542045405,9.42477796076938,"[1.0, 0.0, 0.0]","[-0.05024128629925001, 1.8458349135426687e-17, 0.027248680688760445]","[0.0, -0.6709955957595993, -0.7414613344411295]","[-0.00461271237901368, 0.9654917661015201, 0.26039272738438024]",-0.840911861921465,0.5411720987632077,2.5697623257418507,147.23653561673072,1.9188078913332962,AMBIENT_DIRECTED_NOT_PARALLEL,0.5718303278479427,32.76346438326931,AMBIENT_LINE_NOT_PARALLEL,False,False,
VB-W05-E18-LOG-M200-GHALF,VB-W05-E18,0.05,NARROW,1.8,0.525,0.475,0.04105995579825946,Logarithmic,LOG-M200,2.0,0.4974516064969496,GHALF,0.5463024898437905,1.0,10.42477796076938,1.0,0.009201664039153823,0.0,0.0,3.110008025832131,9.42477796076938,"[1.0, 0.0, 0.0]","[-0.0502369076230853, 1.8456740435901804e-17, 0.02700036700005093]","[0.0, -0.6645745108989624, -0.7472220014583384]","[-0.00453217654665817, 0.9660803988368964, 0.2582017086676477]",-0.8349664060767076,0.5503009183377281,2.5588680627624245,146.61234032710396,1.9157068701013251,AMBIENT_DIRECTED_NOT_PARALLEL,0.5827245908273686,33.38765967289603,AMBIENT_LINE_NOT_PARALLEL,False,False,
VB-W05-E18-GOLDEN-MEAN-G30,VB-W05-E18,0.05,NARROW,1.8,0.525,0.475,0.04105995579825946,Golden Mean logarithmic,GOLDEN-MEAN,,0.30634896253003313,G30,0.5773502691896257,1.0,10.42477796076938,1.0,0.05572809000084122,0.0,0.0,2.94861146044251,9.42477796076938,"[1.0, 0.0, 0.0]","[-0.05881749752134757, 2.1609198022012703e-17, 0.16397668431847692]","[0.0, -0.8267304554114571, -0.5625982172875815]","[-0.06979506439378413, 0.7627633478849511, 0.6429002442911408]",-0.9922942213000399,0.12390390782597477,3.0173695028426852,172.8825377443733,1.9961433922942708,AMBIENT_DIRECTED_NOT_PARALLEL,0.12422315074710798,7.117462255626687,AMBIENT_LINE_NOT_PARALLEL,False,False,
VB-W05-E18-GOLDEN-MEAN-GHALF,VB-W05-E18,0.05,NARROW,1.8,0.525,0.475,0.04105995579825946,Golden Mean logarithmic,GOLDEN-MEAN,,0.30634896253003313,GHALF,0.5463024898437905,1.0,10.42477796076938,1.0,0.05572809000084122,0.0,0.0,2.9503639487250326,9.42477796076938,"[1.0, 0.0, 0.0]","[-0.058658565021897646, 2.1550807168993153e-17, 0.16250587039583642]","[0.0, -0.8221477850322176, -0.569274116368045]","[-0.06890682945417831, 0.7647084280564241, 0.640681565923389]",-0.9934267726363908,0.11446941691668189,3.026871764186527,173.42697721520574,1.9967106814140054,AMBIENT_DIRECTED_NOT_PARALLEL,0.1147208894032663,6.573022784794248,AMBIENT_LINE_NOT_PARALLEL,False,False,
VB-W05-E20-RECIPROCAL-G30,VB-W05-E20,0.05,NARROW,2.0,0.525,0.475,0.08727665698919491,Reciprocal,RECIPROCAL,,,G30,0.5773502691896257,1.0,10.42477796076938,1.0,0.09592530447777489,0.0,0.0,2.8096367683208663,9.42477796076938,"[1.0, 0.0, 0.0]","[-0.07593179687982726, 2.789688960071623e-17, 0.3095981198032006]","[0.0, -0.37550823348965967, -0.9268190581669516]","[-0.060530987393127136, 0.9343426197813273, 0.35119776255747887]",-0.6763501261520503,0.736580278621486,2.3135924554763276,132.5590832121024,1.8310380259033674,AMBIENT_DIRECTED_NOT_PARALLEL,0.8280001981134655,47.4409167878976,AMBIENT_LINE_NOT_PARALLEL,False,False,
VB-W05-E20-RECIPROCAL-GHALF,VB-W05-E20,0.05,NARROW,2.0,0.525,0.475,0.08727665698919491,Reciprocal,RECIPROCAL,,,GHALF,0.5463024898437905,1.0,10.42477796076938,1.0,0.09592530447777489,0.0,0.0,2.8126280631813176,9.42477796076938,"[1.0, 0.0, 0.0]","[-0.07547075703291689, 2.7727506308876777e-17, 0.3069101478768085]","[0.0, -0.3699383913343544, -0.9290562881854629]","[-0.059855941037182815, 0.9345796538160148, 0.350682387632586]",-0.6715405710924605,0.740967787003465,2.307082294237117,132.18607844914598,1.828409456928322,AMBIENT_DIRECTED_NOT_PARALLEL,0.834510359352676,47.813921550854026,AMBIENT_LINE_NOT_PARALLEL,False,False,
VB-W05-E20-LOG-M050-G30,VB-W05-E20,0.05,NARROW,2.0,0.525,0.475,0.08727665698919491,Logarithmic,LOG-M050,0.5,0.1243629016242374,G30,0.5773502691896257,1.0,10.42477796076938,1.0,0.30971810485952367,0.0,0.0,2.0799184771396644,9.42477796076938,"[1.0, 0.0, 0.0]","[-0.293479812802116, 1.0782273400874272e-16, 0.8295140816643362]","[0.0, -0.955978498775195, -0.2934367221046545]","[-0.17623403179581204, 0.9644848264753144, 0.19675005854097027]",-0.9797604487574868,0.2001735822992831,2.9400575679027297,168.45289016632387,1.9898544915432819,AMBIENT_DIRECTED_NOT_PARALLEL,0.20153508568706352,11.547109833676144,AMBIENT_LINE_NOT_PARALLEL,False,False,
VB-W05-E20-LOG-M050-GHALF,VB-W05-E20,0.05,NARROW,2.0,0.525,0.475,0.08727665698919491,Logarithmic,LOG-M050,0.5,0.1243629016242374,GHALF,0.5463024898437905,1.0,10.42477796076938,1.0,0.30971810485952367,0.0,0.0,2.08845349218488,9.42477796076938,"[1.0, 0.0, 0.0]","[-0.2899483308616202, 1.0652528859234027e-16, 0.8255318596765642]","[0.0, -0.9545281629191581, -0.2981207577378288]","[-0.17632170348931991, 0.9636307160315558, 0.20081459110118355]",-0.9796796551699709,0.200568624779767,2.9396543481520063,168.4297873763911,1.9898138883674379,AMBIENT_DIRECTED_NOT_PARALLEL,0.2019383054377869,11.570212623608912,AMBIENT_LINE_NOT_PARALLEL,False,False,
VB-W05-E20-LOG-M075-G30,VB-W05-E20,0.05,NARROW,2.0,0.525,0.475,0.08727665698919491,Logarithmic,LOG-M075,0.75,0.1865443524363561,G30,0.5773502691896257,1.0,10.42477796076938,1.0,0.17236531991943516,0.0,0.0,2.5464610914148955,9.42477796076938,"[1.0, 0.0, 0.0]","[-0.1316644937870673, 4.8372750263306555e-17, 0.5325868175319999]","[0.0, -0.9083443047130355, -0.41822317498602596]","[-0.18311213178888644, 0.8208854059357307, 0.5409409371765647]",-0.9718806195296686,0.23547412040950008,2.9038862761880107,166.38042781153393,1.9858905405533651,AMBIENT_DIRECTED_NOT_PARALLEL,0.23770637740178252,13.619572188466066,AMBIENT_LINE_NOT_PARALLEL,False,False,
VB-W05-E20-LOG-M075-GHALF,VB-W05-E20,0.05,NARROW,2.0,0.525,0.475,0.08727665698919491,Logarithmic,LOG-M075,0.75,0.1865443524363561,GHALF,0.5463024898437905,1.0,10.42477796076938,1.0,0.17236531991943516,0.0,0.0,2.5516847093392996,9.42477796076938,"[1.0, 0.0, 0.0]","[-0.1302788513901325, 4.7863673505455844e-17, 0.5284703013040822]","[0.0, -0.9055514979847651, -0.42423635452133035]","[-0.18185527829750975, 0.8195925867031411, 0.5433200250097445]",-0.9726794013748101,0.23215249759832723,2.9073025961214065,166.57616852518393,1.9862927283634757,AMBIENT_DIRECTED_NOT_PARALLEL,0.23429005746838671,13.42383147481607,AMBIENT_LINE_NOT_PARALLEL,False,False,
VB-W05-E20-LOG-M100-G30,VB-W05-E20,0.05,NARROW,2.0,0.525,0.475,0.08727665698919491,Logarithmic,LOG-M100,1.0,0.2487258032484748,G30,0.5773502691896257,1.0,10.42477796076938,1.0,0.0959253044777749,0.0,0.0,2.8096367683208663,9.42477796076938,"[1.0, 0.0, 0.0]","[-0.07593179687982726, 2.789688960071623e-17, 0.3095981198032006]","[0.0, -0.8522232549229029, -0.523178290612878]","[-0.11943619322159481, 0.7110116197421682, 0.6929628217591131]",-0.9684837414108851,0.2490767805773431,2.88986577816911,165.57711244837938,1.9841792970449446,AMBIENT_DIRECTED_NOT_PARALLEL,0.2517268754206832,14.422887551620608,AMBIENT_LINE_NOT_PARALLEL,False,False,
VB-W05-E20-LOG-M100-GHALF,VB-W05-E20,0.05,NARROW,2.0,0.525,0.475,0.08727665698919491,Logarithmic,LOG-M100,1.0,0.2487258032484748,GHALF,0.5463024898437905,1.0,10.42477796076938,1.0,0.0959253044777749,0.0,0.0,2.8126280631813176,9.42477796076938,"[1.0, 0.0, 0.0]","[-0.07547075703291689, 2.7727506308876777e-17, 0.3069101478768085]","[0.0, -0.8481334883024053, -0.5297825837265638]","[-0.1181910264340484, 0.7117146534645309, 0.6924544268862238]",-0.970479327107491,0.24118431884554956,2.8980066430172844,166.0435496457662,1.9851847909489388,AMBIENT_DIRECTED_NOT_PARALLEL,0.2435860105725088,13.956450354233805,AMBIENT_LINE_NOT_PARALLEL,False,False,
VB-W05-E20-LOG-M125-G30,VB-W05-E20,0.05,NARROW,2.0,0.525,0.475,0.08727665698919491,Logarithmic,LOG-M125,1.25,0.3109072540605935,G30,0.5773502691896257,1.0,10.42477796076938,1.0,0.053384660228952954,0.0,0.0,2.956721292039026,9.42477796076938,"[1.0, 0.0, 0.0]","[-0.058094045080236134, 2.1343405907109965e-17, 0.1746290841808818]","[0.0, -0.7933358239119467, -0.6087842561186622]","[-0.06330334680420284, 0.7332399509114899, 0.6770168835935356]",-0.9938627404397876,0.11062031081820217,3.030745483903699,173.64892500601633,1.996929012478805,AMBIENT_DIRECTED_NOT_PARALLEL,0.11084716968609434,6.351074993983684,AMBIENT_LINE_NOT_PARALLEL,False,False,
VB-W05-E20-LOG-M125-GHALF,VB-W05-E20,0.05,NARROW,2.0,0.525,0.475,0.08727665698919491,Logarithmic,LOG-M125,1.25,0.3109072540605935,GHALF,0.5463024898437905,1.0,10.42477796076938,1.0,0.053384660228952954,0.0,0.0,2.9584006776816585,9.42477796076938,"[1.0, 0.0, 0.0]","[-0.05794806877649672, 2.1289775083172216e-17, 0.17306060834743342]","[0.0, -0.7881938920108542, -0.6154269969677815]","[-0.06250712023394606, 0.7353753582357457, 0.6747710296239072]",-0.9948906740990079,0.10095814276630706,3.040462215963192,174.20565274368474,1.9974437033864099,AMBIENT_DIRECTED_NOT_PARALLEL,0.10113043762660147,5.794347256315282,AMBIENT_LINE_NOT_PARALLEL,False,False,
VB-W05-E20-LOG-M150-G30,VB-W05-E20,0.05,NARROW,2.0,0.525,0.475,0.08727665698919491,Logarithmic,LOG-M150,1.5,0.3730887048727122,G30,0.5773502691896257,1.0,10.42477796076938,1.0,0.029709803510929233,0.0,0.0,3.0386849671123177,9.42477796076938,"[1.0, 0.0, 0.0]","[-0.052512904273770644, 1.9292928039841372e-17, 0.09758984316398824]","[0.0, -0.7356203893746123, -0.6773940084886668]","[-0.02933483859889158, 0.8224327085317334, 0.5681055422908083]",-0.9898295598215294,0.14225836531999622,2.9988500409610155,171.82145073970023,1.9949082985548632,AMBIENT_DIRECTED_NOT_PARALLEL,0.14274261262877752,8.178549260299757,AMBIENT_LINE_NOT_PARALLEL,False,False,
VB-W05-E20-LOG-M150-GHALF,VB-W05-E20,0.05,NARROW,2.0,0.525,0.475,0.08727665698919491,Logarithmic,LOG-M150,1.5,0.3730887048727122,GHALF,0.5463024898437905,1.0,10.42477796076938,1.0,0.029709803510929233,0.0,0.0,3.039622118871914,9.42477796076938,"[1.0, 0.0, 0.0]","[-0.05246738351553304, 1.927620398458024e-17, 0.09670421621301963]","[0.0, -0.7297309066500554, -0.6837344542142717]","[-0.028905559739361462, 0.8246028650043945, 0.5649730822284355]",-0.9880297583291043,0.15426340024818522,2.986710767561871,171.12592160757382,1.994005896846398,AMBIENT_DIRECTED_NOT_PARALLEL,0.15488188602792252,8.874078392426194,AMBIENT_LINE_NOT_PARALLEL,False,False,
VB-W05-E20-LOG-M200-G30,VB-W05-E20,0.05,NARROW,2.0,0.525,0.475,0.08727665698919491,Logarithmic,LOG-M200,2.0,0.4974516064969496,G30,0.5773502691896257,1.0,10.42477796076938,1.0,0.009201664039153823,0.0,0.0,3.1097174542045405,9.42477796076938,"[1.0, 0.0, 0.0]","[-0.05024128629925001, 1.8458349135426687e-17, 0.030276311876400494]","[0.0, -0.6315110156819773, -0.7753669048085026]","[-0.004576462250800147, 0.9579042129582708, 0.28705151940037354]",-0.8274973105693681,0.5614696795023423,2.5454318680036017,145.84250307470762,1.9118040226808648,AMBIENT_DIRECTED_NOT_PARALLEL,0.5961607855861917,34.157496925292385,AMBIENT_LINE_NOT_PARALLEL,False,False,
VB-W05-E20-LOG-M200-GHALF,VB-W05-E20,0.05,NARROW,2.0,0.525,0.475,0.08727665698919491,Logarithmic,LOG-M200,2.0,0.4974516064969496,GHALF,0.5463024898437905,1.0,10.42477796076938,1.0,0.009201664039153823,0.0,0.0,3.110008025832131,9.42477796076938,"[1.0, 0.0, 0.0]","[-0.0502369076230853, 1.8456740435901804e-17, 0.030000407777834366]","[0.0, -0.6249112830993199, -0.7806957718952765]","[-0.00449714929274103, 0.9586139766695201, 0.2846735312284716]",-0.8212921123580572,0.570507901942156,2.534468512969004,145.2143491019217,1.9085555335688071,AMBIENT_DIRECTED_NOT_PARALLEL,0.6071241406207889,34.78565089807831,AMBIENT_LINE_NOT_PARALLEL,False,False,
VB-W05-E20-GOLDEN-MEAN-G30,VB-W05-E20,0.05,NARROW,2.0,0.525,0.475,0.08727665698919491,Golden Mean logarithmic,GOLDEN-MEAN,,0.30634896253003313,G30,0.5773502691896257,1.0,10.42477796076938,1.0,0.05572809000084122,0.0,0.0,2.94861146044251,9.42477796076938,"[1.0, 0.0, 0.0]","[-0.05881749752134757, 2.1609198022012703e-17, 0.18219631590941882]","[0.0, -0.7976499323665986, -0.6031207054939837]","[-0.06663937952129709, 0.7282760846505829, 0.6820360236989199]",-0.9922594174513526,0.12418231951088017,3.01708892420007,172.86646177232996,1.996125956672751,AMBIENT_DIRECTED_NOT_PARALLEL,0.12450372938972315,7.133538227670045,AMBIENT_LINE_NOT_PARALLEL,False,False,
VB-W05-E20-GOLDEN-MEAN-GHALF,VB-W05-E20,0.05,NARROW,2.0,0.525,0.475,0.08727665698919491,Golden Mean logarithmic,GOLDEN-MEAN,,0.30634896253003313,GHALF,0.5463024898437905,1.0,10.42477796076938,1.0,0.05572809000084122,0.0,0.0,2.9503639487250326,9.42477796076938,"[1.0, 0.0, 0.0]","[-0.058658565021897646, 2.1550807168993153e-17, 0.180562078217596]","[0.0, -0.7925748712912001, -0.6097746086856499]","[-0.06581134662541333, 0.7303556385461387, 0.679889335038587]",-0.9934407794402094,0.11434779291805186,3.026994192073933,173.43399181644884,1.9967176963407771,AMBIENT_DIRECTED_NOT_PARALLEL,0.11459846151586033,6.566008183551183,AMBIENT_LINE_NOT_PARALLEL,False,False,
VB-W05-E22-RECIPROCAL-G30,VB-W05-E22,0.05,NARROW,2.2,0.525,0.475,0.1372994613731609,Reciprocal,RECIPROCAL,,,G30,0.5773502691896257,1.0,10.42477796076938,1.0,0.09592530447777489,0.0,0.0,2.8096367683208663,9.42477796076938,"[1.0, 0.0, 0.0]","[-0.07593179687982726, 2.789688960071623e-17, 0.3405579317835207]","[0.0, -0.3456264348745825, -0.9383721902933218]","[-0.059761976564104105, 0.9224723426955916, 0.38140960019231096]",-0.6767349890076404,0.7362267005840178,2.314115080439767,132.58902741677565,1.8312482021875902,AMBIENT_DIRECTED_NOT_PARALLEL,0.8274775731500263,47.41097258322436,AMBIENT_LINE_NOT_PARALLEL,False,False,
VB-W05-E22-RECIPROCAL-GHALF,VB-W05-E22,0.05,NARROW,2.2,0.525,0.475,0.1372994613731609,Reciprocal,RECIPROCAL,,,GHALF,0.5463024898437905,1.0,10.42477796076938,1.0,0.09592530447777489,0.0,0.0,2.8126280631813176,9.42477796076938,"[1.0, 0.0, 0.0]","[-0.07547075703291689, 2.7727506308876777e-17, 0.3376011626644893]","[0.0, -0.34037413393592497, -0.9402900876577234]","[-0.059097694283716105, 0.9227405284746921, 0.3808639910001919]",-0.6721996437103919,0.7403699338814498,2.307972128560717,132.23706220035413,1.8287698836706556,AMBIENT_DIRECTED_NOT_PARALLEL,0.833620525029076,47.76293779964586,AMBIENT_LINE_NOT_PARALLEL,False,False,
VB-W05-E22-LOG-M050-G30,VB-W05-E22,0.05,NARROW,2.2,0.525,0.475,0.1372994613731609,Logarithmic,LOG-M050,0.5,0.1243629016242374,G30,0.5773502691896257,1.0,10.42477796076938,1.0,0.30971810485952367,0.0,0.0,2.0799184771396644,9.42477796076938,"[1.0, 0.0, 0.0]","[-0.293479812802116, 1.0782273400874272e-16, 0.9124654898307697]","[0.0, -0.9474509365379483, -0.31990111417962336]","[-0.17552204691089637, 0.9605883110793746, 0.21555070787609074]",-0.9790652065713276,0.20354685279179285,2.936613394962925,168.25555359295987,1.989505067383005,AMBIENT_DIRECTED_NOT_PARALLEL,0.20497925862686808,11.744446407040112,AMBIENT_LINE_NOT_PARALLEL,False,False,
VB-W05-E22-LOG-M050-GHALF,VB-W05-E22,0.05,NARROW,2.2,0.525,0.475,0.1372994613731609,Logarithmic,LOG-M050,0.5,0.1243629016242374,GHALF,0.5463024898437905,1.0,10.42477796076938,1.0,0.30971810485952367,0.0,0.0,2.08845349218488,9.42477796076938,"[1.0, 0.0, 0.0]","[-0.2899483308616202, 1.0652528859234027e-16, 0.9080850456442205]","[0.0, -0.9457433072098019, -0.32491475323208424]","[-0.17557981631435876, 0.9595761654261861, 0.21996661303250745]",-0.9789831340026157,0.20394122520573563,2.9362105730300465,168.23247359631065,1.989463814198497,AMBIENT_DIRECTED_NOT_PARALLEL,0.20538208055974683,11.767526403689365,AMBIENT_LINE_NOT_PARALLEL,False,False,
VB-W05-E22-LOG-M075-G30,VB-W05-E22,0.05,NARROW,2.2,0.525,0.475,0.1372994613731609,Logarithmic,LOG-M075,0.75,0.1865443524363561,G30,0.5773502691896257,1.0,10.42477796076938,1.0,0.17236531991943516,0.0,0.0,2.5464610914148955,9.42477796076938,"[1.0, 0.0, 0.0]","[-0.1316644937870673, 4.8372750263306555e-17, 0.5858454992851998]","[0.0, -0.8921079440477946, -0.45182232809680484]","[-0.17773273819960672, 0.7967697689919422, 0.5775543342341023]",-0.9717565843908902,0.23598546712234378,2.9033601011384547,166.3502802019093,1.9858280813760743,AMBIENT_DIRECTED_NOT_PARALLEL,0.23823255245133873,13.649719798090723,AMBIENT_LINE_NOT_PARALLEL,False,False,
VB-W05-E22-LOG-M075-GHALF,VB-W05-E22,0.05,NARROW,2.2,0.525,0.475,0.1372994613731609,Logarithmic,LOG-M075,0.75,0.1865443524363561,GHALF,0.5463024898437905,1.0,10.42477796076938,1.0,0.17236531991943516,0.0,0.0,2.5516847093392996,9.42477796076938,"[1.0, 0.0, 0.0]","[-0.1302788513901325, 4.7863673505455844e-17, 0.5813173314344905]","[0.0, -0.8889091024822745, -0.4580836250338548]","[-0.1764677840192884, 0.7953120136415656, 0.5799464821522068]",-0.9726240751094093,0.23238418301934063,2.90706439635184,166.56252068370677,1.9862648741340667,AMBIENT_DIRECTED_NOT_PARALLEL,0.23452825723795342,13.437479316293233,AMBIENT_LINE_NOT_PARALLEL,False,False,
VB-W05-E22-LOG-M100-G30,VB-W05-E22,0.05,NARROW,2.2,0.525,0.475,0.1372994613731609,Logarithmic,LOG-M100,1.0,0.2487258032484748,G30,0.5773502691896257,1.0,10.42477796076938,1.0,0.0959253044777749,0.0,0.0,2.8096367683208663,9.42477796076938,"[1.0, 0.0, 0.0]","[-0.07593179687982726, 2.789688960071623e-17, 0.3405579317835207]","[0.0, -0.8287379871515913, -0.5596368006590784]","[-0.1138344102944337, 0.6776638325676796, 0.7265077130097122]",-0.9681862127304711,0.2502308084122081,2.888674013205949,165.50882934581873,1.9840293408770304,AMBIENT_DIRECTED_NOT_PARALLEL,0.2529186403838439,14.491170654181277,AMBIENT_LINE_NOT_PARALLEL,False,False,
VB-W05-E22-LOG-M100-GHALF,VB-W05-E22,0.05,NARROW,2.2,0.525,0.475,0.1372994613731609,Logarithmic,LOG-M100,1.0,0.2487258032484748,GHALF,0.5463024898437905,1.0,10.42477796076938,1.0,0.0959253044777749,0.0,0.0,2.8126280631813176,9.42477796076938,"[1.0, 0.0, 0.0]","[-0.07547075703291689, 2.7727506308876777e-17, 0.3376011626644893]","[0.0, -0.8241920272089426, -0.5663104292569703]","[-0.11265521272048776, 0.6783794684030023, 0.7260234843971383]",-0.9702696203795798,0.24202657657469384,2.8971386712197402,165.99381852503055,1.985079152265511,AMBIENT_DIRECTED_NOT_PARALLEL,0.24445398237005314,14.006181474969479,AMBIENT_LINE_NOT_PARALLEL,False,False,
VB-W05-E22-LOG-M125-G30,VB-W05-E22,0.05,NARROW,2.2,0.525,0.475,0.1372994613731609,Logarithmic,LOG-M125,1.25,0.3109072540605935,G30,0.5773502691896257,1.0,10.42477796076938,1.0,0.053384660228952954,0.0,0.0,2.956721292039026,9.42477796076938,"[1.0, 0.0, 0.0]","[-0.058094045080236134, 2.1343405907109965e-17, 0.19209199259896997]","[0.0, -0.764155889942072, -0.6450316084246104]","[-0.06046041134634419, 0.7003103514384582, 0.7112734708450568]",-0.9939401507680428,0.10992259408875352,3.031447481776709,173.68914652136698,1.9969677767896221,AMBIENT_DIRECTED_NOT_PARALLEL,0.11014517181308414,6.310853478633039,AMBIENT_LINE_NOT_PARALLEL,False,False,
VB-W05-E22-LOG-M125-GHALF,VB-W05-E22,0.05,NARROW,2.2,0.525,0.475,0.1372994613731609,Logarithmic,LOG-M125,1.25,0.3109072540605935,GHALF,0.5463024898437905,1.0,10.42477796076938,1.0,0.053384660228952954,0.0,0.0,2.9584006776816585,9.42477796076938,"[1.0, 0.0, 0.0]","[-0.05794806877649672, 2.1289775083172216e-17, 0.19036666918217676]","[0.0, -0.7586023471531076, -0.6515538956170825]","[-0.0597173103594249, 0.7025541783732401, 0.7091202079293311]",-0.9949892826533142,0.09998163533891284,3.0414436895899724,174.26188704020265,1.997493070152342,AMBIENT_DIRECTED_NOT_PARALLEL,0.10014896399982087,5.7381129597973555,AMBIENT_LINE_NOT_PARALLEL,False,False,
VB-W05-E22-LOG-M150-G30,VB-W05-E22,0.05,NARROW,2.2,0.525,0.475,0.1372994613731609,Logarithmic,LOG-M150,1.5,0.3730887048727122,G30,0.5773502691896257,1.0,10.42477796076938,1.0,0.029709803510929233,0.0,0.0,3.0386849671123177,9.42477796076938,"[1.0, 0.0, 0.0]","[-0.052512904273770644, 1.9292928039841372e-17, 0.10734882748038706]","[0.0, -0.7025495150358536, -0.7116348634818892]","[-0.02838857418405384, 0.7959032015409705, 0.6047579537572282]",-0.989528252119704,0.14433931639343467,2.996747388985509,171.70097765571887,1.994757254464665,AMBIENT_DIRECTED_NOT_PARALLEL,0.14484526460428393,8.29902234428112,AMBIENT_LINE_NOT_PARALLEL,False,False,
VB-W05-E22-LOG-M150-GHALF,VB-W05-E22,0.05,NARROW,2.2,0.525,0.475,0.1372994613731609,Logarithmic,LOG-M150,1.5,0.3730887048727122,GHALF,0.5463024898437905,1.0,10.42477796076938,1.0,0.029709803510929233,0.0,0.0,3.039622118871914,9.42477796076938,"[1.0, 0.0, 0.0]","[-0.05246738351553304, 1.927620398458024e-17, 0.10637463783432158]","[0.0, -0.6963494917782603, -0.7177028530667539]","[-0.027982911124731693, 0.7982820223057486, 0.601633417911962]",-0.9876773010640477,0.15650414998599324,2.98444246693866,170.99595755519695,1.9938291306248124,AMBIENT_DIRECTED_NOT_PARALLEL,0.15715018665113306,9.004042444803053,AMBIENT_LINE_NOT_PARALLEL,False,False,
VB-W05-E22-LOG-M200-G30,VB-W05-E22,0.05,NARROW,2.2,0.525,0.475,0.1372994613731609,Logarithmic,LOG-M200,2.0,0.4974516064969496,G30,0.5773502691896257,1.0,10.42477796076938,1.0,0.009201664039153823,0.0,0.0,3.1097174542045405,9.42477796076938,"[1.0, 0.0, 0.0]","[-0.05024128629925001, 1.8458349135426687e-17, 0.03330394306404054]","[0.0, -0.5950636097718636, -0.8036786051185383]","[-0.004537373938381566, 0.9497225964406995, 0.31305974197855563]",-0.8167447732720046,0.5769991120728543,2.5265429574346507,144.76024821950668,1.9061714368188423,AMBIENT_DIRECTED_NOT_PARALLEL,0.6150496961551426,35.23975178049333,AMBIENT_LINE_NOT_PARALLEL,False,False,
VB-W05-E22-LOG-M200-GHALF,VB-W05-E22,0.05,NARROW,2.2,0.525,0.475,0.1372994613731609,Logarithmic,LOG-M200,2.0,0.4974516064969496,GHALF,0.5463024898437905,1.0,10.42477796076938,1.0,0.009201664039153823,0.0,0.0,3.110008025832131,9.42477796076938,"[1.0, 0.0, 0.0]","[-0.0502369076230853, 1.8456740435901804e-17, 0.0330004485556178]","[0.0, -0.5883900898225667, -0.8085772085574711]","[-0.004459364210231969, 0.9505596947578072, 0.3105098722630003]",-0.8103711099242117,0.5859169430902316,2.515581547964488,144.13220571935165,1.9028248000928576,AMBIENT_DIRECTED_NOT_PARALLEL,0.626011105625305,35.86779428064837,AMBIENT_LINE_NOT_PARALLEL,False,False,
VB-W05-E22-GOLDEN-MEAN-G30,VB-W05-E22,0.05,NARROW,2.2,0.525,0.475,0.1372994613731609,Golden Mean logarithmic,GOLDEN-MEAN,,0.30634896253003313,G30,0.5773502691896257,1.0,10.42477796076938,1.0,0.05572809000084122,0.0,0.0,2.94861146044251,9.42477796076938,"[1.0, 0.0, 0.0]","[-0.05881749752134757, 2.1609198022012703e-17, 0.20041594750036068]","[0.0, -0.7688255641719637, -0.6394585615000097]","[-0.06360508115854767, 0.695115407778155, 0.7160788807947235]",-0.9923252665831956,0.12365502537539697,3.017620314094709,172.89690817056868,1.9961589448654613,AMBIENT_DIRECTED_NOT_PARALLEL,0.12397233949508446,7.103091829431347,AMBIENT_LINE_NOT_PARALLEL,False,False,
VB-W05-E22-GOLDEN-MEAN-GHALF,VB-W05-E22,0.05,NARROW,2.2,0.525,0.475,0.1372994613731609,Golden Mean logarithmic,GOLDEN-MEAN,,0.30634896253003313,GHALF,0.5463024898437905,1.0,10.42477796076938,1.0,0.05572809000084122,0.0,0.0,2.9503639487250326,9.42477796076938,"[1.0, 0.0, 0.0]","[-0.058658565021897646, 2.1550807168993153e-17, 0.1986182860393556]","[0.0, -0.7633331907049468, -0.6460049844762851]","[-0.06283232544683653, 0.6972953073618237, 0.7140247567207477]",-0.9935322037131573,0.11355069433903778,3.0277965165574696,173.4799616231555,1.9967634830961614,AMBIENT_DIRECTED_NOT_PARALLEL,0.11379613703232383,6.5200383768445285,AMBIENT_LINE_NOT_PARALLEL,False,False,
VB-W10-E14-RECIPROCAL-G30,VB-W10-E14,0.1,MODERATE,1.4,0.55,0.45,0.06351093512583883,Reciprocal,RECIPROCAL,,,G30,0.5773502691896257,1.0,10.42477796076938,1.0,0.09592530447777489,0.0,0.0,2.8096367683208663,9.42477796076938,"[1.0, 0.0, 0.0]","[-0.12456696546509954, 4.576516066089991e-17, 0.20531243734317517]","[0.0, -0.5213515623850048, -0.8533419879501503]","[-0.03696222881514875, 0.9879770489065802, 0.15011710253952082]",-0.6431846047543632,0.7657111493291536,2.269446380599978,130.02969943961904,1.8128345786388582,AMBIENT_DIRECTED_NOT_PARALLEL,0.8721462729898154,49.97030056038097,AMBIENT_LINE_NOT_PARALLEL,False,False,
VB-W10-E14-RECIPROCAL-GHALF,VB-W10-E14,0.1,MODERATE,1.4,0.55,0.45,0.06351093512583883,Reciprocal,RECIPROCAL,,,GHALF,0.5463024898437905,1.0,10.42477796076938,1.0,0.09592530447777489,0.0,0.0,2.8126280631813176,9.42477796076938,"[1.0, 0.0, 0.0]","[-0.12413019087328969, 4.5604692279157265e-17, 0.20352988753935722]","[0.0, -0.5147738098580931, -0.8573260317313267]","[-0.036450887848595515, 0.9880910891908139, 0.14949024127601196]",-0.63680528980531,0.7710246577613296,2.26114400581827,129.55400840469133,1.8093121841215298,AMBIENT_DIRECTED_NOT_PARALLEL,0.880448647771523,50.44599159530866,AMBIENT_LINE_NOT_PARALLEL,False,False,
VB-W10-E14-LOG-M050-G30,VB-W10-E14,0.1,MODERATE,1.4,0.55,0.45,0.06351093512583883,Logarithmic,LOG-M050,0.5,0.1243629016242374,G30,0.5773502691896257,1.0,10.42477796076938,1.0,0.30971810485952367,0.0,0.0,2.0799184771396644,9.42477796076938,"[1.0, 0.0, 0.0]","[-0.33066508581253096, 1.2148438167903027e-16, 0.5500988120510861]","[0.0, -0.9799049035425063, -0.19946523509963196]","[-0.15079954208090343, 0.9815147919974476, 0.11784825496542962]",-0.9852977874605628,0.17084574921641896,2.9699046790823527,170.163003667574,1.9926353341545275,AMBIENT_DIRECTED_NOT_PARALLEL,0.17168797450744078,9.836996332426025,AMBIENT_LINE_NOT_PARALLEL,False,False,
VB-W10-E14-LOG-M050-GHALF,VB-W10-E14,0.1,MODERATE,1.4,0.55,0.45,0.06351093512583883,Logarithmic,LOG-M050,0.5,0.1243629016242374,GHALF,0.5463024898437905,1.0,10.42477796076938,1.0,0.30971810485952367,0.0,0.0,2.08845349218488,9.42477796076938,"[1.0, 0.0, 0.0]","[-0.32731947134258754, 1.2025522286349108e-16, 0.5474579701013005]","[0.0, -0.9792171360138582, -0.20281469507118308]","[-0.15067661747413852, 0.9812576327012581, 0.12012499828126919]",-0.9852274036823065,0.1712511694366539,2.9694931946554224,170.13942734657553,1.9926000118851284,AMBIENT_DIRECTED_NOT_PARALLEL,0.17209945893437095,9.860572653424484,AMBIENT_LINE_NOT_PARALLEL,False,False,
VB-W10-E14-LOG-M075-G30,VB-W10-E14,0.1,MODERATE,1.4,0.55,0.45,0.06351093512583883,Logarithmic,LOG-M075,0.75,0.1865443524363561,G30,0.5773502691896257,1.0,10.42477796076938,1.0,0.17236531991943516,0.0,0.0,2.5464610914148955,9.42477796076938,"[1.0, 0.0, 0.0]","[-0.17736636253511634, 6.516334444651177e-17, 0.3531891526791157]","[0.0, -0.9564108867735145, -0.29202434087092716]","[-0.14758473132152136, 0.9407853080982155, 0.30519133530836046]",-0.9889006093146506,0.14857854790350117,2.992461942988544,171.45543968676157,1.9944425834376134,AMBIENT_DIRECTED_NOT_PARALLEL,0.14913071060124922,8.544560313238463,AMBIENT_LINE_NOT_PARALLEL,False,False,
VB-W10-E14-LOG-M075-GHALF,VB-W10-E14,0.1,MODERATE,1.4,0.55,0.45,0.06351093512583883,Logarithmic,LOG-M075,0.75,0.1865443524363561,GHALF,0.5463024898437905,1.0,10.42477796076938,1.0,0.17236531991943516,0.0,0.0,2.5516847093392996,9.42477796076938,"[1.0, 0.0, 0.0]","[-0.1760536486853887, 6.468106120223216e-17, 0.35045925244375986]","[0.0, -0.9549737978688205, -0.2966901504667807]","[-0.14632935710484857, 0.9407100424311573, 0.3060266905327896]",-0.9891485467748461,0.14691886336754129,2.994140045012828,171.55158785034538,1.9945668937264784,AMBIENT_DIRECTED_NOT_PARALLEL,0.14745260857696516,8.448412149654628,AMBIENT_LINE_NOT_PARALLEL,False,False,
VB-W10-E14-LOG-M100-G30,VB-W10-E14,0.1,MODERATE,1.4,0.55,0.45,0.06351093512583883,Logarithmic,LOG-M100,1.0,0.2487258032484748,G30,0.5773502691896257,1.0,10.42477796076938,1.0,0.0959253044777749,0.0,0.0,2.8096367683208663,9.42477796076938,"[1.0, 0.0, 0.0]","[-0.12456696546509954, 4.576516066089991e-17, 0.20531243734317517]","[0.0, -0.9261881198332239, -0.37706175446443485]","[-0.08988874419814072, 0.9266300117850319, 0.3650709998421577]",-0.9958880201007864,0.09059277796676717,3.0508754991315077,174.80228992010385,1.997942952188969,AMBIENT_DIRECTED_NOT_PARALLEL,0.09071715445828553,5.197710079896161,AMBIENT_LINE_NOT_PARALLEL,False,False,
VB-W10-E14-LOG-M100-GHALF,VB-W10-E14,0.1,MODERATE,1.4,0.55,0.45,0.06351093512583883,Logarithmic,LOG-M100,1.0,0.2487258032484748,GHALF,0.5463024898437905,1.0,10.42477796076938,1.0,0.0959253044777749,0.0,0.0,2.8126280631813176,9.42477796076938,"[1.0, 0.0, 0.0]","[-0.12413019087328969, 4.5604692279157265e-17, 0.20352988753935722]","[0.0, -0.9238714025589065, -0.38270305921672326]","[-0.08869553825755357, 0.9272631256834237, 0.363752934340068]",-0.9958812452373043,0.09066722332020616,3.0508007461420927,174.7980068893044,1.9979395612667088,AMBIENT_DIRECTED_NOT_PARALLEL,0.09079190744770041,5.20199311069562,AMBIENT_LINE_NOT_PARALLEL,False,False,
VB-W10-E14-LOG-M125-G30,VB-W10-E14,0.1,MODERATE,1.4,0.55,0.45,0.06351093512583883,Logarithmic,LOG-M125,1.25,0.3109072540605935,G30,0.5773502691896257,1.0,10.42477796076938,1.0,0.053384660228952954,0.0,0.0,2.956721292039026,9.42477796076938,"[1.0, 0.0, 0.0]","[-0.10766804270759212, 3.955659716169396e-17, 0.11580665582521636]","[0.0, -0.8912357623173369, -0.4535403134966454]","[-0.0418666142337512, 0.9486883895531054, 0.31342866196271446]",-0.9876575536703722,0.1566287223910604,2.9843163390524405,170.98873095963765,1.9938192263444408,AMBIENT_DIRECTED_NOT_PARALLEL,0.15727631453735288,9.011269040362356,AMBIENT_LINE_NOT_PARALLEL,False,False,
VB-W10-E14-LOG-M125-GHALF,VB-W10-E14,0.1,MODERATE,1.4,0.55,0.45,0.06351093512583883,Logarithmic,LOG-M125,1.25,0.3109072540605935,GHALF,0.5463024898437905,1.0,10.42477796076938,1.0,0.053384660228952954,0.0,0.0,2.9584006776816585,9.42477796076938,"[1.0, 0.0, 0.0]","[-0.10752974936720744, 3.9505789012700314e-17, 0.11476650869356113]","[0.0, -0.8880158313052594, -0.4598128786269792]","[-0.04120045742488414, 0.9494068968135437, 0.3113343324962045]",-0.9862438903613147,0.16529666882602084,2.975533843101331,170.48553100804835,1.993110077422376,AMBIENT_DIRECTED_NOT_PARALLEL,0.16605881048846224,9.514468991951656,AMBIENT_LINE_NOT_PARALLEL,False,False,
VB-W10-E14-LOG-M150-G30,VB-W10-E14,0.1,MODERATE,1.4,0.55,0.45,0.06351093512583883,Logarithmic,LOG-M150,1.5,0.3730887048727122,G30,0.5773502691896257,1.0,10.42477796076938,1.0,0.029709803510929233,0.0,0.0,3.0386849671123177,9.42477796076938,"[1.0, 0.0, 0.0]","[-0.10238064615409853, 3.761403918217636e-17, 0.06471747494032905]","[0.0, -0.8534503891225035, -0.521174091169781]","[-0.016870188549655194, 0.97335111692236, 0.22869849130305425]",-0.9498986178469812,0.3125581798839938,2.8237077017595715,161.78653388940882,1.97479042829713,AMBIENT_DIRECTED_NOT_PARALLEL,0.31788495183022153,18.213466110591167,AMBIENT_LINE_NOT_PARALLEL,False,False,
VB-W10-E14-LOG-M150-GHALF,VB-W10-E14,0.1,MODERATE,1.4,0.55,0.45,0.06351093512583883,Logarithmic,LOG-M150,1.5,0.3730887048727122,GHALF,0.5463024898437905,1.0,10.42477796076938,1.0,0.029709803510929233,0.0,0.0,3.039622118871914,9.42477796076938,"[1.0, 0.0, 0.0]","[-0.10233752122524181, 3.759819534035001e-17, 0.06413016443600249]","[0.0, -0.8493858294764827, -0.5277724061416509]","[-0.016579661264964612, 0.9737908542784744, 0.22684022340832335]",-0.9468441630158552,0.3216926032143185,2.814076081903556,161.23468272178474,1.9732430985643181,AMBIENT_DIRECTED_NOT_PARALLEL,0.3275165716862374,18.765317278215278,AMBIENT_LINE_NOT_PARALLEL,False,False,
VB-W10-E14-LOG-M200-G30,VB-W10-E14,0.1,MODERATE,1.4,0.55,0.45,0.06351093512583883,Logarithmic,LOG-M200,2.0,0.4974516064969496,G30,0.5773502691896257,1.0,10.42477796076938,1.0,0.009201664039153823,0.0,0.0,3.1097174542045405,9.42477796076938,"[1.0, 0.0, 0.0]","[-0.1002285870203421, 3.6823385483257165e-17, 0.020077975244349802]","[0.0, -0.775459737265562, -0.6313970192200986]","[-0.002257618658824938, 0.9950725330760235, 0.0991239480431325]",-0.8342252503870723,0.5514238221337802,2.557522616752901,146.53525194919555,1.9153199473649682,AMBIENT_DIRECTED_NOT_PARALLEL,0.5840700368368923,33.46474805080445,AMBIENT_LINE_NOT_PARALLEL,False,False,
VB-W10-E14-LOG-M200-GHALF,VB-W10-E14,0.1,MODERATE,1.4,0.55,0.45,0.06351093512583883,Logarithmic,LOG-M200,2.0,0.4974516064969496,GHALF,0.5463024898437905,1.0,10.42477796076938,1.0,0.009201664039153823,0.0,0.0,3.110008025832131,9.42477796076938,"[1.0, 0.0, 0.0]","[-0.10022443880081766, 3.682186145212834e-17, 0.019895007263195423]","[0.0, -0.7700573205380598, -0.6379747041111772]","[-0.0022169454193826117, 0.9951608523932671, 0.09823422528280765]",-0.8290018503067208,0.5592458602332551,2.5481168291380807,145.99634001586995,1.9125908346045797,AMBIENT_DIRECTED_NOT_PARALLEL,0.5934758244517128,34.00365998413009,AMBIENT_LINE_NOT_PARALLEL,False,False,
VB-W10-E14-GOLDEN-MEAN-G30,VB-W10-E14,0.1,MODERATE,1.4,0.55,0.45,0.06351093512583883,Golden Mean logarithmic,GOLDEN-MEAN,,0.30634896253003313,G30,0.5773502691896257,1.0,10.42477796076938,1.0,0.05572809000084122,0.0,0.0,2.94861146044251,9.42477796076938,"[1.0, 0.0, 0.0]","[-0.10835341870443455, 3.980840021791761e-17, 0.1208249252872988]","[0.0, -0.8939158922655389, -0.44823473488241106]","[-0.04454626320262874, 0.9466589697068941, 0.3191432679975622]",-0.9892845956971077,0.14599996135756424,2.9950689638872388,171.60481098135915,1.9946351023167659,AMBIENT_DIRECTED_NOT_PARALLEL,0.14652368970255433,8.395189018640844,AMBIENT_LINE_NOT_PARALLEL,False,False,
VB-W10-E14-GOLDEN-MEAN-GHALF,VB-W10-E14,0.1,MODERATE,1.4,0.55,0.45,0.06351093512583883,Golden Mean logarithmic,GOLDEN-MEAN,,0.30634896253003313,GHALF,0.5463024898437905,1.0,10.42477796076938,1.0,0.05572809000084122,0.0,0.0,2.9503639487250326,9.42477796076938,"[1.0, 0.0, 0.0]","[-0.10820285107337674, 3.975308256768857e-17, 0.11974116766008999]","[0.0, -0.890761000053724, -0.4544720462066831]","[-0.043843716434528404, 0.9473911750229707, 0.3170610193918571]",-0.9879944807609281,0.15448917756899322,2.9864822508105484,171.112828562175,1.993988204960565,AMBIENT_DIRECTED_NOT_PARALLEL,0.15511040277924487,8.887171437825005,AMBIENT_LINE_NOT_PARALLEL,False,False,
VB-W10-E16-RECIPROCAL-G30,VB-W10-E16,0.1,MODERATE,1.6,0.55,0.45,0.0282181540576958,Reciprocal,RECIPROCAL,,,G30,0.5773502691896257,1.0,10.42477796076938,1.0,0.09592530447777489,0.0,0.0,2.8096367683208663,9.42477796076938,"[1.0, 0.0, 0.0]","[-0.12456696546509954, 4.576516066089991e-17, 0.23464278553505738]","[0.0, -0.47144642900294625, -0.8818947015264179]","[-0.03683539245659286, 0.9845867930903849, 0.17097368433346852]",-0.614960713960061,0.7885577469568935,2.2331324722108916,127.94906575129968,1.7971982160908468,AMBIENT_DIRECTED_NOT_PARALLEL,0.9084601813789016,52.05093424870032,AMBIENT_LINE_NOT_PARALLEL,False,False,
VB-W10-E16-RECIPROCAL-GHALF,VB-W10-E16,0.1,MODERATE,1.6,0.55,0.45,0.0282181540576958,Reciprocal,RECIPROCAL,,,GHALF,0.5463024898437905,1.0,10.42477796076938,1.0,0.09592530447777489,0.0,0.0,2.8126280631813176,9.42477796076938,"[1.0, 0.0, 0.0]","[-0.12413019087328969, 4.5604692279157265e-17, 0.23260558575926543]","[0.0, -0.46510174488449296, -0.8852572320548417]","[-0.036326843302709716, 0.9847285562681156, 0.1702645909335612]",-0.6087269302446826,0.7933798109322454,2.225251312277823,127.49750854946723,1.7937262501533966,AMBIENT_DIRECTED_NOT_PARALLEL,0.9163413413119704,52.50249145053277,AMBIENT_LINE_NOT_PARALLEL,False,False,
VB-W10-E16-LOG-M050-G30,VB-W10-E16,0.1,MODERATE,1.6,0.55,0.45,0.0282181540576958,Logarithmic,LOG-M050,0.5,0.1243629016242374,G30,0.5773502691896257,1.0,10.42477796076938,1.0,0.30971810485952367,0.0,0.0,2.0799184771396644,9.42477796076938,"[1.0, 0.0, 0.0]","[-0.33066508581253096, 1.2148438167903027e-16, 0.6286843566298127]","[0.0, -0.973991488012286, -0.22658460071155104]","[-0.15047999900642342, 0.9794349696720311, 0.13439832618963005]",-0.984413914598108,0.17586712241243127,2.9648061031709534,169.87087678632375,1.9921917149702777,AMBIENT_DIRECTED_NOT_PARALLEL,0.1767865504188398,10.129123213676257,AMBIENT_LINE_NOT_PARALLEL,False,False,
VB-W10-E16-LOG-M050-GHALF,VB-W10-E16,0.1,MODERATE,1.6,0.55,0.45,0.0282181540576958,Logarithmic,LOG-M050,0.5,0.1243629016242374,GHALF,0.5463024898437905,1.0,10.42477796076938,1.0,0.30971810485952367,0.0,0.0,2.08845349218488,9.42477796076938,"[1.0, 0.0, 0.0]","[-0.32731947134258754, 1.2025522286349108e-16, 0.6256662515443435]","[0.0, -0.9731096140352334, -0.23034252554011608]","[-0.15034492018984563, 0.9790975066152411, 0.13698349357833958]",-0.9843223206333597,0.1763790495012307,2.9642860466310266,169.84107974147776,1.992145737958626,AMBIENT_DIRECTED_NOT_PARALLEL,0.17730660695876663,10.15892025852224,AMBIENT_LINE_NOT_PARALLEL,False,False,
VB-W10-E16-LOG-M075-G30,VB-W10-E16,0.1,MODERATE,1.6,0.55,0.45,0.0282181540576958,Logarithmic,LOG-M075,0.75,0.1865443524363561,G30,0.5773502691896257,1.0,10.42477796076938,1.0,0.17236531991943516,0.0,0.0,2.5464610914148955,9.42477796076938,"[1.0, 0.0, 0.0]","[-0.17736636253511634, 6.516334444651177e-17, 0.4036447459189894]","[0.0, -0.94416628261057, -0.32946931690422565]","[-0.14552465640275578, 0.9276532706590982, 0.34392147914071564]",-0.9891705149109202,0.14677088413873102,2.994289645986099,171.56015935472485,1.9945779076841899,AMBIENT_DIRECTED_NOT_PARALLEL,0.14730300760369427,8.439840645275156,AMBIENT_LINE_NOT_PARALLEL,False,False,
VB-W10-E16-LOG-M075-GHALF,VB-W10-E16,0.1,MODERATE,1.6,0.55,0.45,0.0282181540576958,Logarithmic,LOG-M075,0.75,0.1865443524363561,GHALF,0.5463024898437905,1.0,10.42477796076938,1.0,0.17236531991943516,0.0,0.0,2.5516847093392996,9.42477796076938,"[1.0, 0.0, 0.0]","[-0.1760536486853887, 6.468106120223216e-17, 0.40052485993572556]","[0.0, -0.9423615512193184, -0.3345963340855966]","[-0.14427584318496428, 0.9275085823487271, 0.3448366435614434]",-0.9894295032254181,0.14501468252250474,2.9960648417193774,171.66187057805132,1.9947077496342256,AMBIENT_DIRECTED_NOT_PARALLEL,0.14552781187041577,8.338129421948667,AMBIENT_LINE_NOT_PARALLEL,False,False,
VB-W10-E16-LOG-M100-G30,VB-W10-E16,0.1,MODERATE,1.6,0.55,0.45,0.0282181540576958,Logarithmic,LOG-M100,1.0,0.2487258032484748,G30,0.5773502691896257,1.0,10.42477796076938,1.0,0.0959253044777749,0.0,0.0,2.8096367683208663,9.42477796076938,"[1.0, 0.0, 0.0]","[-0.12456696546509954, 4.576516066089991e-17, 0.23464278553505738]","[0.0, -0.9066677444646755, -0.4218454706967207]","[-0.08810932486250078, 0.9082866321476438, 0.40896471820215125]",-0.996034106145059,0.08897223946722632,3.0525026090678438,174.8955164522597,1.9980160690770528,AMBIENT_DIRECTED_NOT_PARALLEL,0.0890900445219493,5.104483547740294,AMBIENT_LINE_NOT_PARALLEL,False,False,
VB-W10-E16-LOG-M100-GHALF,VB-W10-E16,0.1,MODERATE,1.6,0.55,0.45,0.0282181540576958,Logarithmic,LOG-M100,1.0,0.2487258032484748,GHALF,0.5463024898437905,1.0,10.42477796076938,1.0,0.0959253044777749,0.0,0.0,2.8126280631813176,9.42477796076938,"[1.0, 0.0, 0.0]","[-0.12413019087328969, 4.5604692279157265e-17, 0.23260558575926543]","[0.0, -0.9038318221263045, -0.4278878793701035]","[-0.0869520241904705, 0.9090356439489772, 0.4075457563506806]",-0.9959992318793401,0.08936179326627426,3.052111497346322,174.8731074012984,1.997998614553744,AMBIENT_DIRECTED_NOT_PARALLEL,0.0894811562434715,5.1268925987016125,AMBIENT_LINE_NOT_PARALLEL,False,False,
VB-W10-E16-LOG-M125-G30,VB-W10-E16,0.1,MODERATE,1.6,0.55,0.45,0.0282181540576958,Logarithmic,LOG-M125,1.25,0.3109072540605935,G30,0.5773502691896257,1.0,10.42477796076938,1.0,0.053384660228952954,0.0,0.0,2.956721292039026,9.42477796076938,"[1.0, 0.0, 0.0]","[-0.10766804270759212, 3.955659716169396e-17, 0.1323504638002473]","[0.0, -0.8644349155639065, -0.5027447431391219]","[-0.04125094476794524, 0.9347374531159857, 0.35293661371129004]",-0.9854567185634123,0.16992661898075828,2.970837448908538,170.21644744187157,1.9927150918098715,AMBIENT_DIRECTED_NOT_PARALLEL,0.1707552046812552,9.783552558128441,AMBIENT_LINE_NOT_PARALLEL,False,False,
VB-W10-E16-LOG-M125-GHALF,VB-W10-E16,0.1,MODERATE,1.6,0.55,0.45,0.0282181540576958,Logarithmic,LOG-M125,1.25,0.3109072540605935,GHALF,0.5463024898437905,1.0,10.42477796076938,1.0,0.053384660228952954,0.0,0.0,2.9584006776816585,9.42477796076938,"[1.0, 0.0, 0.0]","[-0.10752974936720744, 3.9505789012700314e-17, 0.13116172422121272]","[0.0, -0.8606021503095658, -0.5092778601927946]","[-0.04060247913201049, 0.9356273236999662, 0.3506464741507795]",-0.9837793727042321,0.17938267988205445,2.961233736825061,169.66619527182954,1.9918731750310972,AMBIENT_DIRECTED_NOT_PARALLEL,0.18035891676473234,10.33380472817047,AMBIENT_LINE_NOT_PARALLEL,False,False,
VB-W10-E16-LOG-M150-G30,VB-W10-E16,0.1,MODERATE,1.6,0.55,0.45,0.0282181540576958,Logarithmic,LOG-M150,1.5,0.3730887048727122,G30,0.5773502691896257,1.0,10.42477796076938,1.0,0.029709803510929233,0.0,0.0,3.0386849671123177,9.42477796076938,"[1.0, 0.0, 0.0]","[-0.10238064615409853, 3.761403918217636e-17, 0.0739628285032332]","[0.0, -0.8200381061089382, -0.5723089240342719]","[-0.016736733673024504, 0.9656512353919977, 0.25930208894620715]",-0.9402717097572533,0.34042489895742345,2.794223903459746,160.09723668281381,1.969909495259746,AMBIENT_DIRECTED_NOT_PARALLEL,0.3473687501300476,19.902763317186192,AMBIENT_LINE_NOT_PARALLEL,False,False,
VB-W10-E16-LOG-M150-GHALF,VB-W10-E16,0.1,MODERATE,1.6,0.55,0.45,0.0282181540576958,Logarithmic,LOG-M150,1.5,0.3730887048727122,GHALF,0.5463024898437905,1.0,10.42477796076938,1.0,0.029709803510929233,0.0,0.0,3.039622118871914,9.42477796076938,"[1.0, 0.0, 0.0]","[-0.10233752122524181, 3.759819534035001e-17, 0.07329161649828857]","[0.0, -0.8153356194384062, -0.5789886248234853]","[-0.016450602681458038, 0.9662107194206889, 0.25722795988766767]",-0.9367180781884068,0.3500846211918169,2.7839312135181586,159.50750898932412,1.9681047117409212,AMBIENT_DIRECTED_NOT_PARALLEL,0.3576614400716345,20.492491010675874,AMBIENT_LINE_NOT_PARALLEL,False,False,
VB-W10-E16-LOG-M200-G30,VB-W10-E16,0.1,MODERATE,1.6,0.55,0.45,0.0282181540576958,Logarithmic,LOG-M200,2.0,0.4974516064969496,G30,0.5773502691896257,1.0,10.42477796076938,1.0,0.009201664039153823,0.0,0.0,3.1097174542045405,9.42477796076938,"[1.0, 0.0, 0.0]","[-0.1002285870203421, 3.6823385483257165e-17, 0.02294625742211406]","[0.0, -0.7320743504166923, -0.681224739320276]","[-0.002254231039598306, 0.9935793992237828, 0.11311452550635105]",-0.804430406425559,0.594046901530519,2.505512335535426,143.5552823441457,1.899700190254009,AMBIENT_DIRECTED_NOT_PARALLEL,0.6360803180543672,36.4447176558543,AMBIENT_LINE_NOT_PARALLEL,False,False,
VB-W10-E16-LOG-M200-GHALF,VB-W10-E16,0.1,MODERATE,1.6,0.55,0.45,0.0282181540576958,Logarithmic,LOG-M200,2.0,0.4974516064969496,GHALF,0.5463024898437905,1.0,10.42477796076938,1.0,0.009201664039153823,0.0,0.0,3.110008025832131,9.42477796076938,"[1.0, 0.0, 0.0]","[-0.10022443880081766, 3.682186145212834e-17, 0.02273715115793763]","[0.0, -0.7261475853446936, -0.6875388602094219]","[-0.0022136781500880745, 0.9936942134459468, 0.11210222920659908]",-0.7986432925604093,0.6018046952693777,2.495833762199047,143.00074094026334,1.8966514137080697,AMBIENT_DIRECTED_NOT_PARALLEL,0.6457588913907459,36.99925905973665,AMBIENT_LINE_NOT_PARALLEL,False,False,
VB-W10-E16-GOLDEN-MEAN-G30,VB-W10-E16,0.1,MODERATE,1.6,0.55,0.45,0.0282181540576958,Golden Mean logarithmic,GOLDEN-MEAN,,0.30634896253003313,G30,0.5773502691896257,1.0,10.42477796076938,1.0,0.05572809000084122,0.0,0.0,2.94861146044251,9.42477796076938,"[1.0, 0.0, 0.0]","[-0.10835341870443455, 3.980840021791761e-17, 0.13808562889977005]","[0.0, -0.867632394473291, -0.49720622286989075]","[-0.04386763110003773, 0.932237262455568, 0.35917867062371556]",-0.9874251183977967,0.15808743010466592,2.9828392287835785,170.90409877535643,1.9937026450289905,AMBIENT_DIRECTED_NOT_PARALLEL,0.15875342480621468,9.09590122464357,AMBIENT_LINE_NOT_PARALLEL,False,False,
VB-W10-E16-GOLDEN-MEAN-GHALF,VB-W10-E16,0.1,MODERATE,1.6,0.55,0.45,0.0282181540576958,Golden Mean logarithmic,GOLDEN-MEAN,,0.30634896253003313,GHALF,0.5463024898437905,1.0,10.42477796076938,1.0,0.05572809000084122,0.0,0.0,2.9503639487250326,9.42477796076938,"[1.0, 0.0, 0.0]","[-0.10820285107337674, 3.975308256768857e-17, 0.13684704875438858]","[0.0, -0.8638691978038356, -0.5037161989511134]","[-0.043184279518315556, 0.9331418192267451, 0.3569053981276895]",-0.9858915053426338,0.16738560180982073,2.9734153960544183,170.3641529331383,1.992933267996013,AMBIENT_DIRECTED_NOT_PARALLEL,0.168177257535375,9.635847066861707,AMBIENT_LINE_NOT_PARALLEL,False,False,
VB-W10-E18-RECIPROCAL-G30,VB-W10-E18,0.1,MODERATE,1.8,0.55,0.45,0.028952153282411935,Reciprocal,RECIPROCAL,,,G30,0.5773502691896257,1.0,10.42477796076938,1.0,0.09592530447777489,0.0,0.0,2.8096367683208663,9.42477796076938,"[1.0, 0.0, 0.0]","[-0.12456696546509954, 4.576516066089991e-17, 0.26397313372693954]","[0.0, -0.42919344337944587, -0.9032125930034934]","[-0.03669321111446459, 0.9807863755477095, 0.1916029587404545]",-0.5940052869320752,0.8044611358522816,2.206824914080171,126.44175370111431,1.7855000906928429,AMBIENT_DIRECTED_NOT_PARALLEL,0.9347677395096223,53.55824629888569,AMBIENT_LINE_NOT_PARALLEL,False,False,
VB-W10-E18-RECIPROCAL-GHALF,VB-W10-E18,0.1,MODERATE,1.8,0.55,0.45,0.028952153282411935,Reciprocal,RECIPROCAL,,,GHALF,0.5463024898437905,1.0,10.42477796076938,1.0,0.09592530447777489,0.0,0.0,2.8126280631813176,9.42477796076938,"[1.0, 0.0, 0.0]","[-0.12413019087328969, 4.5604692279157265e-17, 0.26168128397917356]","[0.0, -0.4231407253356459, -0.9060639748728694]","[-0.036187778925797914, 0.9809588738334609, 0.1908143928109346]",-0.5879736966115574,0.8088800480250088,2.199347807216444,126.01334703485445,1.7821187932411002,AMBIENT_DIRECTED_NOT_PARALLEL,0.9422448463733493,53.986652965145545,AMBIENT_LINE_NOT_PARALLEL,False,False,
VB-W10-E18-LOG-M050-G30,VB-W10-E18,0.1,MODERATE,1.8,0.55,0.45,0.028952153282411935,Logarithmic,LOG-M050,0.5,0.1243629016242374,G30,0.5773502691896257,1.0,10.42477796076938,1.0,0.30971810485952367,0.0,0.0,2.0799184771396644,9.42477796076938,"[1.0, 0.0, 0.0]","[-0.33066508581253096, 1.2148438167903027e-16, 0.7072699012085393]","[0.0, -0.9674173252269022, -0.253187122205744]","[-0.15012029433180402, 0.9770937459917882, 0.15083669571250669]",-0.9834473271537829,0.1811942458084149,2.9593919913725233,169.56067103046172,1.9917064679082523,AMBIENT_DIRECTED_NOT_PARALLEL,0.18220066221727008,10.439328969538295,AMBIENT_LINE_NOT_PARALLEL,False,False,
VB-W10-E18-LOG-M050-GHALF,VB-W10-E18,0.1,MODERATE,1.8,0.55,0.45,0.028952153282411935,Logarithmic,LOG-M050,0.5,0.1243629016242374,GHALF,0.5463024898437905,1.0,10.42477796076938,1.0,0.30971810485952367,0.0,0.0,2.08845349218488,9.42477796076938,"[1.0, 0.0, 0.0]","[-0.32731947134258754, 1.2025522286349108e-16, 0.7038745329873864]","[0.0, -0.9663240207804098, -0.2573283638909281]","[-0.14997163188060383, 0.9766665255593747, 0.1537238025903851]",-0.9833338185518439,0.18180924424310604,2.9587666056594357,169.52483906853402,1.9916494764650952,AMBIENT_DIRECTED_NOT_PARALLEL,0.18282604793035745,10.47516093146598,AMBIENT_LINE_NOT_PARALLEL,False,False,
VB-W10-E18-LOG-M075-G30,VB-W10-E18,0.1,MODERATE,1.8,0.55,0.45,0.028952153282411935,Logarithmic,LOG-M075,0.75,0.1865443524363561,G30,0.5773502691896257,1.0,10.42477796076938,1.0,0.17236531991943516,0.0,0.0,2.5464610914148955,9.42477796076938,"[1.0, 0.0, 0.0]","[-0.17736636253511634, 6.516334444651177e-17, 0.45410033915886305]","[0.0, -0.9308418854660818, -0.3654222000124651]","[-0.14329105892398736, 0.9134151060914325, 0.3809731176821005]",-0.9894610743763511,0.14479911012847177,2.996282713688268,171.67435372234297,1.9947235770283318,AMBIENT_DIRECTED_NOT_PARALLEL,0.14530993990152552,8.32564627765705,AMBIENT_LINE_NOT_PARALLEL,False,False,
VB-W10-E18-LOG-M075-GHALF,VB-W10-E18,0.1,MODERATE,1.8,0.55,0.45,0.028952153282411935,Logarithmic,LOG-M075,0.75,0.1865443524363561,GHALF,0.5463024898437905,1.0,10.42477796076938,1.0,0.17236531991943516,0.0,0.0,2.5516847093392996,9.42477796076938,"[1.0, 0.0, 0.0]","[-0.1760536486853887, 6.468106120223216e-17, 0.45059046742769127]","[0.0, -0.9286545589602421, -0.37094569699938335]","[-0.14204988418276004, 0.9131985216142077, 0.3819558751024652]",-0.9897308586456804,0.14294344141822016,2.99815789126507,171.7817934833313,1.9948588213934741,AMBIENT_DIRECTED_NOT_PARALLEL,0.14343476232472305,8.2182065166687,AMBIENT_LINE_NOT_PARALLEL,False,False,
VB-W10-E18-LOG-M100-G30,VB-W10-E18,0.1,MODERATE,1.8,0.55,0.45,0.028952153282411935,Logarithmic,LOG-M100,1.0,0.2487258032484748,G30,0.5773502691896257,1.0,10.42477796076938,1.0,0.0959253044777749,0.0,0.0,2.8096367683208663,9.42477796076938,"[1.0, 0.0, 0.0]","[-0.12456696546509954, 4.576516066089991e-17, 0.26397313372693954]","[0.0, -0.8859700826846126, -0.4637423989542261]","[-0.08621502598120903, 0.8887590015154201, 0.4501937433154451]",-0.9961878125785982,0.08723440874945941,3.0542472242240675,174.9954755375859,1.9980929971243073,AMBIENT_DIRECTED_NOT_PARALLEL,0.08734542936572556,5.004524462414118,AMBIENT_LINE_NOT_PARALLEL,False,False,
VB-W10-E18-LOG-M100-GHALF,VB-W10-E18,0.1,MODERATE,1.8,0.55,0.45,0.028952153282411935,Logarithmic,LOG-M100,1.0,0.2487258032484748,GHALF,0.5463024898437905,1.0,10.42477796076938,1.0,0.0959253044777749,0.0,0.0,2.8126280631813176,9.42477796076938,"[1.0, 0.0, 0.0]","[-0.12413019087328969, 4.5604692279157265e-17, 0.26168128397917356]","[0.0, -0.8826243756826555, -0.47007894172234793]","[-0.08509514465712223, 0.8896229885444821, 0.44869784332997165]",-0.9961263422026646,0.08793355656369133,3.0535453793028187,174.95526278572564,1.9980622323654809,AMBIENT_DIRECTED_NOT_PARALLEL,0.08804727428697441,5.0447372142743685,AMBIENT_LINE_NOT_PARALLEL,False,False,
VB-W10-E18-LOG-M125-G30,VB-W10-E18,0.1,MODERATE,1.8,0.55,0.45,0.028952153282411935,Logarithmic,LOG-M125,1.25,0.3109072540605935,G30,0.5773502691896257,1.0,10.42477796076938,1.0,0.053384660228952954,0.0,0.0,2.956721292039026,9.42477796076938,"[1.0, 0.0, 0.0]","[-0.10766804270759212, 3.955659716169396e-17, 0.1488942717752782]","[0.0, -0.8368009129759585, -0.5475072894880966]","[-0.04058498329146165, 0.9196469106349962, 0.39064359573752033]",-0.9834415906930181,0.18122537817642023,2.959360334914733,169.558857249036,1.9917035877323805,AMBIENT_DIRECTED_NOT_PARALLEL,0.18223231867506007,10.441142750963996,AMBIENT_LINE_NOT_PARALLEL,False,False,
VB-W10-E18-LOG-M125-GHALF,VB-W10-E18,0.1,MODERATE,1.8,0.55,0.45,0.028952153282411935,Logarithmic,LOG-M125,1.25,0.3109072540605935,GHALF,0.5463024898437905,1.0,10.42477796076938,1.0,0.053384660228952954,0.0,0.0,2.9584006776816585,9.42477796076938,"[1.0, 0.0, 0.0]","[-0.10752974936720744, 3.9505789012700314e-17, 0.1475569397488643]","[0.0, -0.8324059951545781, -0.5541662739924873]","[-0.03995526406430831, 0.9207131579988115, 0.38818920330350115]",-0.9815285169347283,0.19131589177042413,2.9490900261098303,168.97041190021903,1.99074283468997,AMBIENT_DIRECTED_NOT_PARALLEL,0.19250262747996294,11.029588099780979,AMBIENT_LINE_NOT_PARALLEL,False,False,
VB-W10-E18-LOG-M150-G30,VB-W10-E18,0.1,MODERATE,1.8,0.55,0.45,0.028952153282411935,Logarithmic,LOG-M150,1.5,0.3730887048727122,G30,0.5773502691896257,1.0,10.42477796076938,1.0,0.029709803510929233,0.0,0.0,3.0386849671123177,9.42477796076938,"[1.0, 0.0, 0.0]","[-0.10238064615409853, 3.761403918217636e-17, 0.08320818206613735]","[0.0, -0.7865364116095196, -0.6175439038743888]","[-0.01658924746643492, 0.9571417949970623, 0.2891442220385856]",-0.931386124498915,0.36403281045929287,2.7689985025280155,158.6519276729003,1.965393662602439,AMBIENT_DIRECTED_NOT_PARALLEL,0.37259415106177757,21.348072327099697,AMBIENT_LINE_NOT_PARALLEL,False,False,
VB-W10-E18-LOG-M150-GHALF,VB-W10-E18,0.1,MODERATE,1.8,0.55,0.45,0.028952153282411935,Logarithmic,LOG-M150,1.5,0.3730887048727122,GHALF,0.5463024898437905,1.0,10.42477796076938,1.0,0.029709803510929233,0.0,0.0,3.039622118871914,9.42477796076938,"[1.0, 0.0, 0.0]","[-0.10233752122524181, 3.759819534035001e-17, 0.08245306856057463]","[0.0, -0.7812922647521543, -0.6241653603320595]","[-0.016307917772833483, 0.9578302551372742, 0.28687149415997865]",-0.9274006188056942,0.37406963554773537,2.758199278162469,158.03317769473963,1.9633647744653535,AMBIENT_DIRECTED_NOT_PARALLEL,0.3833933754273244,21.966822305260372,AMBIENT_LINE_NOT_PARALLEL,False,False,
VB-W10-E18-LOG-M200-G30,VB-W10-E18,0.1,MODERATE,1.8,0.55,0.45,0.028952153282411935,Logarithmic,LOG-M200,2.0,0.4974516064969496,G30,0.5773502691896257,1.0,10.42477796076938,1.0,0.009201664039153823,0.0,0.0,3.1097174542045405,9.42477796076938,"[1.0, 0.0, 0.0]","[-0.1002285870203421, 3.6823385483257165e-17, 0.025814539599878318]","[0.0, -0.6907382870111185, -0.7231048463791026]","[-0.002250410111680814, 0.9918952793629295, 0.12703814557787468]",-0.77700194490394,0.6294981950851763,2.4606854330685426,140.9868900241487,1.8852065907501705,AMBIENT_DIRECTED_NOT_PARALLEL,0.6809072205212505,39.01310997585129,AMBIENT_LINE_NOT_PARALLEL,False,False,
VB-W10-E18-LOG-M200-GHALF,VB-W10-E18,0.1,MODERATE,1.8,0.55,0.45,0.028952153282411935,Logarithmic,LOG-M200,2.0,0.4974516064969496,GHALF,0.5463024898437905,1.0,10.42477796076938,1.0,0.009201664039153823,0.0,0.0,3.110008025832131,9.42477796076938,"[1.0, 0.0, 0.0]","[-0.10022443880081766, 3.682186145212834e-17, 0.02557929505267983]","[0.0, -0.6844471114608125, -0.7290625155725331]","[-0.0022099926510368256, 0.9920398360556559, 0.12590504204022135]",-0.770791446915461,0.6370875492127988,2.450878835694891,140.4250133832544,1.8819093744999844,AMBIENT_DIRECTED_NOT_PARALLEL,0.6907138178949023,39.57498661674562,AMBIENT_LINE_NOT_PARALLEL,False,False,
VB-W10-E18-GOLDEN-MEAN-G30,VB-W10-E18,0.1,MODERATE,1.8,0.55,0.45,0.028952153282411935,Golden Mean logarithmic,GOLDEN-MEAN,,0.30634896253003313,G30,0.5773502691896257,1.0,10.42477796076938,1.0,0.05572809000084122,0.0,0.0,2.94861146044251,9.42477796076938,"[1.0, 0.0, 0.0]","[-0.10835341870443455, 3.980840021791761e-17, 0.1553463325122413]","[0.0, -0.8404756925798749, -0.5418492504215351]","[-0.0431347830159034, 0.916663403675931, 0.3973255527340623]",-0.9857238619894275,0.16837003267995265,2.972416792772423,170.30693717967208,1.9928491473212053,AMBIENT_DIRECTED_NOT_PARALLEL,0.16917586081737024,9.693062820327949,AMBIENT_LINE_NOT_PARALLEL,False,False,
VB-W10-E18-GOLDEN-MEAN-GHALF,VB-W10-E18,0.1,MODERATE,1.8,0.55,0.45,0.028952153282411935,Golden Mean logarithmic,GOLDEN-MEAN,,0.30634896253003313,GHALF,0.5463024898437905,1.0,10.42477796076938,1.0,0.05572809000084122,0.0,0.0,2.9503639487250326,9.42477796076938,"[1.0, 0.0, 0.0]","[-0.10820285107337674, 3.975308256768857e-17, 0.15395292984868714]","[0.0, -0.8361515386373223, -0.5484984999381844]","[-0.04247172648759524, 0.9177447108623488, 0.3948934009746768]",-0.9839720901339155,0.1783225331737231,2.9623112576662636,169.72793266836783,1.9919699245389804,AMBIENT_DIRECTED_NOT_PARALLEL,0.17928139592352962,10.272067331632169,AMBIENT_LINE_NOT_PARALLEL,False,False,
VB-W10-E20-RECIPROCAL-G30,VB-W10-E20,0.1,MODERATE,2.0,0.55,0.45,0.06922938538625924,Reciprocal,RECIPROCAL,,,G30,0.5773502691896257,1.0,10.42477796076938,1.0,0.09592530447777489,0.0,0.0,2.8096367683208663,9.42477796076938,"[1.0, 0.0, 0.0]","[-0.12456696546509954, 4.576516066089991e-17, 0.29330348191882166]","[0.0, -0.39321654351850077, -0.9194458928633935]","[-0.03653623454602566, 0.976590490943202, 0.2119814061763752]",-0.5789169705539967,0.8153864980514351,2.188196149599935,125.37440411885359,1.777029527359631,AMBIENT_DIRECTED_NOT_PARALLEL,0.9533965039898581,54.62559588114642,AMBIENT_LINE_NOT_PARALLEL,False,False,
VB-W10-E20-RECIPROCAL-GHALF,VB-W10-E20,0.1,MODERATE,2.0,0.55,0.45,0.06922938538625924,Reciprocal,RECIPROCAL,,,GHALF,0.5463024898437905,1.0,10.42477796076938,1.0,0.09592530447777489,0.0,0.0,2.8126280631813176,9.42477796076938,"[1.0, 0.0, 0.0]","[-0.12413019087328969, 4.5604692279157265e-17, 0.29075698219908175]","[0.0, -0.38747445275869136, -0.9218804415212164]","[-0.036034228248045815, 0.976796504536552, 0.21111637340514677]",-0.5731077465789978,0.8194800246565765,2.181089514966369,124.96722394780875,1.7737574504869587,AMBIENT_DIRECTED_NOT_PARALLEL,0.9605031386234241,55.03277605219125,AMBIENT_LINE_NOT_PARALLEL,False,False,
VB-W10-E20-LOG-M050-G30,VB-W10-E20,0.1,MODERATE,2.0,0.55,0.45,0.06922938538625924,Logarithmic,LOG-M050,0.5,0.1243629016242374,G30,0.5773502691896257,1.0,10.42477796076938,1.0,0.30971810485952367,0.0,0.0,2.0799184771396644,9.42477796076938,"[1.0, 0.0, 0.0]","[-0.33066508581253096, 1.2148438167903027e-16, 0.7858554457872658]","[0.0, -0.9602249663632494, -0.27922753082870744]","[-0.14972130807413883, 0.9744968487578962, 0.1671508949108517]",-0.9824093354814094,0.1867401873164312,2.953749741964915,169.2373939524456,1.9911852427543801,AMBIENT_DIRECTED_NOT_PARALLEL,0.18784291162487804,10.76260604755442,AMBIENT_LINE_NOT_PARALLEL,False,False,
VB-W10-E20-LOG-M050-GHALF,VB-W10-E20,0.1,MODERATE,2.0,0.55,0.45,0.06922938538625924,Logarithmic,LOG-M050,0.5,0.1243629016242374,GHALF,0.5463024898437905,1.0,10.42477796076938,1.0,0.30971810485952367,0.0,0.0,2.08845349218488,9.42477796076938,"[1.0, 0.0, 0.0]","[-0.32731947134258754, 1.2025522286349108e-16, 0.7820828144304293]","[0.0, -0.9589055727954371, -0.2837253997474576]","[-0.14955769986642994, 0.9739708588053925, 0.17033279369677737]",-0.9822738242305682,0.18745168505899026,2.9530254544807595,169.19589533644933,1.9911171860192298,AMBIENT_DIRECTED_NOT_PARALLEL,0.18856719910903355,10.80410466355068,AMBIENT_LINE_NOT_PARALLEL,False,False,
VB-W10-E20-LOG-M075-G30,VB-W10-E20,0.1,MODERATE,2.0,0.55,0.45,0.06922938538625924,Logarithmic,LOG-M075,0.75,0.1865443524363561,G30,0.5773502691896257,1.0,10.42477796076938,1.0,0.17236531991943516,0.0,0.0,2.5464610914148955,9.42477796076938,"[1.0, 0.0, 0.0]","[-0.17736636253511634, 6.516334444651177e-17, 0.5045559323987368]","[0.0, -0.9165974404172981, -0.39981137079935275]","[-0.14091243131463707, 0.8982524406295264, 0.41627663831170836]",-0.9897680213247656,0.14268589265536605,2.9984181073874505,171.79670276890496,1.9948774505341251,AMBIENT_DIRECTED_NOT_PARALLEL,0.14317454620234293,8.203297231095059,AMBIENT_LINE_NOT_PARALLEL,False,False,
VB-W10-E20-LOG-M075-GHALF,VB-W10-E20,0.1,MODERATE,2.0,0.55,0.45,0.06922938538625924,Logarithmic,LOG-M075,0.75,0.1865443524363561,GHALF,0.5463024898437905,1.0,10.42477796076938,1.0,0.17236531991943516,0.0,0.0,2.5516847093392996,9.42477796076938,"[1.0, 0.0, 0.0]","[-0.1760536486853887, 6.468106120223216e-17, 0.5006560749196569]","[0.0, -0.9140209089259738, -0.40566707784356476]","[-0.13967998198903436, 0.8979630908207821, 0.41731497715170834]",-0.9900479877754755,0.14073017409827915,3.000393763622135,171.9098995329211,1.9950177882793303,AMBIENT_DIRECTED_NOT_PARALLEL,0.14119888996765803,8.090100467078907,AMBIENT_LINE_NOT_PARALLEL,False,False,
VB-W10-E20-LOG-M100-G30,VB-W10-E20,0.1,MODERATE,2.0,0.55,0.45,0.06922938538625924,Logarithmic,LOG-M100,1.0,0.2487258032484748,G30,0.5773502691896257,1.0,10.42477796076938,1.0,0.0959253044777749,0.0,0.0,2.8096367683208663,9.42477796076938,"[1.0, 0.0, 0.0]","[-0.12456696546509954, 4.576516066089991e-17, 0.29330348191882166]","[0.0, -0.8644349155639067, -0.5027447431391219]","[-0.08423594785239914, 0.8683574127939199, 0.4887327579928092]",-0.9963462916885741,0.0854053103643273,3.0560831756062132,175.10066780317405,1.9981723107322722,AMBIENT_DIRECTED_NOT_PARALLEL,0.08550947798357982,4.899332196825957,AMBIENT_LINE_NOT_PARALLEL,False,False,
VB-W10-E20-LOG-M100-GHALF,VB-W10-E20,0.1,MODERATE,2.0,0.55,0.45,0.06922938538625924,Logarithmic,LOG-M100,1.0,0.2487258032484748,GHALF,0.5463024898437905,1.0,10.42477796076938,1.0,0.0959253044777749,0.0,0.0,2.8126280631813176,9.42477796076938,"[1.0, 0.0, 0.0]","[-0.12413019087328969, 4.5604692279157265e-17, 0.29075698219908175]","[0.0, -0.8606021503095658, -0.5092778601927946]","[-0.08315429328910316, 0.8693324537402352, 0.48718215113196794]",-0.9962604624753488,0.08640075756846215,3.0550840350389707,175.04342126553072,1.998129356410815,AMBIENT_DIRECTED_NOT_PARALLEL,0.08650861855082247,4.956578734469267,AMBIENT_LINE_NOT_PARALLEL,False,False,
VB-W10-E20-LOG-M125-G30,VB-W10-E20,0.1,MODERATE,2.0,0.55,0.45,0.06922938538625924,Logarithmic,LOG-M125,1.25,0.3109072540605935,G30,0.5773502691896257,1.0,10.42477796076938,1.0,0.053384660228952954,0.0,0.0,2.956721292039026,9.42477796076938,"[1.0, 0.0, 0.0]","[-0.10766804270759212, 3.955659716169396e-17, 0.1654380797503091]","[0.0, -0.8088469009266271, -0.5880192946335954]","[-0.03987753771858697, 0.9036163475357258, 0.42648244799955953]",-0.98166719057722,0.1906030612142108,2.949816220163902,169.01201975462482,1.9908124927160868,AMBIENT_DIRECTED_NOT_PARALLEL,0.19177643342589143,10.987980245375185,AMBIENT_LINE_NOT_PARALLEL,False,False,
VB-W10-E20-LOG-M125-GHALF,VB-W10-E20,0.1,MODERATE,2.0,0.55,0.45,0.06922938538625924,Logarithmic,LOG-M125,1.25,0.3109072540605935,GHALF,0.5463024898437905,1.0,10.42477796076938,1.0,0.053384660228952954,0.0,0.0,2.9584006776816585,9.42477796076938,"[1.0, 0.0, 0.0]","[-0.10752974936720744, 3.9505789012700314e-17, 0.16395215527651588]","[0.0, -0.8039527818617191, -0.594693134765152]","[-0.03926729549410843, 0.9048598848517947, 0.4238946429132775]",-0.9795518556259271,0.20119185405926165,2.9390181504846664,168.39333593511645,1.9897496604477294,AMBIENT_DIRECTED_NOT_PARALLEL,0.20257450310512698,11.606664064883566,AMBIENT_LINE_NOT_PARALLEL,False,False,
VB-W10-E20-LOG-M150-G30,VB-W10-E20,0.1,MODERATE,2.0,0.55,0.45,0.06922938538625924,Logarithmic,LOG-M150,1.5,0.3730887048727122,G30,0.5773502691896257,1.0,10.42477796076938,1.0,0.029709803510929233,0.0,0.0,3.0386849671123177,9.42477796076938,"[1.0, 0.0, 0.0]","[-0.10238064615409853, 3.761403918217636e-17, 0.0924535356290415]","[0.0, -0.7535536869489173, -0.6573863710830131]","[-0.016428936461676886, 0.9478924084192597, 0.3181667363315557]",-0.9234462953915493,0.3837276892897142,2.7477630113828755,157.43522365439634,1.9613496860027533,AMBIENT_DIRECTED_NOT_PARALLEL,0.39382964220691774,22.564776345603658,AMBIENT_LINE_NOT_PARALLEL,False,False,
VB-W10-E20-LOG-M150-GHALF,VB-W10-E20,0.1,MODERATE,2.0,0.55,0.45,0.06922938538625924,Logarithmic,LOG-M150,1.5,0.3730887048727122,GHALF,0.5463024898437905,1.0,10.42477796076938,1.0,0.029709803510929233,0.0,0.0,3.039622118871914,9.42477796076938,"[1.0, 0.0, 0.0]","[-0.10233752122524181, 3.759819534035001e-17, 0.0916145206228607]","[0.0, -0.7478677878806277, -0.6638477023011653]","[-0.01615275798094581, 0.9487170902856344, 0.3157134317851687]",-0.919100587912663,0.39402298067320535,2.7365880618200493,156.79494620817485,1.9591327611535994,AMBIENT_DIRECTED_NOT_PARALLEL,0.4050045917697438,23.205053791825154,AMBIENT_LINE_NOT_PARALLEL,False,False,
VB-W10-E20-LOG-M200-G30,VB-W10-E20,0.1,MODERATE,2.0,0.55,0.45,0.06922938538625924,Logarithmic,LOG-M200,2.0,0.4974516064969496,G30,0.5773502691896257,1.0,10.42477796076938,1.0,0.009201664039153823,0.0,0.0,3.1097174542045405,9.42477796076938,"[1.0, 0.0, 0.0]","[-0.1002285870203421, 3.6823385483257165e-17, 0.028682821777642576]","[0.0, -0.6519152548161192, -0.758291830720887]","[-0.0022461625702135763, 0.9900231244573046, 0.1408870746147594]",-0.7522446951889703,0.6588838429951468,2.422258627216361,138.78519622865008,1.8720281489277724,AMBIENT_DIRECTED_NOT_PARALLEL,0.7193340263734325,41.21480377134993,AMBIENT_LINE_NOT_PARALLEL,False,False,
VB-W10-E20-LOG-M200-GHALF,VB-W10-E20,0.1,MODERATE,2.0,0.55,0.45,0.06922938538625924,Logarithmic,LOG-M200,2.0,0.4974516064969496,GHALF,0.5463024898437905,1.0,10.42477796076938,1.0,0.009201664039153823,0.0,0.0,3.110008025832131,9.42477796076938,"[1.0, 0.0, 0.0]","[-0.10022443880081766, 3.682186145212834e-17, 0.028421438947422033]","[0.0, -0.6453946117821173, -0.7638493274740839]","[-0.0022058952680196068, 0.9902005687735895, 0.13963512318369745]",-0.7457303066056907,0.6662479341880039,2.412426644891755,138.22186513720294,1.8685450524970977,AMBIENT_DIRECTED_NOT_PARALLEL,0.7291660086980384,41.778134862797074,AMBIENT_LINE_NOT_PARALLEL,False,False,
VB-W10-E20-GOLDEN-MEAN-G30,VB-W10-E20,0.1,MODERATE,2.0,0.55,0.45,0.06922938538625924,Golden Mean logarithmic,GOLDEN-MEAN,,0.30634896253003313,G30,0.5773502691896257,1.0,10.42477796076938,1.0,0.05572809000084122,0.0,0.0,2.94861146044251,9.42477796076938,"[1.0, 0.0, 0.0]","[-0.10835341870443455, 3.980840021791761e-17, 0.17260703612471257]","[0.0, -0.8129481746600157, -0.5823360415747498]","[-0.04235764607730711, 0.900148356156315, 0.4335190500172666]",-0.9842277305947911,0.17690611727192335,2.9637505583331607,169.8103985220314,1.9920982559074694,AMBIENT_DIRECTED_NOT_PARALLEL,0.17784209525663255,10.189601477968603,AMBIENT_LINE_NOT_PARALLEL,False,False,
VB-W10-E20-GOLDEN-MEAN-GHALF,VB-W10-E20,0.1,MODERATE,2.0,0.55,0.45,0.06922938538625924,Golden Mean logarithmic,GOLDEN-MEAN,,0.30634896253003313,GHALF,0.5463024898437905,1.0,10.42477796076938,1.0,0.05572809000084122,0.0,0.0,2.9503639487250326,9.42477796076938,"[1.0, 0.0, 0.0]","[-0.10820285107337674, 3.975308256768857e-17, 0.1710588109429857]","[0.0, -0.8081230234001477, -0.5890137341782483]","[-0.04171562685614053, 0.9014066315084237, 0.43095926854940253]",-0.9822883804145406,0.18737539246811233,2.9531031232770535,169.20034543067683,1.991124496566973,AMBIENT_DIRECTED_NOT_PARALLEL,0.18848953031273968,10.79965456932318,AMBIENT_LINE_NOT_PARALLEL,False,False,
VB-W10-E22-RECIPROCAL-G30,VB-W10-E22,0.1,MODERATE,2.2,0.55,0.45,0.11488381408925108,Reciprocal,RECIPROCAL,,,G30,0.5773502691896257,1.0,10.42477796076938,1.0,0.09592530447777489,0.0,0.0,2.8096367683208663,9.42477796076938,"[1.0, 0.0, 0.0]","[-0.12456696546509954, 4.576516066089991e-17, 0.3226338301107039]","[0.0, -0.36236462901602934, -0.9320364132575913]","[-0.0363650564681744, 0.9720150089548518, 0.23208706347956104]",-0.5685374523269143,0.8226573802632672,2.175523254264716,124.6483007019345,1.7711789589575158,AMBIENT_DIRECTED_NOT_PARALLEL,0.9660693993250774,55.35169929806552,AMBIENT_LINE_NOT_PARALLEL,False,False,
VB-W10-E22-RECIPROCAL-GHALF,VB-W10-E22,0.1,MODERATE,2.2,0.55,0.45,0.11488381408925108,Reciprocal,RECIPROCAL,,,GHALF,0.5463024898437905,1.0,10.42477796076938,1.0,0.09592530447777489,0.0,0.0,2.8126280631813176,9.42477796076938,"[1.0, 0.0, 0.0]","[-0.12413019087328969, 4.5604692279157265e-17, 0.31983268041898993]","[0.0, -0.35693041757706856, -0.9341309742259163]","[-0.035866767625654244, 0.9722570719317073, 0.2311487855448739]",-0.5629513629090128,0.8264900259524522,2.168748762144786,124.26015089511787,1.768022263948626,AMBIENT_DIRECTED_NOT_PARALLEL,0.9728438914450073,55.73984910488213,AMBIENT_LINE_NOT_PARALLEL,False,False,
VB-W10-E22-LOG-M050-G30,VB-W10-E22,0.1,MODERATE,2.2,0.55,0.45,0.11488381408925108,Logarithmic,LOG-M050,0.5,0.1243629016242374,G30,0.5773502691896257,1.0,10.42477796076938,1.0,0.30971810485952367,0.0,0.0,2.0799184771396644,9.42477796076938,"[1.0, 0.0, 0.0]","[-0.33066508581253096, 1.2148438167903027e-16, 0.8644409903659925]","[0.0, -0.9524591832950028, -0.3046662176169456]","[-0.14928400316855556, 0.9716505454633362, 0.1833289499745523]",-0.9813116227485863,0.19242530773922667,2.947959607153916,168.90564366496355,1.990633880324851,AMBIENT_DIRECTED_NOT_PARALLEL,0.1936330464358774,11.094356335036462,AMBIENT_LINE_NOT_PARALLEL,False,False,
VB-W10-E22-LOG-M050-GHALF,VB-W10-E22,0.1,MODERATE,2.2,0.55,0.45,0.11488381408925108,Logarithmic,LOG-M050,0.5,0.1243629016242374,GHALF,0.5463024898437905,1.0,10.42477796076938,1.0,0.30971810485952367,0.0,0.0,2.08845349218488,9.42477796076938,"[1.0, 0.0, 0.0]","[-0.32731947134258754, 1.2025522286349108e-16, 0.8602910958734723]","[0.0, -0.9509017499605158, -0.30949291093986114]","[-0.149104159873674, 0.9710172513572864, 0.18679787759743438]",-0.9811546224525117,0.19322423978390876,2.9471453949324333,168.85899274104463,1.9905550092637538,AMBIENT_DIRECTED_NOT_PARALLEL,0.19444725865736004,11.141007258955389,AMBIENT_LINE_NOT_PARALLEL,False,False,
VB-W10-E22-LOG-M075-G30,VB-W10-E22,0.1,MODERATE,2.2,0.55,0.45,0.11488381408925108,Logarithmic,LOG-M075,0.75,0.1865443524363561,G30,0.5773502691896257,1.0,10.42477796076938,1.0,0.17236531991943516,0.0,0.0,2.5464610914148955,9.42477796076938,"[1.0, 0.0, 0.0]","[-0.17736636253511634, 6.516334444651177e-17, 0.5550115256386104]","[0.0, -0.9015899167785228, -0.43259174976332626]","[-0.1384164409720145, 0.882341641304502, 0.44979341579075893]",-0.9900872477228989,0.14045370018798056,3.0006730111235638,171.92589923619252,1.9950374671784483,AMBIENT_DIRECTED_NOT_PARALLEL,0.14091964246622926,8.074100763807465,AMBIENT_LINE_NOT_PARALLEL,False,False,
VB-W10-E22-LOG-M075-GHALF,VB-W10-E22,0.1,MODERATE,2.2,0.55,0.45,0.11488381408925108,Logarithmic,LOG-M075,0.75,0.1865443524363561,GHALF,0.5463024898437905,1.0,10.42477796076938,1.0,0.17236531991943516,0.0,0.0,2.5516847093392996,9.42477796076938,"[1.0, 0.0, 0.0]","[-0.1760536486853887, 6.468106120223216e-17, 0.5507216824116227]","[0.0, -0.89862508616326, -0.43871739709985674]","[-0.1371937918661752, 0.8819800778270808, 0.4508758208082544]",-0.9903764899518982,0.1383994514098878,3.002747523271696,172.04476002682912,1.9951824427615126,AMBIENT_DIRECTED_NOT_PARALLEL,0.1388451303180974,7.95523997317089,AMBIENT_LINE_NOT_PARALLEL,False,False,
VB-W10-E22-LOG-M100-G30,VB-W10-E22,0.1,MODERATE,2.2,0.55,0.45,0.11488381408925108,Logarithmic,LOG-M100,1.0,0.2487258032484748,G30,0.5773502691896257,1.0,10.42477796076938,1.0,0.0959253044777749,0.0,0.0,2.8096367683208663,9.42477796076938,"[1.0, 0.0, 0.0]","[-0.12456696546509954, 4.576516066089991e-17, 0.3226338301107039]","[0.0, -0.8423683381294267, -0.5389022016257381]","[-0.08219958397736304, 0.8473652863785823, 0.5246096642595253]",-0.9965069911388897,0.0835093803791951,3.0579859041507294,175.20968611833388,1.9982527323333703,AMBIENT_DIRECTED_NOT_PARALLEL,0.08360674943906403,4.7903138816661315,AMBIENT_LINE_NOT_PARALLEL,False,False,
VB-W10-E22-LOG-M100-GHALF,VB-W10-E22,0.1,MODERATE,2.2,0.55,0.45,0.11488381408925108,Logarithmic,LOG-M100,1.0,0.2487258032484748,GHALF,0.5463024898437905,1.0,10.42477796076938,1.0,0.0959253044777749,0.0,0.0,2.8126280631813176,9.42477796076938,"[1.0, 0.0, 0.0]","[-0.12413019087328969, 4.5604692279157265e-17, 0.31983268041898993]","[0.0, -0.8380811031858474, -0.5455456575602017]","[-0.08115635801896104, 0.8484451380995596, 0.5230243715051122]",-0.9963995120039153,0.08478214716766526,3.0567086072846483,175.13650239872214,1.9981989450522264,AMBIENT_DIRECTED_NOT_PARALLEL,0.08488404630514491,4.863497601277853,AMBIENT_LINE_NOT_PARALLEL,False,False,
VB-W10-E22-LOG-M125-G30,VB-W10-E22,0.1,MODERATE,2.2,0.55,0.45,0.11488381408925108,Logarithmic,LOG-M125,1.25,0.3109072540605935,G30,0.5773502691896257,1.0,10.42477796076938,1.0,0.053384660228952954,0.0,0.0,2.956721292039026,9.42477796076938,"[1.0, 0.0, 0.0]","[-0.10766804270759212, 3.955659716169396e-17, 0.18198188772534002]","[0.0, -0.7809895117245733, -0.6245441398141627]","[-0.03913709533158215, 0.8868380837916714, 0.46041991801585097]",-0.9801638036897309,0.19818909641168178,2.9420826310723345,168.5689177391896,1.9900571869620889,AMBIENT_DIRECTED_NOT_PARALLEL,0.1995100225174588,11.43108226081041,AMBIENT_LINE_NOT_PARALLEL,False,False,
VB-W10-E22-LOG-M125-GHALF,VB-W10-E22,0.1,MODERATE,2.2,0.55,0.45,0.11488381408925108,Logarithmic,LOG-M125,1.25,0.3109072540605935,GHALF,0.5463024898437905,1.0,10.42477796076938,1.0,0.053384660228952954,0.0,0.0,2.9584006776816585,9.42477796076938,"[1.0, 0.0, 0.0]","[-0.10752974936720744, 3.9505789012700314e-17, 0.1803473708041675]","[0.0, -0.7756648378051053, -0.6311450383174849]","[-0.03854676406511606, 0.8882562461833778, 0.45772807221790823]",-0.977881938804162,0.20915762898018703,2.930879197360665,167.92700827145637,1.988910223617025,AMBIENT_DIRECTED_NOT_PARALLEL,0.2107134562291283,12.072991728543657,AMBIENT_LINE_NOT_PARALLEL,False,False,
VB-W10-E22-LOG-M150-G30,VB-W10-E22,0.1,MODERATE,2.2,0.55,0.45,0.11488381408925108,Logarithmic,LOG-M150,1.5,0.3730887048727122,G30,0.5773502691896257,1.0,10.42477796076938,1.0,0.029709803510929233,0.0,0.0,3.0386849671123177,9.42477796076938,"[1.0, 0.0, 0.0]","[-0.10238064615409853, 3.761403918217636e-17, 0.10169888919194565]","[0.0, -0.7215243689095358, -0.6923890417024926]","[-0.016257046471915036, 0.9379749547387619, 0.34632166077626075]",-0.9165611100965267,0.39989465045011924,2.7301907504220533,156.42840726483874,1.95783610657099,AMBIENT_DIRECTED_NOT_PARALLEL,0.4114019031677398,23.571592735161264,AMBIENT_LINE_NOT_PARALLEL,False,False,
VB-W10-E22-LOG-M150-GHALF,VB-W10-E22,0.1,MODERATE,2.2,0.55,0.45,0.11488381408925108,Logarithmic,LOG-M150,1.5,0.3730887048727122,GHALF,0.5463024898437905,1.0,10.42477796076938,1.0,0.029709803510929233,0.0,0.0,3.039622118871914,9.42477796076938,"[1.0, 0.0, 0.0]","[-0.10233752122524181, 3.759819534035001e-17, 0.10077597268514678]","[0.0, -0.7154923970782059, -0.6986205191112576]","[-0.015986313749444328, 0.938941144456991, 0.3437062190570608]",-0.911925467342298,0.41035587239922805,2.71874838279494,155.772807892168,1.955466935206166,AMBIENT_DIRECTED_NOT_PARALLEL,0.4228442707948532,24.227192107831986,AMBIENT_LINE_NOT_PARALLEL,False,False,
VB-W10-E22-LOG-M200-G30,VB-W10-E22,0.1,MODERATE,2.2,0.55,0.45,0.11488381408925108,Logarithmic,LOG-M200,2.0,0.4974516064969496,G30,0.5773502691896257,1.0,10.42477796076938,1.0,0.009201664039153823,0.0,0.0,3.1097174542045405,9.42477796076938,"[1.0, 0.0, 0.0]","[-0.1002285870203421, 3.6823385483257165e-17, 0.031551103955406834]","[0.0, -0.6157954921564435, -0.7879060298283062]","[-0.002241495786596733, 0.9879661835400344, 0.15465379361004344]",-0.7302377787481342,0.68319308141183,2.3894662530547754,136.9063315889774,1.8602353500286648,AMBIENT_DIRECTED_NOT_PARALLEL,0.7521264005350178,43.09366841102262,AMBIENT_LINE_NOT_PARALLEL,False,False,
VB-W10-E22-LOG-M200-GHALF,VB-W10-E22,0.1,MODERATE,2.2,0.55,0.45,0.11488381408925108,Logarithmic,LOG-M200,2.0,0.4974516064969496,GHALF,0.5463024898437905,1.0,10.42477796076938,1.0,0.009201664039153823,0.0,0.0,3.110008025832131,9.42477796076938,"[1.0, 0.0, 0.0]","[-0.10022443880081766, 3.682186145212834e-17, 0.03126358284216424]","[0.0, -0.609153549733852, -0.7930523014572541]","[-0.0022013929896678094, 0.9881795487145869, 0.15328513747633937]",-0.7235162109286892,0.690307389880329,2.3796788313495743,136.34555363295462,1.8566185450591026,AMBIENT_DIRECTED_NOT_PARALLEL,0.7619138222402189,43.65444636704538,AMBIENT_LINE_NOT_PARALLEL,False,False,
VB-W10-E22-GOLDEN-MEAN-G30,VB-W10-E22,0.1,MODERATE,2.2,0.55,0.45,0.11488381408925108,Golden Mean logarithmic,GOLDEN-MEAN,,0.30634896253003313,G30,0.5773502691896257,1.0,10.42477796076938,1.0,0.05572809000084122,0.0,0.0,2.94861146044251,9.42477796076938,"[1.0, 0.0, 0.0]","[-0.10835341870443455, 3.980840021791761e-17, 0.18986773973718382]","[0.0, -0.7854611309751315, -0.6189109885333006]","[-0.0415457338525428, 0.8828942940884904, 0.46773028281760826]",-0.9829625624718423,0.1838058779767112,2.956735749002591,169.4084795533008,1.9914630614057809,AMBIENT_DIRECTED_NOT_PARALLEL,0.18485690458720194,10.591520446699219,AMBIENT_LINE_NOT_PARALLEL,False,False,
VB-W10-E22-GOLDEN-MEAN-GHALF,VB-W10-E22,0.1,MODERATE,2.2,0.55,0.45,0.11488381408925108,Golden Mean logarithmic,GOLDEN-MEAN,,0.30634896253003313,GHALF,0.5463024898437905,1.0,10.42477796076938,1.0,0.05572809000084122,0.0,0.0,2.9503639487250326,9.42477796076938,"[1.0, 0.0, 0.0]","[-0.10820285107337674, 3.975308256768857e-17, 0.18816469203728428]","[0.0, -0.7802011737543538, -0.6255286791765254]","[-0.0409251698887223, 0.8843261461831038, 0.4650724649412379]",-0.9808684619497855,0.1946716732148322,2.9456699452500645,168.77445570136098,1.9904112449188915,AMBIENT_DIRECTED_NOT_PARALLEL,0.19592270833972872,11.225544298639031,AMBIENT_LINE_NOT_PARALLEL,False,False,
VB-W20-E14-RECIPROCAL-G30,VB-W20-E14,0.2,MODERATE,1.4,0.6,0.4,0.07286120232770849,Reciprocal,RECIPROCAL,,,G30,0.5773502691896257,1.0,10.42477796076938,1.0,0.09592530447777489,0.0,0.0,2.8096367683208663,9.42477796076938,"[1.0, 0.0, 0.0]","[-0.22183730263564394, 8.150170278126722e-17, 0.18249994430504457]","[0.0, -0.5664290680368047, -0.8241104967678526]","[-0.018616859233158436, 0.9969636711231461, 0.07560986055371482]",-0.6270200828423051,0.7790030909517811,2.248518326072516,128.83061024177582,1.8038958300535568,AMBIENT_DIRECTED_NOT_PARALLEL,0.8930743275172773,51.16938975822419,AMBIENT_LINE_NOT_PARALLEL,False,False,
VB-W20-E14-RECIPROCAL-GHALF,VB-W20-E14,0.2,MODERATE,1.4,0.6,0.4,0.07286120232770849,Reciprocal,RECIPROCAL,,,GHALF,0.5463024898437905,1.0,10.42477796076938,1.0,0.09592530447777489,0.0,0.0,2.8126280631813176,9.42477796076938,"[1.0, 0.0, 0.0]","[-0.22144905855403518, 8.135906421971819e-17, 0.18091545559053973]","[0.0, -0.5597553386496378, -0.8286579275269315]","[-0.0183256261939425, 0.997003385025355, 0.07515598228074573]",-0.6203565679377165,0.7843199147137205,2.239993568838815,128.34217763091112,1.8001980823996655,AMBIENT_DIRECTED_NOT_PARALLEL,0.9015990847509784,51.65782236908888,AMBIENT_LINE_NOT_PARALLEL,False,False,
VB-W20-E14-LOG-M050-G30,VB-W20-E14,0.2,MODERATE,1.4,0.6,0.4,0.07286120232770849,Logarithmic,LOG-M050,0.5,0.1243629016242374,G30,0.5773502691896257,1.0,10.42477796076938,1.0,0.30971810485952367,0.0,0.0,2.0799184771396644,9.42477796076938,"[1.0, 0.0, 0.0]","[-0.4050356318333608, 1.4880767701960532e-16, 0.4889767218231876]","[0.0, -0.9840219197112295, -0.1780473575423864]","[-0.1103928476949948, 0.9901367379621097, 0.0862708485848053]",-0.9896765502895538,0.1433189652731573,2.9977784606852547,171.76005371248968,1.9948315970475072,AMBIENT_DIRECTED_NOT_PARALLEL,0.1438141929045387,8.239946287510337,AMBIENT_LINE_NOT_PARALLEL,False,False,
VB-W20-E14-LOG-M050-GHALF,VB-W20-E14,0.2,MODERATE,1.4,0.6,0.4,0.07286120232770849,Logarithmic,LOG-M050,0.5,0.1243629016242374,GHALF,0.5463024898437905,1.0,10.42477796076938,1.0,0.30971810485952367,0.0,0.0,2.08845349218488,9.42477796076938,"[1.0, 0.0, 0.0]","[-0.40206175230452224, 1.4771509140579272e-16, 0.4866293067567115]","[0.0, -0.9834715024333847, -0.18106298324456363]","[-0.11001393318582396, 0.9900527169679261, 0.08770719542553453]",-0.989569159500462,0.14405859420926395,2.997031076064922,171.71723172807162,1.9947777618072957,AMBIENT_DIRECTED_NOT_PARALLEL,0.14456157752487106,8.282768271928369,AMBIENT_LINE_NOT_PARALLEL,False,False,
VB-W20-E14-LOG-M075-G30,VB-W20-E14,0.2,MODERATE,1.4,0.6,0.4,0.07286120232770849,Logarithmic,LOG-M075,0.75,0.1865443524363561,G30,0.5773502691896257,1.0,10.42477796076938,1.0,0.17236531991943516,0.0,0.0,2.5464610914148955,9.42477796076938,"[1.0, 0.0, 0.0]","[-0.2687701000312145, 9.874453281292223e-17, 0.31394591349254725]","[0.0, -0.9650863887940628, -0.26193178914449256]","[-0.09003208257120783, 0.9783823502958897, 0.1861778739200288]",-0.9929893929218989,0.1182034920998469,3.023112158470875,173.21156767506562,1.9964916192771254,AMBIENT_DIRECTED_NOT_PARALLEL,0.11848049511891821,6.788432324934364,AMBIENT_LINE_NOT_PARALLEL,False,False,
VB-W20-E14-LOG-M075-GHALF,VB-W20-E14,0.2,MODERATE,1.4,0.6,0.4,0.07286120232770849,Logarithmic,LOG-M075,0.75,0.1865443524363561,GHALF,0.5463024898437905,1.0,10.42477796076938,1.0,0.17236531991943516,0.0,0.0,2.5516847093392996,9.42477796076938,"[1.0, 0.0, 0.0]","[-0.26760324327590096, 9.831583659578476e-17, 0.31151933550556427]","[0.0, -0.9639192166126752, -0.2661949357985726]","[-0.08900810834683028, 0.9784817996566301, 0.18614758765356404]",-0.9927289549392794,0.12037118436389307,3.020928876632022,173.08647484021182,1.9963611671935915,AMBIENT_DIRECTED_NOT_PARALLEL,0.12066377695777096,6.913525159788188,AMBIENT_LINE_NOT_PARALLEL,False,False,
VB-W20-E14-LOG-M100-G30,VB-W20-E14,0.2,MODERATE,1.4,0.6,0.4,0.07286120232770849,Logarithmic,LOG-M100,1.0,0.2487258032484748,G30,0.5773502691896257,1.0,10.42477796076938,1.0,0.0959253044777749,0.0,0.0,2.8096367683208663,9.42477796076938,"[1.0, 0.0, 0.0]","[-0.22183730263564394, 8.150170278126722e-17, 0.18249994430504457]","[0.0, -0.9403236751100232, -0.3402813336455283]","[-0.0474554814362155, 0.98010283663647, 0.19273403150144972]",-0.9871976946099571,0.1595014475068682,2.9814070391510183,170.82204035394835,1.9935885706985568,AMBIENT_DIRECTED_NOT_PARALLEL,0.16018561443877505,9.177959646051672,AMBIENT_LINE_NOT_PARALLEL,False,False,
VB-W20-E14-LOG-M100-GHALF,VB-W20-E14,0.2,MODERATE,1.4,0.6,0.4,0.07286120232770849,Logarithmic,LOG-M100,1.0,0.2487258032484748,GHALF,0.5463024898437905,1.0,10.42477796076938,1.0,0.0959253044777749,0.0,0.0,2.8126280631813176,9.42477796076938,"[1.0, 0.0, 0.0]","[-0.22144905855403518, 8.135906421971819e-17, 0.18091545559053973]","[0.0, -0.938406751735915, -0.345532586446559]","[-0.04672334484643749, 0.9803566050174842, 0.19161903883735873]",-0.9861838793591832,0.16565432711544922,2.9751711851718503,170.46475223928215,1.9930799679687634,AMBIENT_DIRECTED_NOT_PARALLEL,0.1664214684179428,9.535247760717844,AMBIENT_LINE_NOT_PARALLEL,False,False,
VB-W20-E14-LOG-M125-G30,VB-W20-E14,0.2,MODERATE,1.4,0.6,0.4,0.07286120232770849,Logarithmic,LOG-M125,1.25,0.3109072540605935,G30,0.5773502691896257,1.0,10.42477796076938,1.0,0.053384660228952954,0.0,0.0,2.956721292039026,9.42477796076938,"[1.0, 0.0, 0.0]","[-0.20681603796230402, 7.598297967086192e-17, 0.10293924962241453]","[0.0, -0.9111198764296723, -0.41214144510686945]","[-0.02018313859885919, 0.9883126759601303, 0.15109829731941313]",-0.962745193805083,0.27041022873629095,2.86777354447902,164.31132069792054,1.981285034418361,AMBIENT_DIRECTED_NOT_PARALLEL,0.27381910911077295,15.688679302079478,AMBIENT_LINE_NOT_PARALLEL,False,False,
VB-W20-E14-LOG-M125-GHALF,VB-W20-E14,0.2,MODERATE,1.4,0.6,0.4,0.07286120232770849,Logarithmic,LOG-M125,1.25,0.3109072540605935,GHALF,0.5463024898437905,1.0,10.42477796076938,1.0,0.053384660228952954,0.0,0.0,2.9584006776816585,9.42477796076938,"[1.0, 0.0, 0.0]","[-0.20669311054862877, 7.593781687175647e-17, 0.10201467439427654]","[0.0, -0.9083990548106542, -0.4181042420486907]","[-0.019837062569819063, 0.9885021030342062, 0.14990024431452023]",-0.9606283041066528,0.27783675305685585,2.8600511885018842,163.868862292533,1.9802163033904416,AMBIENT_DIRECTED_NOT_PARALLEL,0.28154146508790884,16.13113770746699,AMBIENT_LINE_NOT_PARALLEL,False,False,
VB-W20-E14-LOG-M150-G30,VB-W20-E14,0.2,MODERATE,1.4,0.6,0.4,0.07286120232770849,Logarithmic,LOG-M150,1.5,0.3730887048727122,G30,0.5773502691896257,1.0,10.42477796076938,1.0,0.029709803510929233,0.0,0.0,3.0386849671123177,9.42477796076938,"[1.0, 0.0, 0.0]","[-0.20211612991475414, 7.425626146684627e-17, 0.05752664439140359]","[0.0, -0.8788688807836577, -0.4770634029037243]","[-0.007760413044045727, 0.994420484968816, 0.10520301832062931]",-0.9241537285686676,0.38202079259201277,2.749610701564689,157.54108850366202,1.9617103397640885,AMBIENT_DIRECTED_NOT_PARALLEL,0.39198195202510394,22.45891149633797,AMBIENT_LINE_NOT_PARALLEL,False,False,
VB-W20-E14-LOG-M150-GHALF,VB-W20-E14,0.2,MODERATE,1.4,0.6,0.4,0.07286120232770849,Logarithmic,LOG-M150,1.5,0.3730887048727122,GHALF,0.5463024898437905,1.0,10.42477796076938,1.0,0.029709803510929233,0.0,0.0,3.039622118871914,9.42477796076938,"[1.0, 0.0, 0.0]","[-0.2020777966446593, 7.424217805188952e-17, 0.057004590609779984]","[0.0, -0.875357738899277, -0.4834757790718635]","[-0.007622306205275027, 0.9945180192064181, 0.10428715127883963]",-0.9209793562988402,0.38961137723553985,2.7413830654272417,157.069679677617,1.9600915061796682,AMBIENT_DIRECTED_NOT_PARALLEL,0.4002095881625515,22.930320322383032,AMBIENT_LINE_NOT_PARALLEL,False,False,
VB-W20-E14-LOG-M200-G30,VB-W20-E14,0.2,MODERATE,1.4,0.6,0.4,0.07286120232770849,Logarithmic,LOG-M200,2.0,0.4974516064969496,G30,0.5773502691896257,1.0,10.42477796076938,1.0,0.009201664039153823,0.0,0.0,3.1097174542045405,9.42477796076938,"[1.0, 0.0, 0.0]","[-0.20020318846252627, 7.355345817891813e-17, 0.01784708910608871]","[0.0, -0.8100899866185088, -0.5863055633203764]","[-0.0010086428756648945, 0.9990183892698841, 0.04428589549908381]",-0.8352598605030225,0.5498554041131829,2.559401540438945,146.64290634643305,1.9158600473432408,AMBIENT_DIRECTED_NOT_PARALLEL,0.5821911131508483,33.35709365356696,AMBIENT_LINE_NOT_PARALLEL,False,False,
VB-W20-E14-LOG-M200-GHALF,VB-W20-E14,0.2,MODERATE,1.4,0.6,0.4,0.07286120232770849,Logarithmic,LOG-M200,2.0,0.4974516064969496,GHALF,0.5463024898437905,1.0,10.42477796076938,1.0,0.009201664039153823,0.0,0.0,3.110008025832131,9.42477796076938,"[1.0, 0.0, 0.0]","[-0.20019950115628227, 7.355210348458137e-17, 0.01768445090061815]","[0.0, -0.8052166182285, -0.5929807734898815]","[-0.0009903781089466706, 0.9990361305775086, 0.04388426770404744]",-0.8304630215588907,0.5570737561789081,2.5507346643820905,146.14633092681228,1.9133546569096336,AMBIENT_DIRECTED_NOT_PARALLEL,0.5908579892077026,33.8536690731877,AMBIENT_LINE_NOT_PARALLEL,False,False,
VB-W20-E14-GOLDEN-MEAN-G30,VB-W20-E14,0.2,MODERATE,1.4,0.6,0.4,0.07286120232770849,Golden Mean logarithmic,GOLDEN-MEAN,,0.30634896253003313,G30,0.5773502691896257,1.0,10.42477796076938,1.0,0.05572809000084122,0.0,0.0,2.94861146044251,9.42477796076938,"[1.0, 0.0, 0.0]","[-0.20742526107060838, 7.620680460972739e-17, 0.10739993358871003]","[0.0, -0.9133806551844575, -0.40710659382379344]","[-0.02158182320889913, 0.9877384395801477, 0.15461888591874773]",-0.9651275510818002,0.26178007972885825,2.876726512338532,164.82428797038682,1.9824871001253956,AMBIENT_DIRECTED_NOT_PARALLEL,0.26486614125126107,15.175712029613173,AMBIENT_LINE_NOT_PARALLEL,False,False,
VB-W20-E14-GOLDEN-MEAN-GHALF,VB-W20-E14,0.2,MODERATE,1.4,0.6,0.4,0.07286120232770849,Golden Mean logarithmic,GOLDEN-MEAN,,0.30634896253003313,GHALF,0.5463024898437905,1.0,10.42477796076938,1.0,0.05572809000084122,0.0,0.0,2.9503639487250326,9.42477796076938,"[1.0, 0.0, 0.0]","[-0.2072914231763348, 7.615763336507936e-17, 0.10643659347563553]","[0.0, -0.910719027848795, -0.413026454738853]","[-0.021213452928642913, 0.9879352710562218, 0.15340759309080462]",-0.9630928439381737,0.26916941496960745,2.8690621404779257,164.38515181015526,1.9814604936451163,AMBIENT_DIRECTED_NOT_PARALLEL,0.27253051311186743,15.614848189844748,AMBIENT_LINE_NOT_PARALLEL,False,False,
VB-W20-E16-RECIPROCAL-G30,VB-W20-E16,0.2,MODERATE,1.6,0.6,0.4,0.0426000818873007,Reciprocal,RECIPROCAL,,,G30,0.5773502691896257,1.0,10.42477796076938,1.0,0.09592530447777489,0.0,0.0,2.8096367683208663,9.42477796076938,"[1.0, 0.0, 0.0]","[-0.22183730263564394, 8.150170278126722e-17, 0.20857136492005102]","[0.0, -0.5153817609704591, -0.8569606994833477]","[-0.018600590306574395, 0.9960924431373012, 0.08633575600531593]",-0.5873542272902083,0.8093299770083413,2.1985821843596995,125.96948007646425,1.7817711566248953,AMBIENT_DIRECTED_NOT_PARALLEL,0.9430104692300935,54.030519923535735,AMBIENT_LINE_NOT_PARALLEL,False,False,
VB-W20-E16-RECIPROCAL-GHALF,VB-W20-E16,0.2,MODERATE,1.6,0.6,0.4,0.0426000818873007,Reciprocal,RECIPROCAL,,,GHALF,0.5463024898437905,1.0,10.42477796076938,1.0,0.09592530447777489,0.0,0.0,2.8126280631813176,9.42477796076938,"[1.0, 0.0, 0.0]","[-0.22144905855403518, 8.135906421971819e-17, 0.2067605206749026]","[0.0, -0.5088251121823314, -0.8608699118987942]","[-0.01830980321111502, 0.996142537637482, 0.0858183885628728]",-0.5807408070644009,0.8140885179206181,2.190434705859961,125.50266394475565,1.7780555711587875,AMBIENT_DIRECTED_NOT_PARALLEL,0.9511579477298322,54.49733605524435,AMBIENT_LINE_NOT_PARALLEL,False,False,
VB-W20-E16-LOG-M050-G30,VB-W20-E16,0.2,MODERATE,1.6,0.6,0.4,0.0426000818873007,Logarithmic,LOG-M050,0.5,0.1243629016242374,G30,0.5773502691896257,1.0,10.42477796076938,1.0,0.30971810485952367,0.0,0.0,2.0799184771396644,9.42477796076938,"[1.0, 0.0, 0.0]","[-0.4050356318333608, 1.4880767701960532e-16, 0.5588305392265003]","[0.0, -0.9792817478660165, -0.2025024896056333]","[-0.11026730457355916, 0.9890107152230703, 0.09848312909342789]",-0.9884632206874396,0.15146108856143256,2.9895464060779258,171.2883917267685,1.9942232676846592,AMBIENT_DIRECTED_NOT_PARALLEL,0.15204624751186727,8.711608273231489,AMBIENT_LINE_NOT_PARALLEL,False,False,
VB-W20-E16-LOG-M050-GHALF,VB-W20-E16,0.2,MODERATE,1.6,0.6,0.4,0.0426000818873007,Logarithmic,LOG-M050,0.5,0.1243629016242374,GHALF,0.5463024898437905,1.0,10.42477796076938,1.0,0.30971810485952367,0.0,0.0,2.08845349218488,9.42477796076938,"[1.0, 0.0, 0.0]","[-0.40206175230452224, 1.4771509140579272e-16, 0.5561477791505276]","[0.0, -0.9785733492934774, -0.20589851882067028]","[-0.10988462764897652, 0.9888890525631768, 0.10011898085352453]",-0.9883148221099773,0.15242641633825832,2.9885697383092715,171.23243278563817,1.9941488520719697,AMBIENT_DIRECTED_NOT_PARALLEL,0.15302291528052153,8.767567214361838,AMBIENT_LINE_NOT_PARALLEL,False,False,
VB-W20-E16-LOG-M075-G30,VB-W20-E16,0.2,MODERATE,1.6,0.6,0.4,0.0426000818873007,Logarithmic,LOG-M075,0.75,0.1865443524363561,G30,0.5773502691896257,1.0,10.42477796076938,1.0,0.17236531991943516,0.0,0.0,2.5464610914148955,9.42477796076938,"[1.0, 0.0, 0.0]","[-0.2687701000312145, 9.874453281292223e-17, 0.3587953297057684]","[0.0, -0.9551086572201853, -0.2962557221439859]","[-0.08955819084734161, 0.9732325494100188, 0.2116547547801048]",-0.9922467656525691,0.12428336997368497,3.016987084796819,172.86062680433557,1.9961196184861112,AMBIENT_DIRECTED_NOT_PARALLEL,0.12460556879297398,7.139373195664448,AMBIENT_LINE_NOT_PARALLEL,False,False,
VB-W20-E16-LOG-M075-GHALF,VB-W20-E16,0.2,MODERATE,1.6,0.6,0.4,0.0426000818873007,Logarithmic,LOG-M075,0.75,0.1865443524363561,GHALF,0.5463024898437905,1.0,10.42477796076938,1.0,0.17236531991943516,0.0,0.0,2.5516847093392996,9.42477796076938,"[1.0, 0.0, 0.0]","[-0.26760324327590096, 9.831583659578476e-17, 0.35602209772064497]","[0.0, -0.9536317312050308, -0.3009759479408543]","[-0.08853975761340052, 0.97333313761866, 0.21162068550870683]",-0.9918941014913838,0.12706727126447892,3.0141809337718817,172.6998461939303,1.9959429358032177,AMBIENT_DIRECTED_NOT_PARALLEL,0.12741171981791158,7.300153806069683,AMBIENT_LINE_NOT_PARALLEL,False,False,
VB-W20-E16-LOG-M100-G30,VB-W20-E16,0.2,MODERATE,1.6,0.6,0.4,0.0426000818873007,Logarithmic,LOG-M100,1.0,0.2487258032484748,G30,0.5773502691896257,1.0,10.42477796076938,1.0,0.0959253044777749,0.0,0.0,2.8096367683208663,9.42477796076938,"[1.0, 0.0, 0.0]","[-0.22183730263564394, 8.150170278126722e-17, 0.20857136492005102]","[0.0, -0.9240885125579126, -0.3821785197502663]","[-0.04718794455581224, 0.9745773705058494, 0.2190256760895901]",-0.9843026613585728,0.17648872723896777,2.964174620901264,169.8346955174332,1.9921358695423226,AMBIENT_DIRECTED_NOT_PARALLEL,0.17741803268852915,10.165304482566798,AMBIENT_LINE_NOT_PARALLEL,False,False,
VB-W20-E16-LOG-M100-GHALF,VB-W20-E16,0.2,MODERATE,1.6,0.6,0.4,0.0426000818873007,Logarithmic,LOG-M100,1.0,0.2487258032484748,GHALF,0.5463024898437905,1.0,10.42477796076938,1.0,0.0959253044777749,0.0,0.0,2.8126280631813176,9.42477796076938,"[1.0, 0.0, 0.0]","[-0.22144905855403518, 8.135906421971819e-17, 0.2067605206749026]","[0.0, -0.9217141310684002, -0.38786990162788343]","[-0.04646294903347031, 0.9748929389207978, 0.21777270721897837]",-0.9830400766083651,0.18339086068236826,2.9571579430321706,169.43266948933132,1.991501984236202,AMBIENT_DIRECTED_NOT_PARALLEL,0.18443471055762278,10.567330510668711,AMBIENT_LINE_NOT_PARALLEL,False,False,
VB-W20-E16-LOG-M125-G30,VB-W20-E16,0.2,MODERATE,1.6,0.6,0.4,0.0426000818873007,Logarithmic,LOG-M125,1.25,0.3109072540605935,G30,0.5773502691896257,1.0,10.42477796076938,1.0,0.053384660228952954,0.0,0.0,2.956721292039026,9.42477796076938,"[1.0, 0.0, 0.0]","[-0.20681603796230402, 7.598297967086192e-17, 0.11764485671133093]","[0.0, -0.888317128661908, -0.4592305291744695]","[-0.020112976297231112, 0.9848770214045257, 0.1720834707164417]",-0.9539091110584517,0.30009566447997,2.836799714369053,162.53665095726416,1.9768202300960256,AMBIENT_DIRECTED_NOT_PARALLEL,0.30479293922074036,17.463349042735842,AMBIENT_LINE_NOT_PARALLEL,False,False,
VB-W20-E16-LOG-M125-GHALF,VB-W20-E16,0.2,MODERATE,1.6,0.6,0.4,0.0426000818873007,Logarithmic,LOG-M125,1.25,0.3109072540605935,GHALF,0.5463024898437905,1.0,10.42477796076938,1.0,0.053384660228952954,0.0,0.0,2.9584006776816585,9.42477796076938,"[1.0, 0.0, 0.0]","[-0.20669311054862877, 7.593781687175647e-17, 0.11658819930774465]","[0.0, -0.8850271554715125, -0.465539401208967]","[-0.019769186957849294, 0.9851197884933967, 0.17072838535448936]",-0.9513385544963116,0.30814761840531657,2.828347368636313,162.05236721979276,1.975519452952216,AMBIENT_DIRECTED_NOT_PARALLEL,0.31324528495348025,17.947632780207247,AMBIENT_LINE_NOT_PARALLEL,False,False,
VB-W20-E16-LOG-M150-G30,VB-W20-E16,0.2,MODERATE,1.6,0.6,0.4,0.0426000818873007,Logarithmic,LOG-M150,1.5,0.3730887048727122,G30,0.5773502691896257,1.0,10.42477796076938,1.0,0.029709803510929233,0.0,0.0,3.0386849671123177,9.42477796076938,"[1.0, 0.0, 0.0]","[-0.20211612991475414, 7.425626146684627e-17, 0.06574473644731842]","[0.0, -0.8497655647154929, -0.52716077720536]","[-0.007747299968372024, 0.9927401734961063, 0.12002886015505172]",-0.9068709213530859,0.4214085096485422,2.706594739574665,155.07645542993848,1.9528803964160664,AMBIENT_DIRECTED_NOT_PARALLEL,0.43499791401512805,24.92354457006152,AMBIENT_LINE_NOT_PARALLEL,False,False,
VB-W20-E16-LOG-M150-GHALF,VB-W20-E16,0.2,MODERATE,1.6,0.6,0.4,0.0426000818873007,Logarithmic,LOG-M150,1.5,0.3730887048727122,GHALF,0.5463024898437905,1.0,10.42477796076938,1.0,0.029709803510929233,0.0,0.0,3.039622118871914,9.42477796076938,"[1.0, 0.0, 0.0]","[-0.2020777966446593, 7.424217805188952e-17, 0.06514810355403429]","[0.0, -0.8456257268975783, -0.5337762921008599]","[-0.007609649216274448, 0.9928666025234643, 0.11898740619207691]",-0.9031061989551392,0.4294172719032162,2.6977452244086626,154.56941556018953,1.9509516646781073,AMBIENT_DIRECTED_NOT_PARALLEL,0.4438474291811308,25.43058443981049,AMBIENT_LINE_NOT_PARALLEL,False,False,
VB-W20-E16-LOG-M200-G30,VB-W20-E16,0.2,MODERATE,1.6,0.6,0.4,0.0426000818873007,Logarithmic,LOG-M200,2.0,0.4974516064969496,G30,0.5773502691896257,1.0,10.42477796076938,1.0,0.009201664039153823,0.0,0.0,3.1097174542045405,9.42477796076938,"[1.0, 0.0, 0.0]","[-0.20020318846252627, 7.355345817891813e-17, 0.02039667326410139]","[0.0, -0.7705605277667504, -0.6373668276964428]","[-0.0010083402275535363, 0.9987186290316279, 0.050597265491043875]",-0.8018221724732381,0.5975627194950309,2.501134677381325,143.3044610077647,1.8983267223917162,AMBIENT_DIRECTED_NOT_PARALLEL,0.6404579762084678,36.69553899223529,AMBIENT_LINE_NOT_PARALLEL,False,False,
VB-W20-E16-LOG-M200-GHALF,VB-W20-E16,0.2,MODERATE,1.6,0.6,0.4,0.0426000818873007,Logarithmic,LOG-M200,2.0,0.4974516064969496,GHALF,0.5463024898437905,1.0,10.42477796076938,1.0,0.009201664039153823,0.0,0.0,3.110008025832131,9.42477796076938,"[1.0, 0.0, 0.0]","[-0.20019950115628227, 7.355210348458137e-17, 0.020210801029277893]","[0.0, -0.7650913325072193, -0.643921775468362]","[-0.00099008630446779, 0.9987417751037428, 0.05013867161916456]",-0.7964140579933858,0.6047517244543483,2.49213856486887,142.7890217287762,1.895475696490665,AMBIENT_DIRECTED_NOT_PARALLEL,0.6494540887209233,37.21097827122382,AMBIENT_LINE_NOT_PARALLEL,False,False,
VB-W20-E16-GOLDEN-MEAN-G30,VB-W20-E16,0.2,MODERATE,1.6,0.6,0.4,0.0426000818873007,Golden Mean logarithmic,GOLDEN-MEAN,,0.30634896253003313,G30,0.5773502691896257,1.0,10.42477796076938,1.0,0.05572809000084122,0.0,0.0,2.94861146044251,9.42477796076938,"[1.0, 0.0, 0.0]","[-0.20742526107060838, 7.620680460972739e-17, 0.12274278124424007]","[0.0, -0.8910562452167796, -0.45389290351378503]","[-0.021503281097109785, 0.9841437913342966, 0.17606421237780012]",-0.9568417680207718,0.29060941308031263,2.8467289768027206,163.10555578839111,1.978303196186455,AMBIENT_DIRECTED_NOT_PARALLEL,0.2948636767870728,16.894444211608896,AMBIENT_LINE_NOT_PARALLEL,False,False,
VB-W20-E16-GOLDEN-MEAN-GHALF,VB-W20-E16,0.2,MODERATE,1.6,0.6,0.4,0.0426000818873007,Golden Mean logarithmic,GOLDEN-MEAN,,0.30634896253003313,GHALF,0.5463024898437905,1.0,10.42477796076938,1.0,0.05572809000084122,0.0,0.0,2.9503639487250326,9.42477796076938,"[1.0, 0.0, 0.0]","[-0.2072914231763348, 7.615763336507936e-17, 0.12164182111501208]","[0.0, -0.8878319825286075, -0.4601677637550489]","[-0.02113744981264561, 0.9843957172053478, 0.17469482008115417]",-0.9543669258954297,0.2986365194628874,2.838328994939003,162.62427227961368,1.977051808069495,AMBIENT_DIRECTED_NOT_PARALLEL,0.3032636586507902,17.375727720386337,AMBIENT_LINE_NOT_PARALLEL,False,False,
VB-W20-E18-RECIPROCAL-G30,VB-W20-E18,0.2,MODERATE,1.8,0.6,0.4,0.018905431189767178,Reciprocal,RECIPROCAL,,,G30,0.5773502691896257,1.0,10.42477796076938,1.0,0.09592530447777489,0.0,0.0,2.8096367683208663,9.42477796076938,"[1.0, 0.0, 0.0]","[-0.22183730263564394, 8.150170278126722e-17, 0.23464278553505738]","[0.0, -0.47144642900294625, -0.8818947015264179]","[-0.01858220365057928, 0.9951078072311588, 0.09703171489303578]",-0.5547117774362723,0.83204257341406,2.15881284929046,123.69086502295521,1.7633557652591108,AMBIENT_DIRECTED_NOT_PARALLEL,0.9827798042993334,56.309134977044806,AMBIENT_LINE_NOT_PARALLEL,False,False,
VB-W20-E18-RECIPROCAL-GHALF,VB-W20-E18,0.2,MODERATE,1.8,0.6,0.4,0.018905431189767178,Reciprocal,RECIPROCAL,,,GHALF,0.5463024898437905,1.0,10.42477796076938,1.0,0.09592530447777489,0.0,0.0,2.8126280631813176,9.42477796076938,"[1.0, 0.0, 0.0]","[-0.22144905855403518, 8.135906421971819e-17, 0.23260558575926543]","[0.0, -0.46510174488449296, -0.8852572320548417]","[-0.018291919950296137, 0.9951696010849721, 0.09645139055974966]",-0.5482394089553899,0.8363214396798906,2.1510539478036868,123.24631271410533,1.7596814535337866,AMBIENT_DIRECTED_NOT_PARALLEL,0.9905387057861067,56.75368728589469,AMBIENT_LINE_NOT_PARALLEL,False,False,
VB-W20-E18-LOG-M050-G30,VB-W20-E18,0.2,MODERATE,1.8,0.6,0.4,0.018905431189767178,Logarithmic,LOG-M050,0.5,0.1243629016242374,G30,0.5773502691896257,1.0,10.42477796076938,1.0,0.30971810485952367,0.0,0.0,2.0799184771396644,9.42477796076938,"[1.0, 0.0, 0.0]","[-0.4050356318333608, 1.4880767701960532e-16, 0.6286843566298127]","[0.0, -0.973991488012286, -0.22658460071155104]","[-0.11012553885283541, 0.9877391885689153, 0.1106510779775485]",-0.9871213923641313,0.15997298752320324,2.980929365597153,170.79467167532687,1.9935502965132992,AMBIENT_DIRECTED_NOT_PARALLEL,0.16066328799263987,9.205328324673141,AMBIENT_LINE_NOT_PARALLEL,False,False,
VB-W20-E18-LOG-M050-GHALF,VB-W20-E18,0.2,MODERATE,1.8,0.6,0.4,0.018905431189767178,Logarithmic,LOG-M050,0.5,0.1243629016242374,GHALF,0.5463024898437905,1.0,10.42477796076938,1.0,0.30971810485952367,0.0,0.0,2.08845349218488,9.42477796076938,"[1.0, 0.0, 0.0]","[-0.40206175230452224, 1.4771509140579272e-16, 0.6256662515443435]","[0.0, -0.9731096140352334, -0.23034252554011608]","[-0.10973863111911375, 0.9875751802483459, 0.11248420421352705]",-0.9869287981641579,0.16115690290599113,2.9797298872388804,170.72594662778056,1.9934536855237737,AMBIENT_DIRECTED_NOT_PARALLEL,0.1618627663509127,9.274053372219456,AMBIENT_LINE_NOT_PARALLEL,False,False,
VB-W20-E18-LOG-M075-G30,VB-W20-E18,0.2,MODERATE,1.8,0.6,0.4,0.018905431189767178,Logarithmic,LOG-M075,0.75,0.1865443524363561,G30,0.5773502691896257,1.0,10.42477796076938,1.0,0.17236531991943516,0.0,0.0,2.5464610914148955,9.42477796076938,"[1.0, 0.0, 0.0]","[-0.2687701000312145, 9.874453281292223e-17, 0.4036447459189894]","[0.0, -0.94416628261057, -0.32946931690422565]","[-0.08903005527553036, 0.9674932783938799, 0.23670742599314135]",-0.9914623660599808,0.13039316196313627,3.010827136675279,172.50768777495176,1.995726617580665,AMBIENT_DIRECTED_NOT_PARALLEL,0.13076551691451435,7.492312225048251,AMBIENT_LINE_NOT_PARALLEL,False,False,
VB-W20-E18-LOG-M075-GHALF,VB-W20-E18,0.2,MODERATE,1.8,0.6,0.4,0.018905431189767178,Logarithmic,LOG-M075,0.75,0.1865443524363561,GHALF,0.5463024898437905,1.0,10.42477796076938,1.0,0.17236531991943516,0.0,0.0,2.5516847093392996,9.42477796076938,"[1.0, 0.0, 0.0]","[-0.26760324327590096, 9.831583659578476e-17, 0.40052485993572556]","[0.0, -0.9423615512193184, -0.3345963340855966]","[-0.08801779446019577, 0.9675951048148157, 0.23666977203852743]",-0.9910132620384737,0.1337636515046724,3.00742685649395,172.31286607139964,1.9955015720557445,AMBIENT_DIRECTED_NOT_PARALLEL,0.1341657970958433,7.687133928600379,AMBIENT_LINE_NOT_PARALLEL,False,False,
VB-W20-E18-LOG-M100-G30,VB-W20-E18,0.2,MODERATE,1.8,0.6,0.4,0.018905431189767178,Logarithmic,LOG-M100,1.0,0.2487258032484748,G30,0.5773502691896257,1.0,10.42477796076938,1.0,0.0959253044777749,0.0,0.0,2.8096367683208663,9.42477796076938,"[1.0, 0.0, 0.0]","[-0.22183730263564394, 8.150170278126722e-17, 0.23464278553505738]","[0.0, -0.9066677444646755, -0.4218454706967207]","[-0.04689013846383171, 0.968426751300562, 0.24484881514984352]",-0.981329661957354,0.1923332903131062,2.9480533761240992,168.91101623120434,1.9906429423466954,AMBIENT_DIRECTED_NOT_PARALLEL,0.19353927746569405,11.088983768795668,AMBIENT_LINE_NOT_PARALLEL,False,False,
VB-W20-E18-LOG-M100-GHALF,VB-W20-E18,0.2,MODERATE,1.8,0.6,0.4,0.018905431189767178,Logarithmic,LOG-M100,1.0,0.2487258032484748,GHALF,0.5463024898437905,1.0,10.42477796076938,1.0,0.0959253044777749,0.0,0.0,2.8126280631813176,9.42477796076938,"[1.0, 0.0, 0.0]","[-0.22144905855403518, 8.135906421971819e-17, 0.23260558575926543]","[0.0, -0.9038318221263045, -0.4278878793701035]","[-0.046173032530419815, 0.9688098650397805, 0.24346559606759016]",-0.9798171632137833,0.19989578952968004,2.940341091011021,168.46913484382338,1.989882993149991,AMBIENT_DIRECTED_NOT_PARALLEL,0.2012515625787721,11.530865156176617,AMBIENT_LINE_NOT_PARALLEL,False,False,
VB-W20-E18-LOG-M125-G30,VB-W20-E18,0.2,MODERATE,1.8,0.6,0.4,0.018905431189767178,Logarithmic,LOG-M125,1.25,0.3109072540605935,G30,0.5773502691896257,1.0,10.42477796076938,1.0,0.053384660228952954,0.0,0.0,2.956721292039026,9.42477796076938,"[1.0, 0.0, 0.0]","[-0.20681603796230402, 7.598297967086192e-17, 0.1323504638002473]","[0.0, -0.8644349155639065, -0.5027447431391219]","[-0.02003433680207107, 0.9810262620433347, 0.19283697397071894]",-0.9449811289420396,0.32712484763990113,2.808333237129329,160.90564195382277,1.9722987243021983,AMBIENT_DIRECTED_NOT_PARALLEL,0.33325941646046453,19.094358046177252,AMBIENT_LINE_NOT_PARALLEL,False,False,
VB-W20-E18-LOG-M125-GHALF,VB-W20-E18,0.2,MODERATE,1.8,0.6,0.4,0.018905431189767178,Logarithmic,LOG-M125,1.25,0.3109072540605935,GHALF,0.5463024898437905,1.0,10.42477796076938,1.0,0.053384660228952954,0.0,0.0,2.9584006776816585,9.42477796076938,"[1.0, 0.0, 0.0]","[-0.20669311054862877, 7.593781687175647e-17, 0.13116172422121272]","[0.0, -0.8606021503095658, -0.5092778601927946]","[-0.01969309719286534, 0.9813281538982398, 0.19133017610827868]",-0.9419733420828764,0.33568768640689883,2.799257469672331,160.3856387826946,1.9707731183892663,AMBIENT_DIRECTED_NOT_PARALLEL,0.34233518391746226,19.614361217305404,AMBIENT_LINE_NOT_PARALLEL,False,False,
VB-W20-E18-LOG-M150-G30,VB-W20-E18,0.2,MODERATE,1.8,0.6,0.4,0.018905431189767178,Logarithmic,LOG-M150,1.5,0.3730887048727122,G30,0.5773502691896257,1.0,10.42477796076938,1.0,0.029709803510929233,0.0,0.0,3.0386849671123177,9.42477796076938,"[1.0, 0.0, 0.0]","[-0.20211612991475414, 7.425626146684627e-17, 0.0739628285032332]","[0.0, -0.8200381061089382, -0.5723089240342719]","[-0.0077325185405656156, 0.9908460791322685, 0.13477483305584353]",-0.8896643818701808,0.45661503220059374,2.6674059558746714,152.83110351967778,1.9440495785191185,AMBIENT_DIRECTED_NOT_PARALLEL,0.4741866977151216,27.168896480322225,AMBIENT_LINE_NOT_PARALLEL,False,False,
VB-W20-E18-LOG-M150-GHALF,VB-W20-E18,0.2,MODERATE,1.8,0.6,0.4,0.018905431189767178,Logarithmic,LOG-M150,1.5,0.3730887048727122,GHALF,0.5463024898437905,1.0,10.42477796076938,1.0,0.029709803510929233,0.0,0.0,3.039622118871914,9.42477796076938,"[1.0, 0.0, 0.0]","[-0.2020777966446593, 7.424217805188952e-17, 0.07329161649828857]","[0.0, -0.8153356194384062, -0.5789886248234853]","[-0.007595380570858539, 0.9910049054735652, 0.13360983317598227]",-0.8853601720442459,0.46490576008238893,2.6580644878099915,152.29587682511536,1.941834273074943,AMBIENT_DIRECTED_NOT_PARALLEL,0.4835281657798019,27.704123174884646,AMBIENT_LINE_NOT_PARALLEL,False,False,
VB-W20-E18-LOG-M200-G30,VB-W20-E18,0.2,MODERATE,1.8,0.6,0.4,0.018905431189767178,Logarithmic,LOG-M200,2.0,0.4974516064969496,G30,0.5773502691896257,1.0,10.42477796076938,1.0,0.009201664039153823,0.0,0.0,3.1097174542045405,9.42477796076938,"[1.0, 0.0, 0.0]","[-0.20020318846252627, 7.355345817891813e-17, 0.02294625742211406]","[0.0, -0.7320743504166923, -0.681224739320276]","[-0.0010079975554824821, 0.9983792267429372, 0.05690257945913184]",-0.7696512687460538,0.6384645052918682,2.4490910954584786,140.32258341284225,1.8813034145219925,AMBIENT_DIRECTED_NOT_PARALLEL,0.6925015581313148,39.67741658715777,AMBIENT_LINE_NOT_PARALLEL,False,False,
VB-W20-E18-LOG-M200-GHALF,VB-W20-E18,0.2,MODERATE,1.8,0.6,0.4,0.018905431189767178,Logarithmic,LOG-M200,2.0,0.4974516064969496,GHALF,0.5463024898437905,1.0,10.42477796076938,1.0,0.009201664039153823,0.0,0.0,3.110008025832131,9.42477796076938,"[1.0, 0.0, 0.0]","[-0.20019950115628227, 7.355210348458137e-17, 0.02273715115793763]","[0.0, -0.7261475853446936, -0.6875388602094219]","[-0.0009897559043313808, 0.9984084865639028, 0.0563871824125577]",-0.7637602908323786,0.6454999753273741,2.4399149279452756,139.79682774223065,1.8781694762892824,AMBIENT_DIRECTED_NOT_PARALLEL,0.7016777256445176,40.203172257769346,AMBIENT_LINE_NOT_PARALLEL,False,False,
VB-W20-E18-GOLDEN-MEAN-G30,VB-W20-E18,0.2,MODERATE,1.8,0.6,0.4,0.018905431189767178,Golden Mean logarithmic,GOLDEN-MEAN,,0.30634896253003313,G30,0.5773502691896257,1.0,10.42477796076938,1.0,0.05572809000084122,0.0,0.0,2.94861146044251,9.42477796076938,"[1.0, 0.0, 0.0]","[-0.20742526107060838, 7.620680460972739e-17, 0.13808562889977005]","[0.0, -0.867632394473291, -0.49720622286989075]","[-0.021415295022607285, 0.9801169198743338, 0.1972617766196574]",-0.9484609729240191,0.3168939615076683,2.8191397852219473,161.52481155063495,1.9740622953311373,AMBIENT_DIRECTED_NOT_PARALLEL,0.3224528683678458,18.475188449365053,AMBIENT_LINE_NOT_PARALLEL,False,False,
VB-W20-E18-GOLDEN-MEAN-GHALF,VB-W20-E18,0.2,MODERATE,1.8,0.6,0.4,0.018905431189767178,Golden Mean logarithmic,GOLDEN-MEAN,,0.30634896253003313,GHALF,0.5463024898437905,1.0,10.42477796076938,1.0,0.05572809000084122,0.0,0.0,2.9503639487250326,9.42477796076938,"[1.0, 0.0, 0.0]","[-0.2072914231763348, 7.615763336507936e-17, 0.13684704875438858]","[0.0, -0.8638691978038356, -0.5037161989511134]","[-0.021052292700081562, 0.9804298510464382, 0.19573989922631826]",-0.9455605069477757,0.32544635149386114,2.8101089141873175,161.00738075502372,1.9725924601639213,AMBIENT_DIRECTED_NOT_PARALLEL,0.3314837394024757,18.99261924497629,AMBIENT_LINE_NOT_PARALLEL,False,False,
VB-W20-E20-RECIPROCAL-G30,VB-W20-E20,0.2,MODERATE,2.0,0.6,0.4,0.037896854411223924,Reciprocal,RECIPROCAL,,,G30,0.5773502691896257,1.0,10.42477796076938,1.0,0.09592530447777489,0.0,0.0,2.8096367683208663,9.42477796076938,"[1.0, 0.0, 0.0]","[-0.22183730263564394, 8.150170278126722e-17, 0.26071420615006374]","[0.0, -0.43355498476205995, -0.901127113779166]","[-0.018561718243870984, 0.9940107797454496, 0.10769416124228107]",-0.5280044571569866,0.8492415988529741,2.1270453769523177,121.87072293218107,1.7481444203251553,AMBIENT_DIRECTED_NOT_PARALLEL,1.0145472766374755,58.12927706781893,AMBIENT_LINE_NOT_PARALLEL,False,False,
VB-W20-E20-RECIPROCAL-GHALF,VB-W20-E20,0.2,MODERATE,2.0,0.6,0.4,0.037896854411223924,Reciprocal,RECIPROCAL,,,GHALF,0.5463024898437905,1.0,10.42477796076938,1.0,0.09592530447777489,0.0,0.0,2.8126280631813176,9.42477796076938,"[1.0, 0.0, 0.0]","[-0.22144905855403518, 8.135906421971819e-17, 0.2584506508436282]","[0.0, -0.4274683691744499, -0.9040303055513881]","[-0.018271994653379035, 0.9940855678157269, 0.10705147393600281]",-0.5217179131861369,0.8531180569304007,2.1196597280114107,121.44755641890183,1.7445445899638892,AMBIENT_DIRECTED_NOT_PARALLEL,1.0219329255783824,58.55244358109817,AMBIENT_LINE_NOT_PARALLEL,False,False,
VB-W20-E20-LOG-M050-G30,VB-W20-E20,0.2,MODERATE,2.0,0.6,0.4,0.037896854411223924,Logarithmic,LOG-M050,0.5,0.1243629016242374,G30,0.5773502691896257,1.0,10.42477796076938,1.0,0.30971810485952367,0.0,0.0,2.0799184771396644,9.42477796076938,"[1.0, 0.0, 0.0]","[-0.4050356318333608, 1.4880767701960532e-16, 0.6985381740331252]","[0.0, -0.968179115931854, -0.2502582655446442]","[-0.10996774005148201, 0.9863238578324707, 0.12276947347953408]",-0.9856622361935545,0.16873042447028272,2.9720511700396184,170.28598854018833,1.9928182236187797,AMBIENT_DIRECTED_NOT_PARALLEL,0.16954148355017482,9.71401145981169,AMBIENT_LINE_NOT_PARALLEL,False,False,
VB-W20-E20-LOG-M050-GHALF,VB-W20-E20,0.2,MODERATE,2.0,0.6,0.4,0.037896854411223924,Logarithmic,LOG-M050,0.5,0.1243629016242374,GHALF,0.5463024898437905,1.0,10.42477796076938,1.0,0.30971810485952367,0.0,0.0,2.08845349218488,9.42477796076938,"[1.0, 0.0, 0.0]","[-0.40206175230452224, 1.4771509140579272e-16, 0.6951847239381594]","[0.0, -0.9671100769836555, -0.25435821000445047]","[-0.10957614517225323, 0.9861129140744181, 0.12479739221974358]",-0.9854229775433248,0.17012217765373328,2.9706390008016146,170.20507720289248,1.9926981595531847,AMBIENT_DIRECTED_NOT_PARALLEL,0.17095365278817876,9.794922797107521,AMBIENT_LINE_NOT_PARALLEL,False,False,
VB-W20-E20-LOG-M075-G30,VB-W20-E20,0.2,MODERATE,2.0,0.6,0.4,0.037896854411223924,Logarithmic,LOG-M075,0.75,0.1865443524363561,G30,0.5773502691896257,1.0,10.42477796076938,1.0,0.17236531991943516,0.0,0.0,2.5464610914148955,9.42477796076938,"[1.0, 0.0, 0.0]","[-0.2687701000312145, 9.874453281292223e-17, 0.44849416213221044]","[0.0, -0.9323707201741861, -0.3615035825021234]","[-0.08845070176731892, 0.9611974199528873, 0.2612967531998466]",-0.9906520430489608,0.13641308442711694,3.0047529121734566,172.15966034718238,1.995320547204865,AMBIENT_DIRECTED_NOT_PARALLEL,0.13683974141633676,7.84033965281763,AMBIENT_LINE_NOT_PARALLEL,False,False,
VB-W20-E20-LOG-M075-GHALF,VB-W20-E20,0.2,MODERATE,2.0,0.6,0.4,0.037896854411223924,Logarithmic,LOG-M075,0.75,0.1865443524363561,GHALF,0.5463024898437905,1.0,10.42477796076938,1.0,0.17236531991943516,0.0,0.0,2.5516847093392996,9.42477796076938,"[1.0, 0.0, 0.0]","[-0.26760324327590096, 9.831583659578476e-17, 0.44502762215080616]","[0.0, -0.9302263768950482, -0.36698622280504156]","[-0.08744520856597053, 0.9613005673098014, 0.26125572680557235]",-0.9901043962023139,0.14033276388944751,3.0007951571782185,171.9328976896084,1.9950460627275322,AMBIENT_DIRECTED_NOT_PARALLEL,0.1407974964115747,8.067102310391585,AMBIENT_LINE_NOT_PARALLEL,False,False,
VB-W20-E20-LOG-M100-G30,VB-W20-E20,0.2,MODERATE,2.0,0.6,0.4,0.037896854411223924,Logarithmic,LOG-M100,1.0,0.2487258032484748,G30,0.5773502691896257,1.0,10.42477796076938,1.0,0.0959253044777749,0.0,0.0,2.8096367683208663,9.42477796076938,"[1.0, 0.0, 0.0]","[-0.22183730263564394, 8.150170278126722e-17, 0.26071420615006374]","[0.0, -0.888317128661908, -0.4592305291744694]","[-0.046563877657663205, 0.9616884540179004, 0.2701612901696745]",-0.9783506383875676,0.20695416972518121,2.933131954368019,168.05608174024627,1.989145866138312,AMBIENT_DIRECTED_NOT_PARALLEL,0.20846069922177385,11.943918259753726,AMBIENT_LINE_NOT_PARALLEL,False,False,
VB-W20-E20-LOG-M100-GHALF,VB-W20-E20,0.2,MODERATE,2.0,0.6,0.4,0.037896854411223924,Logarithmic,LOG-M100,1.0,0.2487258032484748,GHALF,0.5463024898437905,1.0,10.42477796076938,1.0,0.0959253044777749,0.0,0.0,2.8126280631813176,9.42477796076938,"[1.0, 0.0, 0.0]","[-0.22144905855403518, 8.135906421971819e-17, 0.2584506508436282]","[0.0, -0.8850271554715125, -0.46553940120896686]","[-0.045855343712266516, 0.9621440680545603, 0.2686560622067767]",-0.9765936100350185,0.21509281912414024,2.9248057809871617,167.57902714602895,1.9882623619809425,AMBIENT_DIRECTED_NOT_PARALLEL,0.21678687260263133,12.420972853971032,AMBIENT_LINE_NOT_PARALLEL,False,False,
VB-W20-E20-LOG-M125-G30,VB-W20-E20,0.2,MODERATE,2.0,0.6,0.4,0.037896854411223924,Logarithmic,LOG-M125,1.25,0.3109072540605935,G30,0.5773502691896257,1.0,10.42477796076938,1.0,0.053384660228952954,0.0,0.0,2.956721292039026,9.42477796076938,"[1.0, 0.0, 0.0]","[-0.20681603796230402, 7.598297967086192e-17, 0.14705607088916364]","[0.0, -0.8398957079614514, -0.5427478233470239]","[-0.01994752788977463, 0.9767754688384693, 0.21333490011358966]",-0.9361765766000705,0.35153010884613106,2.7823876271091637,159.41906800277496,1.9678295538994584,AMBIENT_DIRECTED_NOT_PARALLEL,0.35920502648062946,20.580931997225044,AMBIENT_LINE_NOT_PARALLEL,False,False,
VB-W20-E20-LOG-M125-GHALF,VB-W20-E20,0.2,MODERATE,2.0,0.6,0.4,0.037896854411223924,Logarithmic,LOG-M125,1.25,0.3109072540605935,GHALF,0.5463024898437905,1.0,10.42477796076938,1.0,0.053384660228952954,0.0,0.0,2.9584006776816585,9.42477796076938,"[1.0, 0.0, 0.0]","[-0.20669311054862877, 7.593781687175647e-17, 0.1457352491346808]","[0.0, -0.8355603049815961, -0.5493987411152872]","[-0.01960908669191528, 0.9771418205349302, 0.21168218224685606]",-0.9327588420193978,0.36050096065701726,2.772787741712471,158.8690350857352,1.966091982598677,AMBIENT_DIRECTED_NOT_PARALLEL,0.3688049118773222,21.13096491426481,AMBIENT_LINE_NOT_PARALLEL,False,False,
VB-W20-E20-LOG-M150-G30,VB-W20-E20,0.2,MODERATE,2.0,0.6,0.4,0.037896854411223924,Logarithmic,LOG-M150,1.5,0.3730887048727122,G30,0.5773502691896257,1.0,10.42477796076938,1.0,0.029709803510929233,0.0,0.0,3.0386849671123177,9.42477796076938,"[1.0, 0.0, 0.0]","[-0.20211612991475414, 7.425626146684627e-17, 0.082180920559148]","[0.0, -0.7902427209205313, -0.6127939637693205]","[-0.007716097826122015, 0.988741926334233, 0.14943180699974157]",-0.8729170194791556,0.48786870887937434,2.6319461447970247,150.79940600259738,1.935415727681862,AMBIENT_DIRECTED_NOT_PARALLEL,0.5096465087927686,29.200593997402642,AMBIENT_LINE_NOT_PARALLEL,False,False,
VB-W20-E20-LOG-M150-GHALF,VB-W20-E20,0.2,MODERATE,2.0,0.6,0.4,0.037896854411223924,Logarithmic,LOG-M150,1.5,0.3730887048727122,GHALF,0.5463024898437905,1.0,10.42477796076938,1.0,0.029709803510929233,0.0,0.0,3.039622118871914,9.42477796076938,"[1.0, 0.0, 0.0]","[-0.2020777966446593, 7.424217805188952e-17, 0.08143512944254284]","[0.0, -0.7850538100135329, -0.6194275707322331]","[-0.0075795278558080095, 0.9889365274333094, 0.14814552124728694]",-0.8681338090641397,0.49633022229135704,2.622226213988665,150.24249499011918,1.932942735346363,AMBIENT_DIRECTED_NOT_PARALLEL,0.519366439601128,29.75750500988082,AMBIENT_LINE_NOT_PARALLEL,False,False,
VB-W20-E20-LOG-M200-G30,VB-W20-E20,0.2,MODERATE,2.0,0.6,0.4,0.037896854411223924,Logarithmic,LOG-M200,2.0,0.4974516064969496,G30,0.5773502691896257,1.0,10.42477796076938,1.0,0.009201664039153823,0.0,0.0,3.1097174542045405,9.42477796076938,"[1.0, 0.0, 0.0]","[-0.20020318846252627, 7.355345817891813e-17, 0.025495841580126733]","[0.0, -0.6952128023451898, -0.7188039784637728]","[-0.0010076149821697813, 0.9980003039508835, 0.06320109196834933]",-0.7392517844011494,0.6734291345492239,2.4027549533256445,137.66771802971255,1.8650746818297381,AMBIENT_DIRECTED_NOT_PARALLEL,0.7388377002641487,42.33228197028747,AMBIENT_LINE_NOT_PARALLEL,False,False,
VB-W20-E20-LOG-M200-GHALF,VB-W20-E20,0.2,MODERATE,2.0,0.6,0.4,0.037896854411223924,Logarithmic,LOG-M200,2.0,0.4974516064969496,GHALF,0.5463024898437905,1.0,10.42477796076938,1.0,0.009201664039153823,0.0,0.0,3.110008025832131,9.42477796076938,"[1.0, 0.0, 0.0]","[-0.20019950115628227, 7.355210348458137e-17, 0.025263501286597365]","[0.0, -0.6889549602755817, -0.7248041547284835]","[-0.000989387024736564, 0.9980363821729376, 0.06262907449794779]",-0.7329959294364539,0.6802330243597331,2.3935121590473543,137.13814492665884,1.861717448721182,AMBIENT_DIRECTED_NOT_PARALLEL,0.7480804945424391,42.861855073341175,AMBIENT_LINE_NOT_PARALLEL,False,False,
VB-W20-E20-GOLDEN-MEAN-G30,VB-W20-E20,0.2,MODERATE,2.0,0.6,0.4,0.037896854411223924,Golden Mean logarithmic,GOLDEN-MEAN,,0.30634896253003313,G30,0.5773502691896257,1.0,10.42477796076938,1.0,0.05572809000084122,0.0,0.0,2.94861146044251,9.42477796076938,"[1.0, 0.0, 0.0]","[-0.20742526107060838, 7.620680460972739e-17, 0.15342847655530006]","[0.0, -0.8435198173100827, -0.5370980523192805]","[-0.021318224390133953, 0.9756742741293379, 0.2181862601334958]",-0.9401880008282552,0.34065601873234075,2.793978091467654,160.08315269311325,1.9698670010070503,AMBIENT_DIRECTED_NOT_PARALLEL,0.3476145621221393,19.91684730688675,AMBIENT_LINE_NOT_PARALLEL,False,False,
VB-W20-E20-GOLDEN-MEAN-GHALF,VB-W20-E20,0.2,MODERATE,2.0,0.6,0.4,0.037896854411223924,Golden Mean logarithmic,GOLDEN-MEAN,,0.30634896253003313,GHALF,0.5463024898437905,1.0,10.42477796076938,1.0,0.05572809000084122,0.0,0.0,2.9503639487250326,9.42477796076938,"[1.0, 0.0, 0.0]","[-0.2072914231763348, 7.615763336507936e-17, 0.15205227639376506]","[0.0, -0.8392552015854411, -0.5437377185847792]","[-0.020958324402594646, 0.9760536377180045, 0.21651800141255287]",-0.9368870966018246,0.3496320469021737,2.7844143188030186,159.53518888320707,1.968190588638115,AMBIENT_DIRECTED_NOT_PARALLEL,0.3571783347867746,20.464811116792937,AMBIENT_LINE_NOT_PARALLEL,False,False,
VB-W20-E22-RECIPROCAL-G30,VB-W20-E22,0.2,MODERATE,2.2,0.6,0.4,0.07410408716978942,Reciprocal,RECIPROCAL,,,G30,0.5773502691896257,1.0,10.42477796076938,1.0,0.09592530447777489,0.0,0.0,2.8096367683208663,9.42477796076938,"[1.0, 0.0, 0.0]","[-0.22183730263564394, 8.150170278126722e-17, 0.28678562676507013]","[0.0, -0.40073160227343835, -0.9161954938436244]","[-0.018539155113422443, 0.9928024867094286, 0.11831957619622938]",-0.506251193784596,0.8623860671367966,2.1016285264166696,120.41444466797361,1.7356561835712716,AMBIENT_DIRECTED_NOT_PARALLEL,1.0399641271731235,59.58555533202639,AMBIENT_LINE_NOT_PARALLEL,False,False,
VB-W20-E22-RECIPROCAL-GHALF,VB-W20-E22,0.2,MODERATE,2.2,0.6,0.4,0.07410408716978942,Reciprocal,RECIPROCAL,,,GHALF,0.5463024898437905,1.0,10.42477796076938,1.0,0.09592530447777489,0.0,0.0,2.8126280631813176,9.42477796076938,"[1.0, 0.0, 0.0]","[-0.22144905855403518, 8.135906421971819e-17, 0.2842957159279911]","[0.0, -0.39492017733152684, -0.9187154366486042]","[-0.018250047533122885, 0.992891537502363, 0.11761517980784778]",-0.5001677833350765,0.8659285123575018,2.0945888527383842,120.01110107705853,1.7321476746138458,AMBIENT_DIRECTED_NOT_PARALLEL,1.047003800851409,59.98889892294149,AMBIENT_LINE_NOT_PARALLEL,False,False,
VB-W20-E22-LOG-M050-G30,VB-W20-E22,0.2,MODERATE,2.2,0.6,0.4,0.07410408716978942,Logarithmic,LOG-M050,0.5,0.1243629016242374,G30,0.5773502691896257,1.0,10.42477796076938,1.0,0.30971810485952367,0.0,0.0,2.0799184771396644,9.42477796076938,"[1.0, 0.0, 0.0]","[-0.4050356318333608, 1.4880767701960532e-16, 0.7683919914364378]","[0.0, -0.9618744285626388, -0.27349146911246974]","[-0.10979411758995512, 0.9847666013499841, 0.13483320291472975]",-0.9840975426913771,0.17762890099528653,2.963016143446876,169.7683196486357,1.992032902685785,AMBIENT_DIRECTED_NOT_PARALLEL,0.17857651014291753,10.231680351364313,AMBIENT_LINE_NOT_PARALLEL,False,False,
VB-W20-E22-LOG-M050-GHALF,VB-W20-E22,0.2,MODERATE,2.2,0.6,0.4,0.07410408716978942,Logarithmic,LOG-M050,0.5,0.1243629016242374,GHALF,0.5463024898437905,1.0,10.42477796076938,1.0,0.30971810485952367,0.0,0.0,2.08845349218488,9.42477796076938,"[1.0, 0.0, 0.0]","[-0.40206175230452224, 1.4771509140579272e-16, 0.7647031963319754]","[0.0, -0.9606064052804051, -0.27791245768093603]","[-0.10939739246753931, 0.9845042578265913, 0.13705318983013817]",-0.9838098849127606,0.17921526259763937,2.961403911858659,169.6759455830332,1.9918884933212304,AMBIENT_DIRECTED_NOT_PARALLEL,0.1801887417311343,10.324054416966806,AMBIENT_LINE_NOT_PARALLEL,False,False,
VB-W20-E22-LOG-M075-G30,VB-W20-E22,0.2,MODERATE,2.2,0.6,0.4,0.07410408716978942,Logarithmic,LOG-M075,0.75,0.1865443524363561,G30,0.5773502691896257,1.0,10.42477796076938,1.0,0.17236531991943516,0.0,0.0,2.5464610914148955,9.42477796076938,"[1.0, 0.0, 0.0]","[-0.2687701000312145, 9.874453281292223e-17, 0.4933435783454315]","[0.0, -0.919834268620953, -0.39230717336107473]","[-0.08782333884249537, 0.9543798412037575, 0.28538777103871654]",-0.9898309529882562,0.14224867136940436,2.998859834509484,171.82201186869395,1.9949089969160279,AMBIENT_DIRECTED_NOT_PARALLEL,0.14273281908030894,8.17798813130605,AMBIENT_LINE_NOT_PARALLEL,False,False,
VB-W20-E22-LOG-M075-GHALF,VB-W20-E22,0.2,MODERATE,2.2,0.6,0.4,0.07410408716978942,Logarithmic,LOG-M075,0.75,0.1865443524363561,GHALF,0.5463024898437905,1.0,10.42477796076938,1.0,0.17236531991943516,0.0,0.0,2.5516847093392996,9.42477796076938,"[1.0, 0.0, 0.0]","[-0.26760324327590096, 9.831583659578476e-17, 0.4895303843658868]","[0.0, -0.9173443987290659, -0.3980945291264481]","[-0.08682517008506535, 0.9544843751682001, 0.28534359533634185]",-0.9891846194596298,0.14667579426922453,2.994385776218514,171.56566721132586,1.994584979117024,AMBIENT_DIRECTED_NOT_PARALLEL,0.14720687737127922,8.434332788674162,AMBIENT_LINE_NOT_PARALLEL,False,False,
VB-W20-E22-LOG-M100-G30,VB-W20-E22,0.2,MODERATE,2.2,0.6,0.4,0.07410408716978942,Logarithmic,LOG-M100,1.0,0.2487258032484748,G30,0.5773502691896257,1.0,10.42477796076938,1.0,0.0959253044777749,0.0,0.0,2.8096367683208663,9.42477796076938,"[1.0, 0.0, 0.0]","[-0.22183730263564394, 8.150170278126722e-17, 0.28678562676507013]","[0.0, -0.8692766305724369, -0.4943259446363615]","[-0.04621107894209248, 0.9544020666201174, 0.2949258066264407]",-0.9754288906411622,0.2203145008903217,2.919455771640933,167.27249419013452,1.9876764780220961,AMBIENT_DIRECTED_NOT_PARALLEL,0.22213688194886,12.727505809865479,AMBIENT_LINE_NOT_PARALLEL,False,False,
VB-W20-E22-LOG-M100-GHALF,VB-W20-E22,0.2,MODERATE,2.2,0.6,0.4,0.07410408716978942,Logarithmic,LOG-M100,1.0,0.2487258032484748,GHALF,0.5463024898437905,1.0,10.42477796076938,1.0,0.0959253044777749,0.0,0.0,2.8126280631813176,9.42477796076938,"[1.0, 0.0, 0.0]","[-0.22144905855403518, 8.135906421971819e-17, 0.2842957159279911]","[0.0, -0.8655495785423478, -0.5008232493456789]","[-0.045511730726858296, 0.9549343260953347, 0.29330720279443345]",-0.9734380698474381,0.2289504841045206,2.910593261409339,166.76470975797267,1.9866746436432101,AMBIENT_DIRECTED_NOT_PARALLEL,0.2309993921804542,13.235290242027338,AMBIENT_LINE_NOT_PARALLEL,False,False,
VB-W20-E22-LOG-M125-G30,VB-W20-E22,0.2,MODERATE,2.2,0.6,0.4,0.07410408716978942,Logarithmic,LOG-M125,1.25,0.3109072540605935,G30,0.5773502691896257,1.0,10.42477796076938,1.0,0.053384660228952954,0.0,0.0,2.956721292039026,9.42477796076938,"[1.0, 0.0, 0.0]","[-0.20681603796230402, 7.598297967086192e-17, 0.16176167797808003]","[0.0, -0.8150637331285292, -0.579371306623469]","[-0.01985288179838101, 0.9721409105711203, 0.2335549465934148]",-0.9276718342732662,0.3733965290359218,2.758924971092852,158.07475683687306,1.9635029077000454,AMBIENT_DIRECTED_NOT_PARALLEL,0.3826676824969415,21.92524316312695,AMBIENT_LINE_NOT_PARALLEL,False,False,
VB-W20-E22-LOG-M125-GHALF,VB-W20-E22,0.2,MODERATE,2.2,0.6,0.4,0.07410408716978942,Logarithmic,LOG-M125,1.25,0.3109072540605935,GHALF,0.5463024898437905,1.0,10.42477796076938,1.0,0.053384660228952954,0.0,0.0,2.9584006776816585,9.42477796076938,"[1.0, 0.0, 0.0]","[-0.20669311054862877, 7.593781687175647e-17, 0.1603087740481489]","[0.0, -0.8102747262430474, -0.5860502265264937]","[-0.019517472365459095, 0.9725765803915742, 0.23176251540379667]",-0.9238786970799272,0.3826854492685818,2.7488913888094735,157.49987491863826,1.9615701349072008,AMBIENT_DIRECTED_NOT_PARALLEL,0.39270126478031964,22.500125081361755,AMBIENT_LINE_NOT_PARALLEL,False,False,
VB-W20-E22-LOG-M150-G30,VB-W20-E22,0.2,MODERATE,2.2,0.6,0.4,0.07410408716978942,Logarithmic,LOG-M150,1.5,0.3730887048727122,G30,0.5773502691896257,1.0,10.42477796076938,1.0,0.029709803510929233,0.0,0.0,3.0386849671123177,9.42477796076938,"[1.0, 0.0, 0.0]","[-0.20211612991475414, 7.425626146684627e-17, 0.09039901261506281]","[0.0, -0.7608136045258135, -0.6489704609367356]","[-0.0076980697659107065, 0.9864318080097797, 0.16399093837293668]",-0.8569160143361682,0.5154560547459074,2.6000528847584046,148.97205680747118,1.9271305167715902,AMBIENT_DIRECTED_NOT_PARALLEL,0.5415397688313888,31.02794319252882,AMBIENT_LINE_NOT_PARALLEL,False,False,
VB-W20-E22-LOG-M150-GHALF,VB-W20-E22,0.2,MODERATE,2.2,0.6,0.4,0.07410408716978942,Logarithmic,LOG-M150,1.5,0.3730887048727122,GHALF,0.5463024898437905,1.0,10.42477796076938,1.0,0.029709803510929233,0.0,0.0,3.039622118871914,9.42477796076938,"[1.0, 0.0, 0.0]","[-0.2020777966446593, 7.424217805188952e-17, 0.08957864238679714]","[0.0, -0.7552173631152379, -0.655474434626757]","[-0.007562121395846304, 0.9866654250115081, 0.1625858339673365]",-0.8517177181522266,0.5240008860541789,2.590051021969181,148.39899228237974,1.924431198121786,AMBIENT_DIRECTED_NOT_PARALLEL,0.5515416316206123,31.601007717620277,AMBIENT_LINE_NOT_PARALLEL,False,False,
VB-W20-E22-LOG-M200-G30,VB-W20-E22,0.2,MODERATE,2.2,0.6,0.4,0.07410408716978942,Logarithmic,LOG-M200,2.0,0.4974516064969496,G30,0.5773502691896257,1.0,10.42477796076938,1.0,0.009201664039153823,0.0,0.0,3.1097174542045405,9.42477796076938,"[1.0, 0.0, 0.0]","[-0.20020318846252627, 7.355345817891813e-17, 0.02804542573813941]","[0.0, -0.6603123170454664, -0.7509911077756164]","[-0.0010071926443600118, 0.9975819960952259, 0.06949206163038951]",-0.7109035996298977,0.7032894653222486,2.3615785222059857,135.30848231114496,1.8498127470800376,AMBIENT_DIRECTED_NOT_PARALLEL,0.7800141313838077,44.69151768885507,AMBIENT_LINE_NOT_PARALLEL,False,False,
VB-W20-E22-LOG-M200-GHALF,VB-W20-E22,0.2,MODERATE,2.2,0.6,0.4,0.07410408716978942,Logarithmic,LOG-M200,2.0,0.4974516064969496,GHALF,0.5463024898437905,1.0,10.42477796076938,1.0,0.009201664039153823,0.0,0.0,3.110008025832131,9.42477796076938,"[1.0, 0.0, 0.0]","[-0.20019950115628227, 7.355210348458137e-17, 0.0277898514152571]","[0.0, -0.6538323919545653, -0.7566394142727246]","[-0.0009889797951708936, 0.9976255925503997, 0.06886362615654527]",-0.7043848612121029,0.7098182635683636,2.35235248508935,134.77986932273066,1.8462853848807357,AMBIENT_DIRECTED_NOT_PARALLEL,0.7892401685004432,45.22013067726933,AMBIENT_LINE_NOT_PARALLEL,False,False,
VB-W20-E22-GOLDEN-MEAN-G30,VB-W20-E22,0.2,MODERATE,2.2,0.6,0.4,0.07410408716978942,Golden Mean logarithmic,GOLDEN-MEAN,,0.30634896253003313,G30,0.5773502691896257,1.0,10.42477796076938,1.0,0.05572809000084122,0.0,0.0,2.94861146044251,9.42477796076938,"[1.0, 0.0, 0.0]","[-0.20742526107060838, 7.620680460972739e-17, 0.16877132421083008]","[0.0, -0.8190749691654863, -0.5736864952973512]","[-0.02121245653770712, 0.9708335814546456, 0.23881413025108483]",-0.9321899272060125,0.36196952857340003,2.7712128270155434,158.77879912050813,1.9658025980275906,AMBIENT_DIRECTED_NOT_PARALLEL,0.37037982657424984,21.22120087949189,AMBIENT_LINE_NOT_PARALLEL,False,False,
VB-W20-E22-GOLDEN-MEAN-GHALF,VB-W20-E22,0.2,MODERATE,2.2,0.6,0.4,0.07410408716978942,Golden Mean logarithmic,GOLDEN-MEAN,,0.30634896253003313,GHALF,0.5463024898437905,1.0,10.42477796076938,1.0,0.05572809000084122,0.0,0.0,2.9503639487250326,9.42477796076938,"[1.0, 0.0, 0.0]","[-0.2072914231763348, 7.615763336507936e-17, 0.1672575040331416]","[0.0, -0.8143555620810089, -0.5803662796094585]","[-0.020855914584214274, 0.9712842929055047, 0.23700601929467893]",-0.9285210679526179,0.3712797144581563,2.7612057832407375,158.20543774680908,1.9639353695845583,AMBIENT_DIRECTED_NOT_PARALLEL,0.3803868703490559,21.79456225319094,AMBIENT_LINE_NOT_PARALLEL,False,False,
VB-W30-E14-RECIPROCAL-G30,VB-W30-E14,0.3,WIDE,1.4,0.65,0.35,0.07813591300083833,Reciprocal,RECIPROCAL,,,G30,0.5773502691896257,1.0,10.42477796076938,1.0,0.09592530447777489,0.0,0.0,2.8096367683208663,9.42477796076938,"[1.0, 0.0, 0.0]","[-0.3191076398061885, 1.1723824490163457e-16, 0.159687451266914]","[0.0, -0.6177224953083654, -0.7863961589364525]","[-0.011346003554478453, 0.9988733041179725, 0.04608026175909038]",-0.6532638507668008,0.7571303330875943,2.282683607128273,130.78813665214895,1.8183860155460947,AMBIENT_DIRECTED_NOT_PARALLEL,0.8589090464615201,49.211863347851036,AMBIENT_LINE_NOT_PARALLEL,False,False,
VB-W30-E14-RECIPROCAL-GHALF,VB-W30-E14,0.3,WIDE,1.4,0.65,0.35,0.07813591300083833,Reciprocal,RECIPROCAL,,,GHALF,0.5463024898437905,1.0,10.42477796076938,1.0,0.09592530447777489,0.0,0.0,2.8126280631813176,9.42477796076938,"[1.0, 0.0, 0.0]","[-0.31876792623478084, 1.1711343616027917e-16, 0.15830102364172227]","[0.0, -0.6110848698144477, -0.7915650837952996]","[-0.011160584986931062, 0.9988896057415206, 0.04577113592974069]",-0.6466371577311933,0.7627977361275555,2.2739639167922734,130.28853519723518,1.8147380845351726,AMBIENT_DIRECTED_NOT_PARALLEL,0.8676287367975198,49.71146480276483,AMBIENT_LINE_NOT_PARALLEL,False,False,
VB-W30-E14-LOG-M050-G30,VB-W30-E14,0.3,WIDE,1.4,0.65,0.35,0.07813591300083833,Logarithmic,LOG-M050,0.5,0.1243629016242374,G30,0.5773502691896257,1.0,10.42477796076938,1.0,0.30971810485952367,0.0,0.0,2.0799184771396644,9.42477796076938,"[1.0, 0.0, 0.0]","[-0.4794061778541907, 1.761309723601804e-16, 0.42785463159528914]","[0.0, -0.9876980041428702, -0.15637343959953878]","[-0.08197477544747625, 0.994573346713453, 0.06406242422463837]",-0.9923557711476639,0.12340998124108615,3.0178672496258163,172.91105653431293,1.996174226437995,AMBIENT_DIRECTED_NOT_PARALLEL,0.12372540396397687,7.08894346568706,AMBIENT_LINE_NOT_PARALLEL,False,False,
VB-W30-E14-LOG-M050-GHALF,VB-W30-E14,0.3,WIDE,1.4,0.65,0.35,0.07813591300083833,Logarithmic,LOG-M050,0.5,0.1243629016242374,GHALF,0.5463024898437905,1.0,10.42477796076938,1.0,0.30971810485952367,0.0,0.0,2.08845349218488,9.42477796076938,"[1.0, 0.0, 0.0]","[-0.476804033266457, 1.751749599480944e-16, 0.42580064341212254]","[0.0, -0.9872717685785225, -0.15904230559142504]","[-0.0815409704746441, 0.9945476842141178, 0.06500749155588692]",-0.9922277924675095,0.12443475340536188,3.016834517024394,172.8518853148859,1.9961101134293717,AMBIENT_DIRECTED_NOT_PARALLEL,0.12475813656539901,7.148114685114115,AMBIENT_LINE_NOT_PARALLEL,False,False,
VB-W30-E14-LOG-M075-G30,VB-W30-E14,0.3,WIDE,1.4,0.65,0.35,0.07813591300083833,Logarithmic,LOG-M075,0.75,0.1865443524363561,G30,0.5773502691896257,1.0,10.42477796076938,1.0,0.17236531991943516,0.0,0.0,2.5464610914148955,9.42477796076938,"[1.0, 0.0, 0.0]","[-0.36017383752731275, 1.323257211793327e-16, 0.27470267430597883]","[0.0, -0.9729405626670244, -0.23105553773319043]","[-0.05952071708383476, 0.990609812137151, 0.12308324148893729]",-0.992243532552366,0.12430917950015609,3.0169610735570638,172.85913647007766,1.99611799879284,AMBIENT_DIRECTED_NOT_PARALLEL,0.12463158003272962,7.140863529922349,AMBIENT_LINE_NOT_PARALLEL,False,False,
VB-W30-E14-LOG-M075-GHALF,VB-W30-E14,0.3,WIDE,1.4,0.65,0.35,0.07813591300083833,Logarithmic,LOG-M075,0.75,0.1865443524363561,GHALF,0.5463024898437905,1.0,10.42477796076938,1.0,0.17236531991943516,0.0,0.0,2.5516847093392996,9.42477796076938,"[1.0, 0.0, 0.0]","[-0.35915283786641344, 1.3195061198933744e-16, 0.2725794185673687]","[0.0, -0.9720245823127963, -0.23487914207020116]","[-0.05875313702382155, 0.9906816467280005, 0.12287369012997547]",-0.9918273807864665,0.12758701627617844,3.0136569237186057,172.66982262945518,1.9959095073607251,AMBIENT_DIRECTED_NOT_PARALLEL,0.1279357298711876,7.330177370544824,AMBIENT_LINE_NOT_PARALLEL,False,False,
VB-W30-E14-LOG-M100-G30,VB-W30-E14,0.3,WIDE,1.4,0.65,0.35,0.07813591300083833,Logarithmic,LOG-M100,1.0,0.2487258032484748,G30,0.5773502691896257,1.0,10.42477796076938,1.0,0.0959253044777749,0.0,0.0,2.8096367683208663,9.42477796076938,"[1.0, 0.0, 0.0]","[-0.3191076398061885, 1.1723824490163457e-16, 0.159687451266914]","[0.0, -0.953348935428301, -0.3018705141575195]","[-0.029231397233955198, 0.992497473911709, 0.11871937371224427]",-0.9820342885519796,0.18870255988779686,2.9517518511681398,169.1229232418623,1.9909968802346123,AMBIENT_DIRECTED_NOT_PARALLEL,0.18984080242165363,10.877076758137692,AMBIENT_LINE_NOT_PARALLEL,False,False,
VB-W30-E14-LOG-M100-GHALF,VB-W30-E14,0.3,WIDE,1.4,0.65,0.35,0.07813591300083833,Logarithmic,LOG-M100,1.0,0.2487258032484748,GHALF,0.5463024898437905,1.0,10.42477796076938,1.0,0.0959253044777749,0.0,0.0,2.8126280631813176,9.42477796076938,"[1.0, 0.0, 0.0]","[-0.31876792623478084, 1.1711343616027917e-16, 0.15830102364172227]","[0.0, -0.9518184569913446, -0.3066620695987949]","[-0.028756338036708063, 0.9926050022970738, 0.11793380532122469]",-0.9809455865037591,0.19428267117475093,2.946066519059177,168.79717770688856,1.990449992591504,AMBIENT_DIRECTED_NOT_PARALLEL,0.19552613453061599,11.202822293111446,AMBIENT_LINE_NOT_PARALLEL,False,False,
VB-W30-E14-LOG-M125-G30,VB-W30-E14,0.3,WIDE,1.4,0.65,0.35,0.07813591300083833,Logarithmic,LOG-M125,1.25,0.3109072540605935,G30,0.5773502691896257,1.0,10.42477796076938,1.0,0.053384660228952954,0.0,0.0,2.956721292039026,9.42477796076938,"[1.0, 0.0, 0.0]","[-0.3059640332170161, 1.1240936218002996e-16, 0.09007184341961272]","[0.0, -0.929816340122436, -0.36802387645548007]","[-0.012028639063678084, 0.9958645355944309, 0.09005075561906371]",-0.9591119459048161,0.2830269867392107,2.8546439767331675,163.55905187925208,1.97945040145229,AMBIENT_DIRECTED_NOT_PARALLEL,0.2869486768566256,16.44094812074793,AMBIENT_LINE_NOT_PARALLEL,False,False,
VB-W30-E14-LOG-M125-GHALF,VB-W30-E14,0.3,WIDE,1.4,0.65,0.35,0.07813591300083833,Logarithmic,LOG-M125,1.25,0.3109072540605935,GHALF,0.5463024898437905,1.0,10.42477796076938,1.0,0.053384660228952954,0.0,0.0,2.9584006776816585,9.42477796076938,"[1.0, 0.0, 0.0]","[-0.30585647173005026, 1.123698447308127e-16, 0.08926284009499197]","[0.0, -0.9276003125961744, -0.3735741694382517]","[-0.011818077335112035, 0.9959342828827907, 0.08930418370290844]",-0.9571906883814985,0.2894580903615464,2.8479320102999393,163.1744845303946,1.9784795618764923,AMBIENT_DIRECTED_NOT_PARALLEL,0.2936606432898539,16.82551546960539,AMBIENT_LINE_NOT_PARALLEL,False,False,
VB-W30-E14-LOG-M150-G30,VB-W30-E14,0.3,WIDE,1.4,0.65,0.35,0.07813591300083833,Logarithmic,LOG-M150,1.5,0.3730887048727122,G30,0.5773502691896257,1.0,10.42477796076938,1.0,0.029709803510929233,0.0,0.0,3.0386849671123177,9.42477796076938,"[1.0, 0.0, 0.0]","[-0.30185161367540997, 1.1089848375151627e-16, 0.05033581384247814]","[0.0, -0.9032903463295925, -0.42902977778676915]","[-0.004563448100357727, 0.9980741691907067, 0.06186378371645371]",-0.9280921673318128,0.3723505457728492,2.7600522514489763,158.13934524360698,1.9637169690827714,AMBIENT_DIRECTED_NOT_PARALLEL,0.38154040214081686,21.860654756393007,AMBIENT_LINE_NOT_PARALLEL,False,False,
VB-W30-E14-LOG-M150-GHALF,VB-W30-E14,0.3,WIDE,1.4,0.65,0.35,0.07813591300083833,Logarithmic,LOG-M150,1.5,0.3730887048727122,GHALF,0.5463024898437905,1.0,10.42477796076938,1.0,0.029709803510929233,0.0,0.0,3.039622118871914,9.42477796076938,"[1.0, 0.0, 0.0]","[-0.301818072064077, 1.1088616076342912e-16, 0.04987901678355748]","[0.0, -0.9003684035040836, -0.4351284154953657]","[-0.004481597178668905, 0.9981083129071641, 0.06131648222413772]",-0.9253457319703164,0.3791243546968717,2.7527428306504715,157.72054628116754,1.962317880451746,AMBIENT_DIRECTED_NOT_PARALLEL,0.3888498229393215,22.279453718832468,AMBIENT_LINE_NOT_PARALLEL,False,False,
VB-W30-E14-LOG-M200-G30,VB-W30-E14,0.3,WIDE,1.4,0.65,0.35,0.07813591300083833,Logarithmic,LOG-M200,2.0,0.4974516064969496,G30,0.5773502691896257,1.0,10.42477796076938,1.0,0.009201664039153823,0.0,0.0,3.1097174542045405,9.42477796076938,"[1.0, 0.0, 0.0]","[-0.30017778990471056, 1.1028353087457913e-16, 0.015616202967827621]","[0.0, -0.8448377540541845, -0.5350225876770824]","[-0.000589005131705326, 0.9996653721625174, 0.025861105392667377]",-0.8583913233508963,0.5129954541668934,2.602921873699529,149.13643776526732,1.9278959117913481,AMBIENT_DIRECTED_NOT_PARALLEL,0.5386707798902644,30.863562234732687,AMBIENT_LINE_NOT_PARALLEL,False,False,
VB-W30-E14-LOG-M200-GHALF,VB-W30-E14,0.3,WIDE,1.4,0.65,0.35,0.07813591300083833,Logarithmic,LOG-M200,2.0,0.4974516064969496,GHALF,0.5463024898437905,1.0,10.42477796076938,1.0,0.009201664039153823,0.0,0.0,3.110008025832131,9.42477796076938,"[1.0, 0.0, 0.0]","[-0.30017456351174704, 1.1028234551703446e-16, 0.015473894538040883]","[0.0, -0.8405991741978767, -0.5416576671088925]","[-0.0005783280731997478, 0.9996714309221255, 0.025626075289631643]",-0.8542035394608871,0.5199387590596538,2.5948133980740535,148.6718563336429,1.9257224823223553,AMBIENT_DIRECTED_NOT_PARALLEL,0.5467792555157396,31.328143666357118,AMBIENT_LINE_NOT_PARALLEL,False,False,
VB-W30-E14-GOLDEN-MEAN-G30,VB-W30-E14,0.3,WIDE,1.4,0.65,0.35,0.07813591300083833,Golden Mean logarithmic,GOLDEN-MEAN,,0.30634896253003313,G30,0.5773502691896257,1.0,10.42477796076938,1.0,0.05572809000084122,0.0,0.0,2.94861146044251,9.42477796076938,"[1.0, 0.0, 0.0]","[-0.30649710343678244, 1.1260520900153724e-16, 0.09397494189012127]","[0.0, -0.9316546193042426, -0.3633451118827203]","[-0.0128823637208329, 0.9956485321984992, 0.09229325563625089]",-0.9611348575213949,0.27607931044779144,2.8618801777907192,163.9736556595579,1.980472093982339,AMBIENT_DIRECTED_NOT_PARALLEL,0.2797124757990738,16.026344340442108,AMBIENT_LINE_NOT_PARALLEL,False,False,
VB-W30-E14-GOLDEN-MEAN-GHALF,VB-W30-E14,0.3,WIDE,1.4,0.65,0.35,0.07813591300083833,Golden Mean logarithmic,GOLDEN-MEAN,,0.30634896253003313,GHALF,0.5463024898437905,1.0,10.42477796076938,1.0,0.05572809000084122,0.0,0.0,2.9503639487250326,9.42477796076938,"[1.0, 0.0, 0.0]","[-0.30637999527929305, 1.1256218416247022e-16, 0.09313201929118109]","[0.0, -0.9294901134351121, -0.36884702659284435]","[-0.012657551934045516, 0.9957214502148786, 0.09153458341531885]",-0.959275502633157,0.28247214030396733,2.855222427577594,163.5921946712935,1.979533027071363,AMBIENT_DIRECTED_NOT_PARALLEL,0.28637022601219897,16.407805328706505,AMBIENT_LINE_NOT_PARALLEL,False,False,
VB-W30-E16-RECIPROCAL-G30,VB-W30-E16,0.3,WIDE,1.6,0.65,0.35,0.05414140928064724,Reciprocal,RECIPROCAL,,,G30,0.5773502691896257,1.0,10.42477796076938,1.0,0.09592530447777489,0.0,0.0,2.8096367683208663,9.42477796076938,"[1.0, 0.0, 0.0]","[-0.3191076398061885, 1.1723824490163457e-16, 0.18249994430504457]","[0.0, -0.5664290680368047, -0.8241104967678526]","[-0.011342317800760442, 0.9985488197321888, 0.05264604864906365]",-0.6089932386551994,0.7931754126750601,2.2255870187241578,127.51674311199756,1.7938747105944715,AMBIENT_DIRECTED_NOT_PARALLEL,0.9160056348656356,52.48325688800245,AMBIENT_LINE_NOT_PARALLEL,False,False,
VB-W30-E16-RECIPROCAL-GHALF,VB-W30-E16,0.3,WIDE,1.6,0.65,0.35,0.05414140928064724,Reciprocal,RECIPROCAL,,,GHALF,0.5463024898437905,1.0,10.42477796076938,1.0,0.09592530447777489,0.0,0.0,2.8126280631813176,9.42477796076938,"[1.0, 0.0, 0.0]","[-0.31876792623478084, 1.1711343616027917e-16, 0.18091545559053973]","[0.0, -0.5597553386496378, -0.8286579275269315]","[-0.01115700792308381, 0.9985694529986064, 0.05229310386913552]",-0.6022876774045671,0.7982791201369434,2.217160109339555,127.03391676992064,1.7901327757485292,AMBIENT_DIRECTED_NOT_PARALLEL,0.9244325442502381,52.96608323007936,AMBIENT_LINE_NOT_PARALLEL,False,False,
VB-W30-E16-LOG-M050-G30,VB-W30-E16,0.3,WIDE,1.6,0.65,0.35,0.05414140928064724,Logarithmic,LOG-M050,0.5,0.1243629016242374,G30,0.5773502691896257,1.0,10.42477796076938,1.0,0.30971810485952367,0.0,0.0,2.0799184771396644,9.42477796076938,"[1.0, 0.0, 0.0]","[-0.4794061778541907, 1.761309723601804e-16, 0.4889767218231876]","[0.0, -0.9840219197112295, -0.1780473575423864]","[-0.08192333044631248, 0.9939491812101034, 0.07316825199735934]",-0.9910951953138963,0.13315522455281284,3.0080407754048886,172.34804103395967,1.995542630621504,AMBIENT_DIRECTED_NOT_PARALLEL,0.1335518781849046,7.651958966040323,AMBIENT_LINE_NOT_PARALLEL,False,False,
VB-W30-E16-LOG-M050-GHALF,VB-W30-E16,0.3,WIDE,1.6,0.65,0.35,0.05414140928064724,Logarithmic,LOG-M050,0.5,0.1243629016242374,GHALF,0.5463024898437905,1.0,10.42477796076938,1.0,0.30971810485952367,0.0,0.0,2.08845349218488,9.42477796076938,"[1.0, 0.0, 0.0]","[-0.476804033266457, 1.751749599480944e-16, 0.4866293067567115]","[0.0, -0.9834715024333847, -0.18106298324456363]","[-0.08148827822367999, 0.9939050016967605, 0.07424626666912397]",-0.9909204958326518,0.13444913885470464,3.0067351206375155,172.27323252628807,1.9954550838506249,AMBIENT_DIRECTED_NOT_PARALLEL,0.1348575329522776,7.726767473711931,AMBIENT_LINE_NOT_PARALLEL,False,False,
VB-W30-E16-LOG-M075-G30,VB-W30-E16,0.3,WIDE,1.6,0.65,0.35,0.05414140928064724,Logarithmic,LOG-M075,0.75,0.1865443524363561,G30,0.5773502691896257,1.0,10.42477796076938,1.0,0.17236531991943516,0.0,0.0,2.5464610914148955,9.42477796076938,"[1.0, 0.0, 0.0]","[-0.36017383752731275, 1.323257211793327e-16, 0.31394591349254725]","[0.0, -0.9650863887940628, -0.26193178914449256]","[-0.05938317872820644, 0.9883207462235345, 0.14034151441497966]",-0.9905748039050875,0.1369728362428019,3.0041878564337243,172.1272850381061,1.9952818366862801,AMBIENT_DIRECTED_NOT_PARALLEL,0.13740479715606896,7.872714961893928,AMBIENT_LINE_NOT_PARALLEL,False,False,
VB-W30-E16-LOG-M075-GHALF,VB-W30-E16,0.3,WIDE,1.6,0.65,0.35,0.05414140928064724,Logarithmic,LOG-M075,0.75,0.1865443524363561,GHALF,0.5463024898437905,1.0,10.42477796076938,1.0,0.17236531991943516,0.0,0.0,2.5516847093392996,9.42477796076938,"[1.0, 0.0, 0.0]","[-0.35915283786641344, 1.3195061198933744e-16, 0.31151933550556427]","[0.0, -0.9639192166126752, -0.2661949357985726]","[-0.058617832660429206, 0.9884001762172318, 0.1401036807080355]",-0.9900328138503636,0.1408368825966104,3.0002859816587524,171.90372408131162,1.9950101823551496,AMBIENT_DIRECTED_NOT_PARALLEL,0.14130667193104088,8.096275918688377,AMBIENT_LINE_NOT_PARALLEL,False,False,
VB-W30-E16-LOG-M100-G30,VB-W30-E16,0.3,WIDE,1.6,0.65,0.35,0.05414140928064724,Logarithmic,LOG-M100,1.0,0.2487258032484748,G30,0.5773502691896257,1.0,10.42477796076938,1.0,0.0959253044777749,0.0,0.0,2.8096367683208663,9.42477796076938,"[1.0, 0.0, 0.0]","[-0.3191076398061885, 1.1723824490163457e-16, 0.18249994430504457]","[0.0, -0.9403236751100232, -0.3402813336455283]","[-0.02916853998418955, 0.9903632734453357, 0.13538752854613337]",-0.9773318817527613,0.21171299655336875,2.928265297958606,167.7772428676466,1.9886336423548514,AMBIENT_DIRECTED_NOT_PARALLEL,0.2133273556311872,12.222757132353403,AMBIENT_LINE_NOT_PARALLEL,False,False,
VB-W30-E16-LOG-M100-GHALF,VB-W30-E16,0.3,WIDE,1.6,0.65,0.35,0.05414140928064724,Logarithmic,LOG-M100,1.0,0.2487258032484748,GHALF,0.5463024898437905,1.0,10.42477796076938,1.0,0.0959253044777749,0.0,0.0,2.8126280631813176,9.42477796076938,"[1.0, 0.0, 0.0]","[-0.31876792623478084, 1.1711343616027917e-16, 0.18091545559053973]","[0.0, -0.938406751735915, -0.345532586446559]","[-0.02869531535698745, 0.9904986347523979, 0.13449547735964643]",-0.9759631765942994,0.21793549029922704,2.9218940406617073,167.41219671434237,1.987945259102624,AMBIENT_DIRECTED_NOT_PARALLEL,0.219698612928086,12.587803285657634,AMBIENT_LINE_NOT_PARALLEL,False,False,
VB-W30-E16-LOG-M125-G30,VB-W30-E16,0.3,WIDE,1.6,0.65,0.35,0.05414140928064724,Logarithmic,LOG-M125,1.25,0.3109072540605935,G30,0.5773502691896257,1.0,10.42477796076938,1.0,0.053384660228952954,0.0,0.0,2.956721292039026,9.42477796076938,"[1.0, 0.0, 0.0]","[-0.3059640332170161, 1.1240936218002996e-16, 0.10293924962241453]","[0.0, -0.9111198764296723, -0.41214144510686945]","[-0.012013736919803586, 0.9946307703687579, 0.10278764887316494]",-0.9485909147372562,0.3165047811296628,2.8195500854093876,161.5483200197087,1.9741281188095448,AMBIENT_DIRECTED_NOT_PARALLEL,0.3220425681804055,18.451679980291296,AMBIENT_LINE_NOT_PARALLEL,False,False,
VB-W30-E16-LOG-M125-GHALF,VB-W30-E16,0.3,WIDE,1.6,0.65,0.35,0.05414140928064724,Logarithmic,LOG-M125,1.25,0.3109072540605935,GHALF,0.5463024898437905,1.0,10.42477796076938,1.0,0.053384660228952954,0.0,0.0,2.9584006776816585,9.42477796076938,"[1.0, 0.0, 0.0]","[-0.30585647173005026, 1.123698447308127e-16, 0.10201467439427654]","[0.0, -0.9083990548106542, -0.4181042420486907]","[-0.011803677374805715, 0.9947207678807687, 0.10193756494602749]",-0.9462239336714664,0.32351239133500975,2.8121535017667574,161.12452699417048,1.9729287537422462,AMBIENT_DIRECTED_NOT_PARALLEL,0.32943915182303574,18.87547300582951,AMBIENT_LINE_NOT_PARALLEL,False,False,
VB-W30-E16-LOG-M150-G30,VB-W30-E16,0.3,WIDE,1.6,0.65,0.35,0.05414140928064724,Logarithmic,LOG-M150,1.5,0.3730887048727122,G30,0.5773502691896257,1.0,10.42477796076938,1.0,0.029709803510929233,0.0,0.0,3.0386849671123177,9.42477796076938,"[1.0, 0.0, 0.0]","[-0.30185161367540997, 1.1089848375151627e-16, 0.05752664439140359]","[0.0, -0.8788688807836577, -0.4770634029037243]","[-0.004560777248150696, 0.9974900256792786, 0.07066008761135817]",-0.9103722843069594,0.4137901690056555,2.7149791935529977,155.55684925641862,1.9546724965103284,AMBIENT_DIRECTED_NOT_PARALLEL,0.4266134600367958,24.44315074358141,AMBIENT_LINE_NOT_PARALLEL,False,False,
VB-W30-E16-LOG-M150-GHALF,VB-W30-E16,0.3,WIDE,1.6,0.65,0.35,0.05414140928064724,Logarithmic,LOG-M150,1.5,0.3730887048727122,GHALF,0.5463024898437905,1.0,10.42477796076938,1.0,0.029709803510929233,0.0,0.0,3.039622118871914,9.42477796076938,"[1.0, 0.0, 0.0]","[-0.301818072064077, 1.1088616076342912e-16, 0.057004590609779984]","[0.0, -0.875357738899277, -0.4834757790718635]","[-0.004479020396072156, 0.9975344308673836, 0.07003568811953391]",-0.9070600427546759,0.4210012812781998,2.707043740525152,155.10218128939874,1.952977236300862,AMBIENT_DIRECTED_NOT_PARALLEL,0.4345489130646413,24.897818710601264,AMBIENT_LINE_NOT_PARALLEL,False,False,
VB-W30-E16-LOG-M200-G30,VB-W30-E16,0.3,WIDE,1.6,0.65,0.35,0.05414140928064724,Logarithmic,LOG-M200,2.0,0.4974516064969496,G30,0.5773502691896257,1.0,10.42477796076938,1.0,0.009201664039153823,0.0,0.0,3.1097174542045405,9.42477796076938,"[1.0, 0.0, 0.0]","[-0.30017778990471056, 1.1028353087457913e-16, 0.01784708910608871]","[0.0, -0.8100899866185088, -0.5863055633203764]","[-0.0005889448463603384, 0.9995630552749575, 0.02955252397614147]",-0.8270628312894167,0.5621094849755998,2.544658483676032,145.79819141679633,1.9115767477605585,AMBIENT_DIRECTED_NOT_PARALLEL,0.596934169913761,34.20180858320367,AMBIENT_LINE_NOT_PARALLEL,False,False,
VB-W30-E16-LOG-M200-GHALF,VB-W30-E16,0.3,WIDE,1.6,0.65,0.35,0.05414140928064724,Logarithmic,LOG-M200,2.0,0.4974516064969496,GHALF,0.5463024898437905,1.0,10.42477796076938,1.0,0.009201664039153823,0.0,0.0,3.110008025832131,9.42477796076938,"[1.0, 0.0, 0.0]","[-0.30017456351174704, 1.1028234551703446e-16, 0.01768445090061815]","[0.0, -0.8052166182285, -0.5929807734898815]","[-0.0005782699515169637, 0.9995709644421308, 0.029283999864973556]",-0.8222360005583024,0.5691466940832457,2.536124958681093,145.3092564502169,1.9090500258287117,AMBIENT_DIRECTED_NOT_PARALLEL,0.6054676949087004,34.6907435497831,AMBIENT_LINE_NOT_PARALLEL,False,False,
VB-W30-E16-GOLDEN-MEAN-G30,VB-W30-E16,0.3,WIDE,1.6,0.65,0.35,0.05414140928064724,Golden Mean logarithmic,GOLDEN-MEAN,,0.30634896253003313,G30,0.5773502691896257,1.0,10.42477796076938,1.0,0.05572809000084122,0.0,0.0,2.94861146044251,9.42477796076938,"[1.0, 0.0, 0.0]","[-0.30649710343678244, 1.1260520900153724e-16, 0.10739993358871003]","[0.0, -0.9133806551844575, -0.40710659382379344]","[-0.012865600697586433, 0.9943529563358521, 0.10534075443455533]",-0.9511076704713234,0.3088595136475686,2.8275989688133047,162.00948706854604,1.9754025769302437,AMBIENT_DIRECTED_NOT_PARALLEL,0.3139936847764884,17.990512931453953,AMBIENT_LINE_NOT_PARALLEL,False,False,
VB-W30-E16-GOLDEN-MEAN-GHALF,VB-W30-E16,0.3,WIDE,1.6,0.65,0.35,0.05414140928064724,Golden Mean logarithmic,GOLDEN-MEAN,,0.30634896253003313,GHALF,0.5463024898437905,1.0,10.42477796076938,1.0,0.05572809000084122,0.0,0.0,2.9503639487250326,9.42477796076938,"[1.0, 0.0, 0.0]","[-0.30637999527929305, 1.1256218416247022e-16, 0.10643659347563553]","[0.0, -0.910719027848795, -0.413026454738853]","[-0.012641350596573123, 0.9944469526400324, 0.10447705317459736]",-0.9488135488297936,0.31583674510261306,2.820254243128286,161.58866528511317,1.9742408914971818,AMBIENT_DIRECTED_NOT_PARALLEL,0.321338410461507,18.411334714886852,AMBIENT_LINE_NOT_PARALLEL,False,False,
VB-W30-E18-RECIPROCAL-G30,VB-W30-E18,0.3,WIDE,1.8,0.65,0.35,0.02979615800207092,Reciprocal,RECIPROCAL,,,G30,0.5773502691896257,1.0,10.42477796076938,1.0,0.09592530447777489,0.0,0.0,2.8096367683208663,9.42477796076938,"[1.0, 0.0, 0.0]","[-0.3191076398061885, 1.1723824490163457e-16, 0.20531243734317517]","[0.0, -0.5213515623850048, -0.8533419879501503]","[-0.01133814495235634, 0.9981814527687487, 0.05920501513816262]",-0.5709255852593393,0.821001812480509,2.1784291258255606,124.81479487817799,1.7725267756845533,AMBIENT_DIRECTED_NOT_PARALLEL,0.9631635277642328,55.18520512182202,AMBIENT_LINE_NOT_PARALLEL,False,False,
VB-W30-E18-RECIPROCAL-GHALF,VB-W30-E18,0.3,WIDE,1.8,0.65,0.35,0.02979615800207092,Reciprocal,RECIPROCAL,,,GHALF,0.5463024898437905,1.0,10.42477796076938,1.0,0.09592530447777489,0.0,0.0,2.8126280631813176,9.42477796076938,"[1.0, 0.0, 0.0]","[-0.31876792623478084, 1.1711343616027917e-16, 0.20352988753935722]","[0.0, -0.5147738098580931, -0.8573260317313267]","[-0.011152958072331277, 0.9982069850969466, 0.05880838741116049]",-0.5642687741570447,0.8255911521517816,2.1703436123086286,124.35152907846181,1.7687672397220868,AMBIENT_DIRECTED_NOT_PARALLEL,0.9712490412811646,55.6484709215382,AMBIENT_LINE_NOT_PARALLEL,False,False,
VB-W30-E18-LOG-M050-G30,VB-W30-E18,0.3,WIDE,1.8,0.65,0.35,0.02979615800207092,Logarithmic,LOG-M050,0.5,0.1243629016242374,G30,0.5773502691896257,1.0,10.42477796076938,1.0,0.30971810485952367,0.0,0.0,2.0799184771396644,9.42477796076938,"[1.0, 0.0, 0.0]","[-0.4794061778541907, 1.761309723601804e-16, 0.5500988120510861]","[0.0, -0.9799049035425063, -0.19946523509963196]","[-0.08186514303697823, 0.993243212256578, 0.08225581840678206]",-0.9896910702573526,0.14321866307453116,2.9978798084061116,171.76586050915805,1.9948388758279967,AMBIENT_DIRECTED_NOT_PARALLEL,0.14371284518368171,8.234139490841962,AMBIENT_LINE_NOT_PARALLEL,False,False,
VB-W30-E18-LOG-M050-GHALF,VB-W30-E18,0.3,WIDE,1.8,0.65,0.35,0.02979615800207092,Logarithmic,LOG-M050,0.5,0.1243629016242374,GHALF,0.5463024898437905,1.0,10.42477796076938,1.0,0.30971810485952367,0.0,0.0,2.08845349218488,9.42477796076938,"[1.0, 0.0, 0.0]","[-0.476804033266457, 1.751749599480944e-16, 0.5474579701013005]","[0.0, -0.9792171360138582, -0.20281469507118308]","[-0.08142868365033454, 0.9931781321909471, 0.0834659644206878]",-0.9894651702784163,0.1447711186870664,2.996311003212932,171.67597459271065,1.9947256303955272,AMBIENT_DIRECTED_NOT_PARALLEL,0.14528165037686125,8.324025407289355,AMBIENT_LINE_NOT_PARALLEL,False,False,
VB-W30-E18-LOG-M075-G30,VB-W30-E18,0.3,WIDE,1.8,0.65,0.35,0.02979615800207092,Logarithmic,LOG-M075,0.75,0.1865443524363561,G30,0.5773502691896257,1.0,10.42477796076938,1.0,0.17236531991943516,0.0,0.0,2.5464610914148955,9.42477796076938,"[1.0, 0.0, 0.0]","[-0.36017383752731275, 1.323257211793327e-16, 0.3531891526791157]","[0.0, -0.9564108867735145, -0.29202434087092716]","[-0.05922844866063512, 0.9857455567655025, 0.15747281729341114]",-0.9887636777543425,0.14948708825081494,2.991543141663831,171.40279624864445,1.9943739256991617,AMBIENT_DIRECTED_NOT_PARALLEL,0.1500495119259622,8.597203751355547,AMBIENT_LINE_NOT_PARALLEL,False,False,
VB-W30-E18-LOG-M075-GHALF,VB-W30-E18,0.3,WIDE,1.8,0.65,0.35,0.02979615800207092,Logarithmic,LOG-M075,0.75,0.1865443524363561,GHALF,0.5463024898437905,1.0,10.42477796076938,1.0,0.17236531991943516,0.0,0.0,2.5516847093392996,9.42477796076938,"[1.0, 0.0, 0.0]","[-0.35915283786641344, 1.3195061198933744e-16, 0.35045925244375986]","[0.0, -0.9549737978688205, -0.2966901504667807]","[-0.05846561201939258, 0.9858334673916754, 0.1572073369207198]",-0.9880869988667065,0.1538963374177089,2.9870822666900656,171.14720693971216,1.9940346029428406,AMBIENT_DIRECTED_NOT_PARALLEL,0.15451038689972768,8.85279306028784,AMBIENT_LINE_NOT_PARALLEL,False,False,
VB-W30-E18-LOG-M100-G30,VB-W30-E18,0.3,WIDE,1.8,0.65,0.35,0.02979615800207092,Logarithmic,LOG-M100,1.0,0.2487258032484748,G30,0.5773502691896257,1.0,10.42477796076938,1.0,0.0959253044777749,0.0,0.0,2.8096367683208663,9.42477796076938,"[1.0, 0.0, 0.0]","[-0.3191076398061885, 1.1723824490163457e-16, 0.20531243734317517]","[0.0, -0.9261881198332239, -0.37706175446443485]","[-0.029097789631956337, 0.98796107743302, 0.15194152860860952]",-0.9723291521292653,0.23361511064052395,2.9057986307389716,166.48999765623662,1.9861163873898555,AMBIENT_DIRECTED_NOT_PARALLEL,0.23579402285082157,13.510002343763368,AMBIENT_LINE_NOT_PARALLEL,False,False,
VB-W30-E18-LOG-M100-GHALF,VB-W30-E18,0.3,WIDE,1.8,0.65,0.35,0.02979615800207092,Logarithmic,LOG-M100,1.0,0.2487258032484748,GHALF,0.5463024898437905,1.0,10.42477796076938,1.0,0.0959253044777749,0.0,0.0,2.8126280631813176,9.42477796076938,"[1.0, 0.0, 0.0]","[-0.31876792623478084, 1.1711343616027917e-16, 0.20352988753935722]","[0.0, -0.9238714025589065, -0.38270305921672326]","[-0.028626623747043046, 0.9881275527474632, 0.15094520831796732]",-0.9706699810612904,0.2404158644234487,2.898798394974461,166.08891369133363,1.9852808270173214,AMBIENT_DIRECTED_NOT_PARALLEL,0.2427942586153322,13.911086308666361,AMBIENT_LINE_NOT_PARALLEL,False,False,
VB-W30-E18-LOG-M125-G30,VB-W30-E18,0.3,WIDE,1.8,0.65,0.35,0.02979615800207092,Logarithmic,LOG-M125,1.25,0.3109072540605935,G30,0.5773502691896257,1.0,10.42477796076938,1.0,0.053384660228952954,0.0,0.0,2.956721292039026,9.42477796076938,"[1.0, 0.0, 0.0]","[-0.3059640332170161, 1.1240936218002996e-16, 0.11580665582521636]","[0.0, -0.8912357623173369, -0.4535403134966454]","[-0.011996914595475283, 0.9932380312470551, 0.1154741846676691]",-0.9375814518559843,0.34776575612849653,2.78640559271213,159.64928047405365,1.9685433456523047,AMBIENT_DIRECTED_NOT_PARALLEL,0.35518706087766333,20.350719525946346,AMBIENT_LINE_NOT_PARALLEL,False,False,
VB-W30-E18-LOG-M125-GHALF,VB-W30-E18,0.3,WIDE,1.8,0.65,0.35,0.02979615800207092,Logarithmic,LOG-M125,1.25,0.3109072540605935,GHALF,0.5463024898437905,1.0,10.42477796076938,1.0,0.053384660228952954,0.0,0.0,2.9584006776816585,9.42477796076938,"[1.0, 0.0, 0.0]","[-0.30585647173005026, 1.123698447308127e-16, 0.11476650869356113]","[0.0, -0.8880158313052594, -0.4598128786269792]","[-0.011787420881125343, 0.9933507988987882, 0.11452181903947621]",-0.9347698427399905,0.3552539107509635,2.7784069711703565,159.19099321778762,1.9671145583010616,AMBIENT_DIRECTED_NOT_PARALLEL,0.36318568241943683,20.809006782212393,AMBIENT_LINE_NOT_PARALLEL,False,False,
VB-W30-E18-LOG-M150-G30,VB-W30-E18,0.3,WIDE,1.8,0.65,0.35,0.02979615800207092,Logarithmic,LOG-M150,1.5,0.3730887048727122,G30,0.5773502691896257,1.0,10.42477796076938,1.0,0.029709803510929233,0.0,0.0,3.0386849671123177,9.42477796076938,"[1.0, 0.0, 0.0]","[-0.30185161367540997, 1.1089848375151627e-16, 0.06471747494032905]","[0.0, -0.8534503891225035, -0.521174091169781]","[-0.0045577559440544094, 0.9968292346481419, 0.07943993839092685]",-0.8921463358926188,0.45174651670308946,2.6728706254194385,153.1442060210266,1.9453258523407428,AMBIENT_DIRECTED_NOT_PARALLEL,0.4687220281703549,26.855793978973416,AMBIENT_LINE_NOT_PARALLEL,False,False,
VB-W30-E18-LOG-M150-GHALF,VB-W30-E18,0.3,WIDE,1.8,0.65,0.35,0.02979615800207092,Logarithmic,LOG-M150,1.5,0.3730887048727122,GHALF,0.5463024898437905,1.0,10.42477796076938,1.0,0.029709803510929233,0.0,0.0,3.039622118871914,9.42477796076938,"[1.0, 0.0, 0.0]","[-0.301818072064077, 1.1088616076342912e-16, 0.06413016443600249]","[0.0, -0.8493858294764827, -0.5277724061416509]","[-0.004476105408773823, 0.9968852263676277, 0.07873887178727666]",-0.8882963887111687,0.45927064548335395,2.664418700641736,152.65994640250221,1.943345768879624,AMBIENT_DIRECTED_NOT_PARALLEL,0.4771739529480571,27.340053597497796,AMBIENT_LINE_NOT_PARALLEL,False,False,
VB-W30-E18-LOG-M200-G30,VB-W30-E18,0.3,WIDE,1.8,0.65,0.35,0.02979615800207092,Logarithmic,LOG-M200,2.0,0.4974516064969496,G30,0.5773502691896257,1.0,10.42477796076938,1.0,0.009201664039153823,0.0,0.0,3.1097174542045405,9.42477796076938,"[1.0, 0.0, 0.0]","[-0.30017778990471056, 1.1028353087457913e-16, 0.020077975244349802]","[0.0, -0.775459737265562, -0.6313970192200986]","[-0.0005888765453417896, 0.9994471341064458, 0.03324273380494451]",-0.7960203750601726,0.6052698261842085,2.49148786088907,142.75173913702127,1.8952679889979531,AMBIENT_DIRECTED_NOT_PARALLEL,0.6501047927007233,37.24826086297873,AMBIENT_LINE_NOT_PARALLEL,False,False,
VB-W30-E18-LOG-M200-GHALF,VB-W30-E18,0.3,WIDE,1.8,0.65,0.35,0.02979615800207092,Logarithmic,LOG-M200,2.0,0.4974516064969496,GHALF,0.5463024898437905,1.0,10.42477796076938,1.0,0.009201664039153823,0.0,0.0,3.110008025832131,9.42477796076938,"[1.0, 0.0, 0.0]","[-0.30017456351174704, 1.1028234551703446e-16, 0.019895007263195423]","[0.0, -0.7700573205380598, -0.6379747041111772]","[-0.0005782041014558306, 0.999457139041135, 0.032940748317649475]",-0.7906546506438046,0.6122623811858146,2.4826738194264384,142.24673176075916,1.8924347548297695,AMBIENT_DIRECTED_NOT_PARALLEL,0.6589188341633548,37.75326823924083,AMBIENT_LINE_NOT_PARALLEL,False,False,
VB-W30-E18-GOLDEN-MEAN-G30,VB-W30-E18,0.3,WIDE,1.8,0.65,0.35,0.02979615800207092,Golden Mean logarithmic,GOLDEN-MEAN,,0.30634896253003313,G30,0.5773502691896257,1.0,10.42477796076938,1.0,0.05572809000084122,0.0,0.0,2.94861146044251,9.42477796076938,"[1.0, 0.0, 0.0]","[-0.30649710343678244, 1.1260520900153724e-16, 0.1208249252872988]","[0.0, -0.8939158922655389, -0.44823473488241106]","[-0.012846681483852622, 0.9928907334245429, 0.11833407900738428]",-0.940602250422815,0.33951053960007854,2.795196174121867,160.15294368829774,1.9700772829626838,AMBIENT_DIRECTED_NOT_PARALLEL,0.3463964794679263,19.847056311702254,AMBIENT_LINE_NOT_PARALLEL,False,False,
VB-W30-E18-GOLDEN-MEAN-GHALF,VB-W30-E18,0.3,WIDE,1.8,0.65,0.35,0.02979615800207092,Golden Mean logarithmic,GOLDEN-MEAN,,0.30634896253003313,GHALF,0.5463024898437905,1.0,10.42477796076938,1.0,0.05572809000084122,0.0,0.0,2.9503639487250326,9.42477796076938,"[1.0, 0.0, 0.0]","[-0.30637999527929305, 1.1256218416247022e-16, 0.11974116766008999]","[0.0, -0.890761000053724, -0.4544720462066831]","[-0.01262306407472828, 0.993008421544477, 0.1173666604922859]",-0.9378730409871027,0.34697861459981166,2.78724500682265,159.69737535985018,1.9686914643930893,AMBIENT_DIRECTED_NOT_PARALLEL,0.35434764676714314,20.302624640149812,AMBIENT_LINE_NOT_PARALLEL,False,False,
VB-W30-E20-RECIPROCAL-G30,VB-W30-E20,0.3,WIDE,2.0,0.65,0.35,0.018272736228308092,Reciprocal,RECIPROCAL,,,G30,0.5773502691896257,1.0,10.42477796076938,1.0,0.09592530447777489,0.0,0.0,2.8096367683208663,9.42477796076938,"[1.0, 0.0, 0.0]","[-0.3191076398061885, 1.1723824490163457e-16, 0.22812493038130574]","[0.0, -0.48182281092320983, -0.8762686682028846]","[-0.011333486626416903, 0.997771345597493, 0.06575632277931032]",-0.5383691997821629,0.8427090866520391,2.139297049610371,122.57269206746335,1.7540633966776473,AMBIENT_DIRECTED_NOT_PARALLEL,1.0022956039794224,57.427307932536664,AMBIENT_LINE_NOT_PARALLEL,False,False,
VB-W30-E20-RECIPROCAL-GHALF,VB-W30-E20,0.3,WIDE,2.0,0.65,0.35,0.018272736228308092,Reciprocal,RECIPROCAL,,,GHALF,0.5463024898437905,1.0,10.42477796076938,1.0,0.09592530447777489,0.0,0.0,2.8126280631813176,9.42477796076938,"[1.0, 0.0, 0.0]","[-0.31876792623478084, 1.1711343616027917e-16, 0.22614431948817468]","[0.0, -0.4754193151073256, -0.8797593277839578]","[-0.01114843698330233, 0.997802340641218, 0.06531616464349549]",-0.5318370105003223,0.8468467359930486,2.131564654329127,122.1296584523212,1.750335402430244,AMBIENT_DIRECTED_NOT_PARALLEL,1.0100279992606662,57.870341547678805,AMBIENT_LINE_NOT_PARALLEL,False,False,
VB-W30-E20-LOG-M050-G30,VB-W30-E20,0.3,WIDE,2.0,0.65,0.35,0.018272736228308092,Logarithmic,LOG-M050,0.5,0.1243629016242374,G30,0.5773502691896257,1.0,10.42477796076938,1.0,0.30971810485952367,0.0,0.0,2.0799184771396644,9.42477796076938,"[1.0, 0.0, 0.0]","[-0.4794061778541907, 1.761309723601804e-16, 0.6112209022789845]","[0.0, -0.9753641278940263, -0.22060103811524853]","[-0.08180025654518383, 0.992455965509659, 0.09132291362759257]",-0.9881518768225085,0.15347921140061255,2.9875044079767625,171.17139385379812,1.9940671387004545,AMBIENT_DIRECTED_NOT_PARALLEL,0.1540882456130308,8.828606146201887,AMBIENT_LINE_NOT_PARALLEL,False,False,
VB-W30-E20-LOG-M050-GHALF,VB-W30-E20,0.3,WIDE,2.0,0.65,0.35,0.018272736228308092,Logarithmic,LOG-M050,0.5,0.1243629016242374,GHALF,0.5463024898437905,1.0,10.42477796076938,1.0,0.30971810485952367,0.0,0.0,2.08845349218488,9.42477796076938,"[1.0, 0.0, 0.0]","[-0.476804033266457, 1.751749599480944e-16, 0.6082866334458894]","[0.0, -0.9745269780516191, -0.22427030353923175]","[-0.08136223243023508, 0.9923676327980847, 0.09266427849335529]",-0.987870876171905,0.15527759661764728,2.9856842014859386,171.0671037040316,1.9939262153710227,AMBIENT_DIRECTED_NOT_PARALLEL,0.15590845210385443,8.9328962959684,AMBIENT_LINE_NOT_PARALLEL,False,False,
VB-W30-E20-LOG-M075-G30,VB-W30-E20,0.3,WIDE,2.0,0.65,0.35,0.018272736228308092,Logarithmic,LOG-M075,0.75,0.1865443524363561,G30,0.5773502691896257,1.0,10.42477796076938,1.0,0.17236531991943516,0.0,0.0,2.5464610914148955,9.42477796076938,"[1.0, 0.0, 0.0]","[-0.36017383752731275, 1.323257211793327e-16, 0.39243239186568407]","[0.0, -0.9469862499984903, -0.3212740921920049]","[-0.05905693823011649, 0.9828910898894345, 0.17446312923607585]",-0.9868348308376214,0.16173131003514213,2.9791478447850683,170.69259805167968,1.9934065470132385,AMBIENT_DIRECTED_NOT_PARALLEL,0.16244480880472503,9.30740194832034,AMBIENT_LINE_NOT_PARALLEL,False,False,
VB-W30-E20-LOG-M075-GHALF,VB-W30-E20,0.3,WIDE,2.0,0.65,0.35,0.018272736228308092,Logarithmic,LOG-M075,0.75,0.1865443524363561,GHALF,0.5463024898437905,1.0,10.42477796076938,1.0,0.17236531991943516,0.0,0.0,2.5516847093392996,9.42477796076938,"[1.0, 0.0, 0.0]","[-0.35915283786641344, 1.3195061198933744e-16, 0.38939916938195535]","[0.0, -0.9452648160639714, -0.32630419475015376]","[-0.05829687846471226, 0.982988321680712, 0.17417070190077275]",-0.9860169057193511,0.1666453168728028,2.974166226973428,170.40717237592548,1.9929961895193633,AMBIENT_DIRECTED_NOT_PARALLEL,0.16742642661636545,9.592827624074532,AMBIENT_LINE_NOT_PARALLEL,False,False,
VB-W30-E20-LOG-M100-G30,VB-W30-E20,0.3,WIDE,2.0,0.65,0.35,0.018272736228308092,Logarithmic,LOG-M100,1.0,0.2487258032484748,G30,0.5773502691896257,1.0,10.42477796076938,1.0,0.0959253044777749,0.0,0.0,2.8096367683208663,9.42477796076938,"[1.0, 0.0, 0.0]","[-0.3191076398061885, 1.1723824490163457e-16, 0.22812493038130574]","[0.0, -0.9111198764296723, -0.4121414451068694]","[-0.029019321726635548, 0.9852968463259429, 0.16836865381263022]",-0.9671152411640745,0.2543385741647419,2.8844289282084516,165.2656038917878,1.9834894711916544,AMBIENT_DIRECTED_NOT_PARALLEL,0.25716372538134147,14.734396108212193,AMBIENT_LINE_NOT_PARALLEL,False,False,
VB-W30-E20-LOG-M100-GHALF,VB-W30-E20,0.3,WIDE,2.0,0.65,0.35,0.018272736228308092,Logarithmic,LOG-M100,1.0,0.2487258032484748,GHALF,0.5463024898437905,1.0,10.42477796076938,1.0,0.0959253044777749,0.0,0.0,2.8126280631813176,9.42477796076938,"[1.0, 0.0, 0.0]","[-0.31876792623478084, 1.1711343616027917e-16, 0.22614431948817468]","[0.0, -0.9083990548106542, -0.4181042420486907]","[-0.028550431494619024, 0.9854975652019065, 0.16727050499889498]",-0.9651615644572776,0.2616546473777613,2.876856474580883,164.8317342583696,1.9825042569726188,AMBIENT_DIRECTED_NOT_PARALLEL,0.2647361790089102,15.168265741630412,AMBIENT_LINE_NOT_PARALLEL,False,False,
VB-W30-E20-LOG-M125-G30,VB-W30-E20,0.3,WIDE,2.0,0.65,0.35,0.018272736228308092,Logarithmic,LOG-M125,1.25,0.3109072540605935,G30,0.5773502691896257,1.0,10.42477796076938,1.0,0.053384660228952954,0.0,0.0,2.956721292039026,9.42477796076938,"[1.0, 0.0, 0.0]","[-0.3059640332170161, 1.1240936218002996e-16, 0.12867406202801818]","[0.0, -0.8704826092720368, -0.4921991740697524]","[-0.011978196544233951, 0.991688342765424, 0.12810446374234882]",-0.926300367443741,0.3767859196859546,2.7552686197507374,157.8652633365529,1.9628043037673117,AMBIENT_DIRECTED_NOT_PARALLEL,0.3863240338390556,22.134736663447086,AMBIENT_LINE_NOT_PARALLEL,False,False,
VB-W30-E20-LOG-M125-GHALF,VB-W30-E20,0.3,WIDE,2.0,0.65,0.35,0.018272736228308092,Logarithmic,LOG-M125,1.25,0.3109072540605935,GHALF,0.5463024898437905,1.0,10.42477796076938,1.0,0.053384660228952954,0.0,0.0,2.9584006776816585,9.42477796076938,"[1.0, 0.0, 0.0]","[-0.30585647173005026, 1.123698447308127e-16, 0.12751834299284567]","[0.0, -0.8667822282052833, -0.4986868444900912]","[-0.011769331104269767, 0.9918263352801046, 0.12705118452889647]",-0.923056195188213,0.38466512777305356,2.746747644864192,157.3770474382169,1.9611507821624594,AMBIENT_DIRECTED_NOT_PARALLEL,0.39484500872560124,22.622952561783116,AMBIENT_LINE_NOT_PARALLEL,False,False,
VB-W30-E20-LOG-M150-G30,VB-W30-E20,0.3,WIDE,2.0,0.65,0.35,0.018272736228308092,Logarithmic,LOG-M150,1.5,0.3730887048727122,G30,0.5773502691896257,1.0,10.42477796076938,1.0,0.029709803510929233,0.0,0.0,3.0386849671123177,9.42477796076938,"[1.0, 0.0, 0.0]","[-0.30185161367540997, 1.1089848375151627e-16, 0.07190830548925449]","[0.0, -0.8274959229804496, -0.5614717245335991]","[-0.004554386287675908, 0.9960922553034731, 0.08820134063597296]",-0.8737848390090804,0.48631271330068626,2.6337277827560563,150.9014863382702,1.9358640649637984,AMBIENT_DIRECTED_NOT_PARALLEL,0.507864870833737,29.09851366172983,AMBIENT_LINE_NOT_PARALLEL,False,False,
VB-W30-E20-LOG-M150-GHALF,VB-W30-E20,0.3,WIDE,2.0,0.65,0.35,0.018272736228308092,Logarithmic,LOG-M150,1.5,0.3730887048727122,GHALF,0.5463024898437905,1.0,10.42477796076938,1.0,0.029709803510929233,0.0,0.0,3.039622118871914,9.42477796076938,"[1.0, 0.0, 0.0]","[-0.301818072064077, 1.1088616076342912e-16, 0.07125573826222498]","[0.0, -0.8229272082283252, -0.5681468207756993]","[-0.004472854207216083, 0.996161142704517, 0.08742408901939842]",-0.8694378263469497,0.4940423727951802,2.624859599717827,150.39337687823013,1.9336172456548635,AMBIENT_DIRECTED_NOT_PARALLEL,0.5167330538719666,29.606623121769886,AMBIENT_LINE_NOT_PARALLEL,False,False,
VB-W30-E20-LOG-M200-G30,VB-W30-E20,0.3,WIDE,2.0,0.65,0.35,0.018272736228308092,Logarithmic,LOG-M200,2.0,0.4974516064969496,G30,0.5773502691896257,1.0,10.42477796076938,1.0,0.009201664039153823,0.0,0.0,3.1097174542045405,9.42477796076938,"[1.0, 0.0, 0.0]","[-0.30017778990471056, 1.1028353087457913e-16, 0.02230886138261089]","[0.0, -0.7415615577254759, -0.670884830730108]","[-0.0005888002370230364, 0.9993176228683269, 0.03693158457306282]",-0.7658323729416501,0.6430402604460792,2.443131094993314,139.9811005402923,1.8792723979996355,AMBIENT_DIRECTED_NOT_PARALLEL,0.6984615585964793,40.018899459707704,AMBIENT_LINE_NOT_PARALLEL,False,False,
VB-W30-E20-LOG-M200-GHALF,VB-W30-E20,0.3,WIDE,2.0,0.65,0.35,0.018272736228308092,Logarithmic,LOG-M200,2.0,0.4974516064969496,GHALF,0.5463024898437905,1.0,10.42477796076938,1.0,0.009201664039153823,0.0,0.0,3.110008025832131,9.42477796076938,"[1.0, 0.0, 0.0]","[-0.30017456351174704, 1.1028234551703446e-16, 0.02210556362577269]","[0.0, -0.7357367265250739, -0.6772676496350379]","[-0.0005781305309434487, 0.9993299684215596, 0.03659617438549458]",-0.7600291646965818,0.6498889665247565,2.434154317062724,139.46676905124332,1.8761818487004833,AMBIENT_DIRECTED_NOT_PARALLEL,0.7074383365270692,40.53323094875669,AMBIENT_LINE_NOT_PARALLEL,False,False,
VB-W30-E20-GOLDEN-MEAN-G30,VB-W30-E20,0.3,WIDE,2.0,0.65,0.35,0.018272736228308092,Golden Mean logarithmic,GOLDEN-MEAN,,0.30634896253003313,G30,0.5773502691896257,1.0,10.42477796076938,1.0,0.05572809000084122,0.0,0.0,2.94861146044251,9.42477796076938,"[1.0, 0.0, 0.0]","[-0.30649710343678244, 1.1260520900153724e-16, 0.13424991698588754]","[0.0, -0.8735680842896464, -0.4867019643585972]","[-0.01282563493250108, 0.9912640934371069, 0.13126690424813472]",-0.9298245352818055,0.36800317062217597,2.764732081508421,158.40747975485164,1.9645989592188047,AMBIENT_DIRECTED_NOT_PARALLEL,0.3768605720813725,21.59252024514839,AMBIENT_LINE_NOT_PARALLEL,False,False,
VB-W30-E20-GOLDEN-MEAN-GHALF,VB-W30-E20,0.3,WIDE,2.0,0.65,0.35,0.018272736228308092,Golden Mean logarithmic,GOLDEN-MEAN,,0.30634896253003313,GHALF,0.5463024898437905,1.0,10.42477796076938,1.0,0.05572809000084122,0.0,0.0,2.9503639487250326,9.42477796076938,"[1.0, 0.0, 0.0]","[-0.30637999527929305, 1.1256218416247022e-16, 0.13304574184454443]","[0.0, -0.869936559800504, -0.49316364618903535]","[-0.012602719811412842, 0.9914080157568841, 0.1301972263389391]",-0.926670617451198,0.3758744028962541,2.75625246323626,157.92163341597478,1.9629929278788543,AMBIENT_DIRECTED_NOT_PARALLEL,0.3853401903535333,22.078366584025215,AMBIENT_LINE_NOT_PARALLEL,False,False,
VB-W30-E22-RECIPROCAL-G30,VB-W30-E22,0.3,WIDE,2.2,0.65,0.35,0.039991266720744274,Reciprocal,RECIPROCAL,,,G30,0.5773502691896257,1.0,10.42477796076938,1.0,0.09592530447777489,0.0,0.0,2.8096367683208663,9.42477796076938,"[1.0, 0.0, 0.0]","[-0.3191076398061885, 1.1723824490163457e-16, 0.2509374234194363]","[0.0, -0.4471208275519171, -0.8944735689606982]","[-0.011328344624484656, 0.9973186568216451, 0.07229913805529593]",-0.5105916112201632,0.8598233577611148,2.106669037963237,120.7032447061789,1.73815512036191,AMBIENT_DIRECTED_NOT_PARALLEL,1.0349236156265562,59.29675529382112,AMBIENT_LINE_NOT_PARALLEL,False,False,
VB-W30-E22-RECIPROCAL-GHALF,VB-W30-E22,0.3,WIDE,2.2,0.65,0.35,0.039991266720744274,Reciprocal,RECIPROCAL,,,GHALF,0.5463024898437905,1.0,10.42477796076938,1.0,0.09592530447777489,0.0,0.0,2.8126280631813176,9.42477796076938,"[1.0, 0.0, 0.0]","[-0.31876792623478084, 1.1711343616027917e-16, 0.24875875143699216]","[0.0, -0.44093420742825185, -0.8975394279471066]","[-0.01114344638127943, 0.997355674046868, 0.07181561842151739]",-0.5042255827356421,0.8635719783057474,2.0992812965702714,120.27995830422785,1.7344887331635463,AMBIENT_DIRECTED_NOT_PARALLEL,1.042311357019522,59.72004169577216,AMBIENT_LINE_NOT_PARALLEL,False,False,
VB-W30-E22-LOG-M050-G30,VB-W30-E22,0.3,WIDE,2.2,0.65,0.35,0.039991266720744274,Logarithmic,LOG-M050,0.5,0.1243629016242374,G30,0.5773502691896257,1.0,10.42477796076938,1.0,0.30971810485952367,0.0,0.0,2.0799184771396644,9.42477796076938,"[1.0, 0.0, 0.0]","[-0.4794061778541907, 1.761309723601804e-16, 0.672342992506883]","[0.0, -0.9704180843884763, -0.24143061423895726]","[-0.0817287190908986, 0.9915880247933172, 0.10036735306985398]",-0.986486703223677,0.163841338992579,2.9770092899506473,170.57006788541005,1.993231899816816,AMBIENT_DIRECTED_NOT_PARALLEL,0.16458336363914575,9.429932114589946,AMBIENT_LINE_NOT_PARALLEL,False,False,
VB-W30-E22-LOG-M050-GHALF,VB-W30-E22,0.3,WIDE,2.2,0.65,0.35,0.039991266720744274,Logarithmic,LOG-M050,0.5,0.1243629016242374,GHALF,0.5463024898437905,1.0,10.42477796076938,1.0,0.30971810485952367,0.0,0.0,2.08845349218488,9.42477796076938,"[1.0, 0.0, 0.0]","[-0.476804033266457, 1.751749599480944e-16, 0.6691152967904784]","[0.0, -0.9694207188620998, -0.24540470623215335]","[-0.08128897528385154, 0.9914741221510592, 0.10183892969826397]",-0.9861473088544487,0.16587189406023176,2.9749505660940807,170.4521116972459,1.9930616191450023,AMBIENT_DIRECTED_NOT_PARALLEL,0.16664208749571255,9.547888302754119,AMBIENT_LINE_NOT_PARALLEL,False,False,
VB-W30-E22-LOG-M075-G30,VB-W30-E22,0.3,WIDE,2.2,0.65,0.35,0.039991266720744274,Logarithmic,LOG-M075,0.75,0.1865443524363561,G30,0.5773502691896257,1.0,10.42477796076938,1.0,0.17236531991943516,0.0,0.0,2.5464610914148955,9.42477796076938,"[1.0, 0.0, 0.0]","[-0.36017383752731275, 1.323257211793327e-16, 0.43167563105225254]","[0.0, -0.9368869009529907, -0.3496325711696511]","[-0.058869096682434105, 0.9797648224421001, 0.1912990385778101]",-0.9848132028807782,0.17361726708971997,2.967091115726198,170.00179836187365,1.992392131524705,AMBIENT_DIRECTED_NOT_PARALLEL,0.1745015378635952,9.998201638126337,AMBIENT_LINE_NOT_PARALLEL,False,False,
VB-W30-E22-LOG-M075-GHALF,VB-W30-E22,0.3,WIDE,2.2,0.65,0.35,0.039991266720744274,Logarithmic,LOG-M075,0.75,0.1865443524363561,GHALF,0.5463024898437905,1.0,10.42477796076938,1.0,0.17236531991943516,0.0,0.0,2.5516847093392996,9.42477796076938,"[1.0, 0.0, 0.0]","[-0.35915283786641344, 1.3195061198933744e-16, 0.42833908632015094]","[0.0, -0.9348709120852556, -0.3549878557597178]","[-0.058112072556027954, 0.9798721676978839, 0.19098042306554186]",-0.9838497180187977,0.17899645905529102,2.961626311648867,169.68868815237673,1.9919084908794369,AMBIENT_DIRECTED_NOT_PARALLEL,0.17996634194092617,10.311311847623285,AMBIENT_LINE_NOT_PARALLEL,False,False,
VB-W30-E22-LOG-M100-G30,VB-W30-E22,0.3,WIDE,2.2,0.65,0.35,0.039991266720744274,Logarithmic,LOG-M100,1.0,0.2487258032484748,G30,0.5773502691896257,1.0,10.42477796076938,1.0,0.0959253044777749,0.0,0.0,2.8096367683208663,9.42477796076938,"[1.0, 0.0, 0.0]","[-0.3191076398061885, 1.1723824490163457e-16, 0.2509374234194363]","[0.0, -0.8952919343041142, -0.4454799124202992]","[-0.028933328298275947, 0.9823771001456005, 0.18465669666466147]",-0.9617751432634166,0.2738404166675084,2.8642088283959457,164.10707751119796,1.9807953671509921,AMBIENT_DIRECTED_NOT_PARALLEL,0.2773838251938476,15.89292248880206,AMBIENT_LINE_NOT_PARALLEL,False,False,
VB-W30-E22-LOG-M100-GHALF,VB-W30-E22,0.3,WIDE,2.2,0.65,0.35,0.039991266720744274,Logarithmic,LOG-M100,1.0,0.2487258032484748,GHALF,0.5463024898437905,1.0,10.42477796076938,1.0,0.0959253044777749,0.0,0.0,2.8126280631813176,9.42477796076938,"[1.0, 0.0, 0.0]","[-0.31876792623478084, 1.1711343616027917e-16, 0.24875875143699216]","[0.0, -0.8921707032708233, -0.4516983907711481]","[-0.028466922738425018, 0.982615028175531, 0.1834593707429661]",-0.9595286432683285,0.28161104869596476,2.856119956960191,163.64361931690527,1.9796609019063487,AMBIENT_DIRECTED_NOT_PARALLEL,0.2854726966296022,16.356380683094724,AMBIENT_LINE_NOT_PARALLEL,False,False,
VB-W30-E22-LOG-M125-G30,VB-W30-E22,0.3,WIDE,2.2,0.65,0.35,0.039991266720744274,Logarithmic,LOG-M125,1.25,0.3109072540605935,G30,0.5773502691896257,1.0,10.42477796076938,1.0,0.053384660228952954,0.0,0.0,2.956721292039026,9.42477796076938,"[1.0, 0.0, 0.0]","[-0.3059640332170161, 1.1240936218002996e-16, 0.14154146823082]","[0.0, -0.8491504622643626, -0.5281510129084476]","[-0.011957609760105056, 0.9899839397895452, 0.14067272133429085]",-0.9149417603678809,0.4035858956095014,2.7261599184522187,156.1974576050408,1.957008819789978,AMBIENT_DIRECTED_NOT_PARALLEL,0.41543273513757456,23.8025423949592,AMBIENT_LINE_NOT_PARALLEL,False,False,
VB-W30-E22-LOG-M125-GHALF,VB-W30-E22,0.3,WIDE,2.2,0.65,0.35,0.039991266720744274,Logarithmic,LOG-M125,1.25,0.3109072540605935,GHALF,0.5463024898437905,1.0,10.42477796076938,1.0,0.053384660228952954,0.0,0.0,2.9584006776816585,9.42477796076938,"[1.0, 0.0, 0.0]","[-0.30585647173005026, 1.123698447308127e-16, 0.14027017729213026]","[0.0, -0.8449981788362058, -0.5347691817630255]","[-0.01174943371514561, 0.9901495403661188, 0.13952002910025912]",-0.9112855701863757,0.41177495014885546,2.7171917034705477,155.68361673682506,1.9551396728553054,AMBIENT_DIRECTED_NOT_PARALLEL,0.4244009501192454,24.316383263174934,AMBIENT_LINE_NOT_PARALLEL,False,False,
VB-W30-E22-LOG-M150-G30,VB-W30-E22,0.3,WIDE,2.2,0.65,0.35,0.039991266720744274,Logarithmic,LOG-M150,1.5,0.3730887048727122,G30,0.5773502691896257,1.0,10.42477796076938,1.0,0.029709803510929233,0.0,0.0,3.0386849671123177,9.42477796076938,"[1.0, 0.0, 0.0]","[-0.30185161367540997, 1.1089848375151627e-16, 0.07909913603817995]","[0.0, -0.8013938276780455, -0.5981370519868595]","[-0.004550670611943114, 0.9952795978811831, 0.09694232016231095]",-0.8555957201505182,0.5176446306686819,2.5974969025864927,148.82560981650997,1.9264452860906889,AMBIENT_DIRECTED_NOT_PARALLEL,0.5440957510033008,31.17439018349006,AMBIENT_LINE_NOT_PARALLEL,False,False,
VB-W30-E22-LOG-M150-GHALF,VB-W30-E22,0.3,WIDE,2.2,0.65,0.35,0.039991266720744274,Logarithmic,LOG-M150,1.5,0.3730887048727122,GHALF,0.5463024898437905,1.0,10.42477796076938,1.0,0.029709803510929233,0.0,0.0,3.039622118871914,9.42477796076938,"[1.0, 0.0, 0.0]","[-0.301818072064077, 1.1088616076342912e-16, 0.0783813120884475]","[0.0, -0.796378076941391, -0.6047991059576163]","[-0.0044692690032587, 0.995362672487166, 0.09608941593007665]",-0.8507998038210728,0.5254899559630272,2.5883017659293106,148.2987672940074,1.9239541594440719,AMBIENT_DIRECTED_NOT_PARALLEL,0.5532908876604824,31.701232705992602,AMBIENT_LINE_NOT_PARALLEL,False,False,
VB-W30-E22-LOG-M200-G30,VB-W30-E22,0.3,WIDE,2.2,0.65,0.35,0.039991266720744274,Logarithmic,LOG-M200,2.0,0.4974516064969496,G30,0.5773502691896257,1.0,10.42477796076938,1.0,0.009201664039153823,0.0,0.0,3.1097174542045405,9.42477796076938,"[1.0, 0.0, 0.0]","[-0.30017778990471056, 1.1028353087457913e-16, 0.02453974752087198]","[0.0, -0.7088196082714812, -0.705389795028156]","[-0.0005887159307529627, 0.9991745374276199, 0.04061892625187237]",-0.7368866802773559,0.6760162871039558,2.39924965898153,137.4668794578437,1.8638061488670736,AMBIENT_DIRECTED_NOT_PARALLEL,0.7423429946082631,42.533120542156304,AMBIENT_LINE_NOT_PARALLEL,False,False,
VB-W30-E22-LOG-M200-GHALF,VB-W30-E22,0.3,WIDE,2.2,0.65,0.35,0.039991266720744274,Logarithmic,LOG-M200,2.0,0.4974516064969496,GHALF,0.5463024898437905,1.0,10.42477796076938,1.0,0.009201664039153823,0.0,0.0,3.110008025832131,9.42477796076938,"[1.0, 0.0, 0.0]","[-0.30017456351174704, 1.1028234551703446e-16, 0.02431611998834996]","[0.0, -0.7026721414453009, -0.7115137817615867]","[-0.0005780492488306187, 0.9991894678824945, 0.040250132071379265]",-0.7307411267930937,0.6826546752298414,2.390203301557766,136.94856135749518,1.8605059133435151,AMBIENT_DIRECTED_NOT_PARALLEL,0.7513893520320273,43.05143864250483,AMBIENT_LINE_NOT_PARALLEL,False,False,
VB-W30-E22-GOLDEN-MEAN-G30,VB-W30-E22,0.3,WIDE,2.2,0.65,0.35,0.039991266720744274,Golden Mean logarithmic,GOLDEN-MEAN,,0.30634896253003313,G30,0.5773502691896257,1.0,10.42477796076938,1.0,0.05572809000084122,0.0,0.0,2.94861146044251,9.42477796076938,"[1.0, 0.0, 0.0]","[-0.30649710343678244, 1.1260520900153724e-16, 0.1476749086844763]","[0.0, -0.8526188791212964, -0.5225332974710263]","[-0.01280249287409182, 0.989475496484983, 0.1441330566941713]",-0.9189598101199983,0.39435119802558827,2.736230927365441,156.77448391120706,1.95906090263677,AMBIENT_DIRECTED_NOT_PARALLEL,0.40536172622435224,23.225516088792926,AMBIENT_LINE_NOT_PARALLEL,False,False,
VB-W30-E22-GOLDEN-MEAN-GHALF,VB-W30-E22,0.3,WIDE,2.2,0.65,0.35,0.039991266720744274,Golden Mean logarithmic,GOLDEN-MEAN,,0.30634896253003313,GHALF,0.5463024898437905,1.0,10.42477796076938,1.0,0.05572809000084122,0.0,0.0,2.9503639487250326,9.42477796076938,"[1.0, 0.0, 0.0]","[-0.30637999527929305, 1.1256218416247022e-16, 0.14635031602899887]","[0.0, -0.8485372241273391, -0.5291356907923239]","[-0.012580348088141657, 0.9896481174088099, 0.1429627173467945]",-0.9153999426097624,0.40254558135699803,2.7272966615409957,156.26258818641838,1.9572429295362201,AMBIENT_DIRECTED_NOT_PARALLEL,0.41429599204879747,23.737411813581605,AMBIENT_LINE_NOT_PARALLEL,False,False,
